STARTFONT 2.1
COMMENT
COMMENT Converted from OpenType font "Inter-SemiBold.ttf" by "otf2bdf 3.0".
COMMENT
FONT -FreeType-Inter SemiBold-Medium-R-Normal--17-120-100-100-P-97-ISO10646-1
SIZE 12 100 100
FONTBOUNDINGBOX 41 23 -13 -5
STARTPROPERTIES 19
FOUNDRY "FreeType"
FAMILY_NAME "Inter SemiBold"
WEIGHT_NAME "Medium"
SLANT "R"
SETWIDTH_NAME "Normal"
ADD_STYLE_NAME ""
PIXEL_SIZE 17
POINT_SIZE 120
RESOLUTION_X 100
RESOLUTION_Y 100
SPACING "P"
AVERAGE_WIDTH 97
CHARSET_REGISTRY "ISO10646"
CHARSET_ENCODING "1"
FONT_ASCENT 16
FONT_DESCENT 4
COPYRIGHT "Copyright 2020 The Inter Project Authors (https://github.com/rsms/inter)"
_OTF_FONTFILE "Inter-SemiBold.ttf"
_OTF_PSNAME "Inter-SemiBold"
ENDPROPERTIES
CHARS 2498
STARTCHAR 0020
ENCODING 32
SWIDTH 240 0
DWIDTH 4 0
BBX 0 0 0 0
BITMAP
ENDCHAR
STARTCHAR 0021
ENCODING 33
SWIDTH 300 0
DWIDTH 5 0
BBX 3 12 1 0
BITMAP
E0
60
60
60
60
60
60
60
00
40
E0
E0
ENDCHAR
STARTCHAR 0022
ENCODING 34
SWIDTH 420 0
DWIDTH 7 0
BBX 5 4 1 8
BITMAP
D8
D8
D8
D8
ENDCHAR
STARTCHAR 0023
ENCODING 35
SWIDTH 660 0
DWIDTH 11 0
BBX 11 12 0 0
BITMAP
18C0
1880
1980
7FE0
7FC0
1180
3100
FFC0
FFC0
3300
2300
6300
ENDCHAR
STARTCHAR 0024
ENCODING 36
SWIDTH 660 0
DWIDTH 11 0
BBX 9 16 1 -2
BITMAP
0800
0800
7F00
FB80
C980
C800
F800
7E00
0F80
0980
C980
C980
FF80
3F00
0800
0800
ENDCHAR
STARTCHAR 0025
ENCODING 37
SWIDTH 840 0
DWIDTH 14 0
BBX 12 13 1 0
BITMAP
3020
7840
CCC0
CC80
4D00
7B00
0600
04C0
0DF0
1930
1130
3130
61E0
ENDCHAR
STARTCHAR 0026
ENCODING 38
SWIDTH 660 0
DWIDTH 11 0
BBX 10 13 1 0
BITMAP
0800
3C00
6600
6600
6600
7C00
3800
7880
CD80
C780
C380
FF80
7DC0
ENDCHAR
STARTCHAR 0027
ENCODING 39
SWIDTH 240 0
DWIDTH 4 0
BBX 2 4 1 8
BITMAP
C0
C0
C0
C0
ENDCHAR
STARTCHAR 0028
ENCODING 40
SWIDTH 420 0
DWIDTH 7 0
BBX 4 16 2 -3
BITMAP
30
60
60
E0
C0
C0
C0
C0
C0
C0
C0
C0
E0
60
60
30
ENDCHAR
STARTCHAR 0029
ENCODING 41
SWIDTH 420 0
DWIDTH 7 0
BBX 4 16 1 -3
BITMAP
C0
C0
60
60
70
30
30
30
30
30
30
70
60
60
C0
C0
ENDCHAR
STARTCHAR 002A
ENCODING 42
SWIDTH 540 0
DWIDTH 9 0
BBX 7 7 1 5
BITMAP
10
D6
7C
3C
D6
10
10
ENDCHAR
STARTCHAR 002B
ENCODING 43
SWIDTH 660 0
DWIDTH 11 0
BBX 8 8 2 1
BITMAP
18
18
18
FF
FF
18
18
18
ENDCHAR
STARTCHAR 002C
ENCODING 44
SWIDTH 300 0
DWIDTH 5 0
BBX 3 5 1 -3
BITMAP
60
60
40
C0
C0
ENDCHAR
STARTCHAR 002D
ENCODING 45
SWIDTH 480 0
DWIDTH 8 0
BBX 6 2 1 4
BITMAP
FC
FC
ENDCHAR
STARTCHAR 002E
ENCODING 46
SWIDTH 300 0
DWIDTH 5 0
BBX 3 3 1 0
BITMAP
40
E0
E0
ENDCHAR
STARTCHAR 002F
ENCODING 47
SWIDTH 360 0
DWIDTH 6 0
BBX 6 15 0 -2
BITMAP
0C
0C
0C
18
18
18
10
30
30
30
60
60
60
60
C0
ENDCHAR
STARTCHAR 0030
ENCODING 48
SWIDTH 660 0
DWIDTH 11 0
BBX 9 13 1 0
BITMAP
0800
3F00
7700
E180
C180
C180
C180
C180
C180
E180
6380
7F00
3E00
ENDCHAR
STARTCHAR 0031
ENCODING 49
SWIDTH 480 0
DWIDTH 8 0
BBX 5 12 1 0
BITMAP
38
F8
D8
98
18
18
18
18
18
18
18
18
ENDCHAR
STARTCHAR 0032
ENCODING 50
SWIDTH 660 0
DWIDTH 11 0
BBX 9 13 1 0
BITMAP
0800
7E00
E700
C300
0300
0300
0700
0E00
1C00
3800
7000
FF80
FF80
ENDCHAR
STARTCHAR 0033
ENCODING 51
SWIDTH 660 0
DWIDTH 11 0
BBX 9 13 1 0
BITMAP
0800
7F00
6300
E380
0380
0300
1E00
1F00
0180
0180
E380
7F00
3E00
ENDCHAR
STARTCHAR 0034
ENCODING 52
SWIDTH 660 0
DWIDTH 11 0
BBX 10 12 1 0
BITMAP
0700
0F00
1B00
1B00
3300
7300
6300
C300
FFC0
FFC0
0300
0300
ENDCHAR
STARTCHAR 0035
ENCODING 53
SWIDTH 660 0
DWIDTH 11 0
BBX 9 12 1 0
BITMAP
7F00
6000
6000
6000
7E00
FF00
0380
0180
0180
E380
7F00
3E00
ENDCHAR
STARTCHAR 0036
ENCODING 54
SWIDTH 660 0
DWIDTH 11 0
BBX 9 13 1 0
BITMAP
0C00
3F00
7300
6180
C000
DE00
FF00
E380
C180
C180
E380
7F00
3E00
ENDCHAR
STARTCHAR 0037
ENCODING 55
SWIDTH 600 0
DWIDTH 10 0
BBX 8 12 1 0
BITMAP
FF
FF
07
06
0E
0C
1C
18
38
30
70
60
ENDCHAR
STARTCHAR 0038
ENCODING 56
SWIDTH 660 0
DWIDTH 11 0
BBX 9 13 1 0
BITMAP
0800
7F00
6300
E380
E380
6300
3E00
7F00
C380
C180
C180
FF00
3E00
ENDCHAR
STARTCHAR 0039
ENCODING 57
SWIDTH 660 0
DWIDTH 11 0
BBX 9 13 1 0
BITMAP
1800
7E00
E700
C380
C180
C180
E380
7F80
3980
0180
E300
7F00
3E00
ENDCHAR
STARTCHAR 003A
ENCODING 58
SWIDTH 300 0
DWIDTH 5 0
BBX 3 10 1 0
BITMAP
40
E0
E0
00
00
00
00
40
E0
E0
ENDCHAR
STARTCHAR 003B
ENCODING 59
SWIDTH 300 0
DWIDTH 5 0
BBX 3 13 1 -3
BITMAP
40
E0
60
00
00
00
00
00
60
60
40
C0
C0
ENDCHAR
STARTCHAR 003C
ENCODING 60
SWIDTH 660 0
DWIDTH 11 0
BBX 8 10 2 0
BITMAP
01
07
1F
7C
E0
E0
78
1F
07
01
ENDCHAR
STARTCHAR 003D
ENCODING 61
SWIDTH 660 0
DWIDTH 11 0
BBX 8 6 2 2
BITMAP
FF
FF
00
00
FF
FF
ENDCHAR
STARTCHAR 003E
ENCODING 62
SWIDTH 660 0
DWIDTH 11 0
BBX 8 10 2 0
BITMAP
80
C0
F0
3C
0F
07
3E
F8
C0
80
ENDCHAR
STARTCHAR 003F
ENCODING 63
SWIDTH 540 0
DWIDTH 9 0
BBX 7 13 1 0
BITMAP
10
7E
EE
C6
06
0E
1C
38
30
00
10
38
30
ENDCHAR
STARTCHAR 0040
ENCODING 64
SWIDTH 1020 0
DWIDTH 17 0
BBX 15 15 1 -3
BITMAP
0FE0
1FF8
301C
610E
E7E6
CC66
CC66
C826
C866
CC66
CFFE
67BC
7000
3C20
1FF0
ENDCHAR
STARTCHAR 0041
ENCODING 65
SWIDTH 720 0
DWIDTH 12 0
BBX 12 12 0 0
BITMAP
0F00
0F00
0F80
1D80
1980
19C0
38C0
3FC0
3FE0
7060
6060
E070
ENDCHAR
STARTCHAR 0042
ENCODING 66
SWIDTH 660 0
DWIDTH 11 0
BBX 9 12 1 0
BITMAP
FF00
C780
C180
C180
C300
FE00
C780
C180
C180
C180
FF80
FF00
ENDCHAR
STARTCHAR 0043
ENCODING 67
SWIDTH 780 0
DWIDTH 13 0
BBX 11 13 1 0
BITMAP
0400
3F80
7BC0
60C0
E0E0
C000
C000
C000
C000
E0E0
70C0
3FC0
1F00
ENDCHAR
STARTCHAR 0044
ENCODING 68
SWIDTH 720 0
DWIDTH 12 0
BBX 10 12 1 0
BITMAP
FF00
FF80
C1C0
C0C0
C0C0
C0C0
C0C0
C0C0
C0C0
C180
FF80
FE00
ENDCHAR
STARTCHAR 0045
ENCODING 69
SWIDTH 600 0
DWIDTH 10 0
BBX 8 12 1 0
BITMAP
FF
FF
C0
C0
C0
FF
FF
C0
C0
C0
FF
FF
ENDCHAR
STARTCHAR 0046
ENCODING 70
SWIDTH 600 0
DWIDTH 10 0
BBX 8 12 1 0
BITMAP
FF
FF
C0
C0
C0
FF
FF
C0
C0
C0
C0
C0
ENDCHAR
STARTCHAR 0047
ENCODING 71
SWIDTH 780 0
DWIDTH 13 0
BBX 11 13 1 0
BITMAP
0400
3F80
7BC0
60C0
E0E0
C000
C000
C3E0
C060
E0E0
70C0
3FC0
1F00
ENDCHAR
STARTCHAR 0048
ENCODING 72
SWIDTH 780 0
DWIDTH 13 0
BBX 10 12 1 0
BITMAP
C0C0
C0C0
C0C0
C0C0
C0C0
FFC0
FFC0
C0C0
C0C0
C0C0
C0C0
C0C0
ENDCHAR
STARTCHAR 0049
ENCODING 73
SWIDTH 300 0
DWIDTH 5 0
BBX 2 12 1 0
BITMAP
C0
C0
C0
C0
C0
C0
C0
C0
C0
C0
C0
C0
ENDCHAR
STARTCHAR 004A
ENCODING 74
SWIDTH 600 0
DWIDTH 10 0
BBX 7 12 1 0
BITMAP
06
06
06
06
06
06
06
06
06
C6
FE
7C
ENDCHAR
STARTCHAR 004B
ENCODING 75
SWIDTH 720 0
DWIDTH 12 0
BBX 10 12 1 0
BITMAP
C1C0
C380
C700
CE00
DC00
FC00
FC00
EE00
C700
C300
C380
C1C0
ENDCHAR
STARTCHAR 004C
ENCODING 76
SWIDTH 600 0
DWIDTH 10 0
BBX 8 12 1 0
BITMAP
C0
C0
C0
C0
C0
C0
C0
C0
C0
C0
FF
FF
ENDCHAR
STARTCHAR 004D
ENCODING 77
SWIDTH 900 0
DWIDTH 15 0
BBX 13 12 1 0
BITMAP
E038
F038
F078
F878
D8F8
D8D8
CCD8
CD98
C798
C718
C718
C318
ENDCHAR
STARTCHAR 004E
ENCODING 78
SWIDTH 780 0
DWIDTH 13 0
BBX 10 12 1 0
BITMAP
E0C0
F0C0
F0C0
F8C0
DCC0
CCC0
C6C0
C7C0
C3C0
C1C0
C1C0
C0C0
ENDCHAR
STARTCHAR 004F
ENCODING 79
SWIDTH 780 0
DWIDTH 13 0
BBX 11 13 1 0
BITMAP
0400
3F80
7BC0
60E0
E060
C060
C060
C060
C060
E0E0
70C0
3FC0
1F00
ENDCHAR
STARTCHAR 0050
ENCODING 80
SWIDTH 660 0
DWIDTH 11 0
BBX 9 12 1 0
BITMAP
FF00
C780
C180
C180
C180
C380
FF00
FE00
C000
C000
C000
C000
ENDCHAR
STARTCHAR 0051
ENCODING 81
SWIDTH 780 0
DWIDTH 13 0
BBX 11 14 1 -1
BITMAP
0400
3F80
7BC0
60E0
E060
C060
C060
C060
C060
E6E0
73C0
3FC0
1FC0
00E0
ENDCHAR
STARTCHAR 0052
ENCODING 82
SWIDTH 660 0
DWIDTH 11 0
BBX 10 12 1 0
BITMAP
FF00
C780
C180
C180
C180
C380
FF00
C600
C700
C300
C380
C1C0
ENDCHAR
STARTCHAR 0053
ENCODING 83
SWIDTH 660 0
DWIDTH 11 0
BBX 9 13 1 0
BITMAP
0800
7F00
F380
C180
C000
F000
7E00
0F80
0180
C180
C180
FF80
3F00
ENDCHAR
STARTCHAR 0054
ENCODING 84
SWIDTH 660 0
DWIDTH 11 0
BBX 10 12 1 0
BITMAP
FFC0
FFC0
1C00
1C00
1C00
1C00
1C00
1C00
1C00
1C00
1C00
1C00
ENDCHAR
STARTCHAR 0055
ENCODING 85
SWIDTH 720 0
DWIDTH 12 0
BBX 10 12 1 0
BITMAP
C0C0
C0C0
C0C0
C0C0
C0C0
C0C0
C0C0
C0C0
E0C0
61C0
7F80
3F00
ENDCHAR
STARTCHAR 0056
ENCODING 86
SWIDTH 720 0
DWIDTH 12 0
BBX 12 12 0 0
BITMAP
E070
6060
70E0
30E0
30C0
39C0
1980
1980
0D80
0F00
0F00
0700
ENDCHAR
STARTCHAR 0057
ENCODING 87
SWIDTH 1020 0
DWIDTH 17 0
BBX 17 12 0 0
BITMAP
E1C380
61C300
61C300
736700
336600
336600
332600
1E3E00
1E3C00
1E3C00
1C1C00
0C1800
ENDCHAR
STARTCHAR 0058
ENCODING 88
SWIDTH 720 0
DWIDTH 12 0
BBX 11 12 0 0
BITMAP
70E0
30C0
3980
1B80
0F00
0F00
0F00
1F00
1980
39C0
70C0
E0E0
ENDCHAR
STARTCHAR 0059
ENCODING 89
SWIDTH 720 0
DWIDTH 12 0
BBX 12 12 0 0
BITMAP
E070
70E0
31C0
1980
1F80
0F00
0F00
0600
0600
0600
0600
0600
ENDCHAR
STARTCHAR 005A
ENCODING 90
SWIDTH 660 0
DWIDTH 11 0
BBX 9 12 1 0
BITMAP
FF80
FF80
0300
0600
0E00
0C00
1800
3800
7000
6000
FF80
FF80
ENDCHAR
STARTCHAR 005B
ENCODING 91
SWIDTH 420 0
DWIDTH 7 0
BBX 4 16 2 -3
BITMAP
F0
F0
C0
C0
C0
C0
C0
C0
C0
C0
C0
C0
C0
C0
F0
F0
ENDCHAR
STARTCHAR 005C
ENCODING 92
SWIDTH 360 0
DWIDTH 6 0
BBX 6 15 0 -2
BITMAP
C0
60
60
60
60
30
30
30
10
18
18
18
0C
0C
0C
ENDCHAR
STARTCHAR 005D
ENCODING 93
SWIDTH 420 0
DWIDTH 7 0
BBX 5 16 0 -3
BITMAP
F8
F8
18
18
18
18
18
18
18
18
18
18
18
18
F8
F8
ENDCHAR
STARTCHAR 005E
ENCODING 94
SWIDTH 480 0
DWIDTH 8 0
BBX 7 5 1 7
BITMAP
30
78
68
CC
CE
ENDCHAR
STARTCHAR 005F
ENCODING 95
SWIDTH 480 0
DWIDTH 8 0
BBX 8 2 0 -2
BITMAP
FF
FF
ENDCHAR
STARTCHAR 0060
ENCODING 96
SWIDTH 480 0
DWIDTH 8 0
BBX 3 2 2 11
BITMAP
E0
20
ENDCHAR
STARTCHAR 0061
ENCODING 97
SWIDTH 600 0
DWIDTH 10 0
BBX 8 9 1 0
BITMAP
7E
E6
07
0F
FF
C3
C7
EF
7B
ENDCHAR
STARTCHAR 0062
ENCODING 98
SWIDTH 660 0
DWIDTH 11 0
BBX 9 12 1 0
BITMAP
C000
C000
C000
DF00
F700
E380
C180
C180
C180
E380
FF00
DE00
ENDCHAR
STARTCHAR 0063
ENCODING 99
SWIDTH 600 0
DWIDTH 10 0
BBX 8 9 1 0
BITMAP
7E
E7
C3
C0
C0
C0
C3
7F
3E
ENDCHAR
STARTCHAR 0064
ENCODING 100
SWIDTH 660 0
DWIDTH 11 0
BBX 9 12 1 0
BITMAP
0380
0380
0380
7F80
F780
C380
C380
C380
C380
E380
7F80
7B80
ENDCHAR
STARTCHAR 0065
ENCODING 101
SWIDTH 600 0
DWIDTH 10 0
BBX 8 9 1 0
BITMAP
7E
E7
C3
FF
FF
C0
C3
7F
3E
ENDCHAR
STARTCHAR 0066
ENCODING 102
SWIDTH 360 0
DWIDTH 6 0
BBX 6 13 0 0
BITMAP
1C
3C
30
30
FC
30
30
30
30
30
30
30
30
ENDCHAR
STARTCHAR 0067
ENCODING 103
SWIDTH 660 0
DWIDTH 11 0
BBX 9 13 1 -4
BITMAP
7F80
F780
C380
C380
C380
C380
E380
7F80
3B80
0380
E300
7F00
1C00
ENDCHAR
STARTCHAR 0068
ENCODING 104
SWIDTH 600 0
DWIDTH 10 0
BBX 8 12 1 0
BITMAP
C0
C0
C0
DE
F7
E3
C3
C3
C3
C3
C3
C3
ENDCHAR
STARTCHAR 0069
ENCODING 105
SWIDTH 240 0
DWIDTH 4 0
BBX 2 13 1 0
BITMAP
C0
C0
00
00
C0
C0
C0
C0
C0
C0
C0
C0
C0
ENDCHAR
STARTCHAR 006A
ENCODING 106
SWIDTH 240 0
DWIDTH 4 0
BBX 3 16 0 -3
BITMAP
60
60
00
00
60
60
60
60
60
60
60
60
60
60
60
E0
ENDCHAR
STARTCHAR 006B
ENCODING 107
SWIDTH 600 0
DWIDTH 10 0
BBX 9 12 1 0
BITMAP
C000
C000
C000
C700
CE00
DC00
F800
F800
FC00
CE00
C600
C380
ENDCHAR
STARTCHAR 006C
ENCODING 108
SWIDTH 240 0
DWIDTH 4 0
BBX 2 12 1 0
BITMAP
C0
C0
C0
C0
C0
C0
C0
C0
C0
C0
C0
C0
ENDCHAR
STARTCHAR 006D
ENCODING 109
SWIDTH 900 0
DWIDTH 15 0
BBX 13 9 1 0
BITMAP
DEF0
FFB8
C718
C318
C318
C318
C318
C318
C318
ENDCHAR
STARTCHAR 006E
ENCODING 110
SWIDTH 600 0
DWIDTH 10 0
BBX 8 9 1 0
BITMAP
DE
F7
E3
C3
C3
C3
C3
C3
C3
ENDCHAR
STARTCHAR 006F
ENCODING 111
SWIDTH 600 0
DWIDTH 10 0
BBX 9 9 1 0
BITMAP
7E00
E700
C300
C380
C380
C380
C300
7F00
3E00
ENDCHAR
STARTCHAR 0070
ENCODING 112
SWIDTH 660 0
DWIDTH 11 0
BBX 9 12 1 -3
BITMAP
DE00
F700
E380
C180
C180
C180
E380
FF00
DE00
C000
C000
C000
ENDCHAR
STARTCHAR 0071
ENCODING 113
SWIDTH 660 0
DWIDTH 11 0
BBX 9 12 1 -3
BITMAP
7F80
F780
C380
C380
C380
C380
E380
7F80
7B80
0380
0380
0380
ENDCHAR
STARTCHAR 0072
ENCODING 114
SWIDTH 420 0
DWIDTH 7 0
BBX 5 9 1 0
BITMAP
D8
F8
E0
C0
C0
C0
C0
C0
C0
ENDCHAR
STARTCHAR 0073
ENCODING 115
SWIDTH 540 0
DWIDTH 9 0
BBX 8 9 1 0
BITMAP
7E
E6
C0
F0
7E
07
C7
EE
7C
ENDCHAR
STARTCHAR 0074
ENCODING 116
SWIDTH 360 0
DWIDTH 6 0
BBX 6 12 0 0
BITMAP
30
30
30
FC
30
30
30
30
30
30
3C
1C
ENDCHAR
STARTCHAR 0075
ENCODING 117
SWIDTH 600 0
DWIDTH 10 0
BBX 8 9 1 0
BITMAP
C3
C3
C3
C3
C3
C3
E3
7F
7B
ENDCHAR
STARTCHAR 0076
ENCODING 118
SWIDTH 600 0
DWIDTH 10 0
BBX 9 9 0 0
BITMAP
E180
6180
7300
3300
3300
3E00
1E00
1E00
0C00
ENDCHAR
STARTCHAR 0077
ENCODING 119
SWIDTH 840 0
DWIDTH 14 0
BBX 14 9 0 0
BITMAP
E31C
6398
6798
7798
36B0
34F0
3CF0
1C70
1860
ENDCHAR
STARTCHAR 0078
ENCODING 120
SWIDTH 600 0
DWIDTH 10 0
BBX 8 9 1 0
BITMAP
C7
66
6C
3C
38
3C
6E
E6
C7
ENDCHAR
STARTCHAR 0079
ENCODING 121
SWIDTH 600 0
DWIDTH 10 0
BBX 9 12 0 -3
BITMAP
E180
6180
7300
3300
3300
3600
1E00
1E00
0C00
0C00
1C00
7800
ENDCHAR
STARTCHAR 007A
ENCODING 122
SWIDTH 600 0
DWIDTH 10 0
BBX 8 9 1 0
BITMAP
FE
FE
0C
1C
38
30
60
FF
FF
ENDCHAR
STARTCHAR 007B
ENCODING 123
SWIDTH 420 0
DWIDTH 7 0
BBX 5 16 1 -3
BITMAP
18
38
30
60
60
60
60
E0
E0
60
60
60
60
30
38
08
ENDCHAR
STARTCHAR 007C
ENCODING 124
SWIDTH 360 0
DWIDTH 6 0
BBX 2 20 2 -4
BITMAP
C0
C0
C0
C0
C0
C0
C0
C0
C0
C0
C0
C0
C0
C0
C0
C0
C0
C0
C0
C0
ENDCHAR
STARTCHAR 007D
ENCODING 125
SWIDTH 420 0
DWIDTH 7 0
BBX 6 16 0 -3
BITMAP
C0
F0
30
30
30
30
38
1C
1C
38
30
30
30
30
F0
C0
ENDCHAR
STARTCHAR 007E
ENCODING 126
SWIDTH 660 0
DWIDTH 11 0
BBX 9 4 1 3
BITMAP
3000
7980
CF80
C700
ENDCHAR
STARTCHAR 00A0
ENCODING 160
SWIDTH 240 0
DWIDTH 4 0
BBX 0 0 0 0
BITMAP
ENDCHAR
STARTCHAR 00A1
ENCODING 161
SWIDTH 300 0
DWIDTH 5 0
BBX 3 12 1 -3
BITMAP
E0
E0
00
60
60
60
60
60
60
60
60
E0
ENDCHAR
STARTCHAR 00A2
ENCODING 162
SWIDTH 600 0
DWIDTH 10 0
BBX 8 13 1 -2
BITMAP
08
08
7E
EF
CB
C8
C8
C8
CB
7F
3E
08
08
ENDCHAR
STARTCHAR 00A3
ENCODING 163
SWIDTH 660 0
DWIDTH 11 0
BBX 9 13 1 0
BITMAP
0400
3F00
3380
7180
7000
7000
FC00
FC00
3000
3000
7000
FF80
FF80
ENDCHAR
STARTCHAR 00A4
ENCODING 164
SWIDTH 780 0
DWIDTH 13 0
BBX 11 10 1 0
BITMAP
DF60
71C0
60C0
4040
C040
C040
4040
60C0
73C0
DF60
ENDCHAR
STARTCHAR 00A5
ENCODING 165
SWIDTH 600 0
DWIDTH 10 0
BBX 9 12 0 0
BITMAP
E180
6300
3300
3700
1E00
1E00
7F00
0C00
7F00
0C00
0C00
0C00
ENDCHAR
STARTCHAR 00A6
ENCODING 166
SWIDTH 300 0
DWIDTH 5 0
BBX 2 14 2 -2
BITMAP
C0
C0
C0
C0
C0
00
00
00
00
C0
C0
C0
C0
C0
ENDCHAR
STARTCHAR 00A7
ENCODING 167
SWIDTH 600 0
DWIDTH 10 0
BBX 8 15 1 -2
BITMAP
10
7C
66
66
60
78
DE
C7
E3
7B
1C
06
C6
66
7E
ENDCHAR
STARTCHAR 00A8
ENCODING 168
SWIDTH 540 0
DWIDTH 9 0
BBX 6 2 2 11
BITMAP
C8
DC
ENDCHAR
STARTCHAR 00A9
ENCODING 169
SWIDTH 960 0
DWIDTH 16 0
BBX 13 13 1 0
BITMAP
0300
1FC0
38E0
7330
6F98
4CD8
D818
D818
6CD8
67B8
3070
3FE0
0FC0
ENDCHAR
STARTCHAR 00AA
ENCODING 170
SWIDTH 480 0
DWIDTH 8 0
BBX 6 6 1 6
BITMAP
78
C8
3C
6C
CC
7C
ENDCHAR
STARTCHAR 00AB
ENCODING 171
SWIDTH 600 0
DWIDTH 10 0
BBX 8 8 1 1
BITMAP
33
36
66
CC
CC
66
36
33
ENDCHAR
STARTCHAR 00AC
ENCODING 172
SWIDTH 600 0
DWIDTH 10 0
BBX 7 4 1 3
BITMAP
FE
FE
02
02
ENDCHAR
STARTCHAR 00AD
ENCODING 173
SWIDTH 480 0
DWIDTH 8 0
BBX 6 2 1 4
BITMAP
FC
FC
ENDCHAR
STARTCHAR 00AE
ENCODING 174
SWIDTH 660 0
DWIDTH 11 0
BBX 10 10 1 3
BITMAP
0800
3F00
4180
DC80
9680
9CC0
9480
C380
6300
3E00
ENDCHAR
STARTCHAR 00AF
ENCODING 175
SWIDTH 540 0
DWIDTH 9 0
BBX 5 1 2 11
BITMAP
F8
ENDCHAR
STARTCHAR 00B0
ENCODING 176
SWIDTH 480 0
DWIDTH 8 0
BBX 6 5 1 7
BITMAP
78
CC
CC
CC
78
ENDCHAR
STARTCHAR 00B1
ENCODING 177
SWIDTH 660 0
DWIDTH 11 0
BBX 8 8 2 1
BITMAP
18
18
FF
FF
18
18
00
FF
ENDCHAR
STARTCHAR 00B2
ENCODING 178
SWIDTH 420 0
DWIDTH 7 0
BBX 6 8 1 6
BITMAP
70
F8
88
18
38
60
FC
FC
ENDCHAR
STARTCHAR 00B3
ENCODING 179
SWIDTH 420 0
DWIDTH 7 0
BBX 6 8 1 6
BITMAP
70
F8
8C
38
38
0C
DC
78
ENDCHAR
STARTCHAR 00B4
ENCODING 180
SWIDTH 480 0
DWIDTH 8 0
BBX 3 2 4 11
BITMAP
E0
C0
ENDCHAR
STARTCHAR 00B5
ENCODING 181
SWIDTH 660 0
DWIDTH 11 0
BBX 9 12 1 -3
BITMAP
C180
C180
C180
C180
C180
C180
E380
FF80
DD80
C000
C000
C000
ENDCHAR
STARTCHAR 00B6
ENCODING 182
SWIDTH 600 0
DWIDTH 10 0
BBX 8 12 1 0
BITMAP
7F
FB
FB
FB
FB
FB
7B
03
03
03
03
03
ENDCHAR
STARTCHAR 00B7
ENCODING 183
SWIDTH 300 0
DWIDTH 5 0
BBX 3 3 1 4
BITMAP
40
E0
E0
ENDCHAR
STARTCHAR 00B8
ENCODING 184
SWIDTH 360 0
DWIDTH 6 0
BBX 3 4 2 -4
BITMAP
C0
60
60
C0
ENDCHAR
STARTCHAR 00B9
ENCODING 185
SWIDTH 300 0
DWIDTH 5 0
BBX 3 8 1 6
BITMAP
60
E0
A0
20
20
20
20
20
ENDCHAR
STARTCHAR 00BA
ENCODING 186
SWIDTH 480 0
DWIDTH 8 0
BBX 6 6 1 6
BITMAP
78
CC
CC
CC
CC
78
ENDCHAR
STARTCHAR 00BB
ENCODING 187
SWIDTH 600 0
DWIDTH 10 0
BBX 8 8 1 1
BITMAP
CC
6C
66
33
33
66
6C
CC
ENDCHAR
STARTCHAR 00BC
ENCODING 188
SWIDTH 900 0
DWIDTH 15 0
BBX 14 13 1 0
BITMAP
6000
E060
E0C0
6080
6100
6300
6218
0438
0C78
08D8
1098
30FC
6018
ENDCHAR
STARTCHAR 00BD
ENCODING 189
SWIDTH 960 0
DWIDTH 16 0
BBX 14 13 1 0
BITMAP
6000
E060
E0C0
6080
6100
6300
6230
047C
0C4C
080C
1018
3060
607C
ENDCHAR
STARTCHAR 00BE
ENCODING 190
SWIDTH 960 0
DWIDTH 16 0
BBX 15 13 1 0
BITMAP
6000
F830
1820
3060
18C0
9880
F10C
031C
023C
042C
0C6C
187E
300C
ENDCHAR
STARTCHAR 00BF
ENCODING 191
SWIDTH 540 0
DWIDTH 9 0
BBX 8 12 1 -3
BITMAP
18
18
00
18
18
38
70
E0
C0
C7
EE
7C
ENDCHAR
STARTCHAR 00C0
ENCODING 192
SWIDTH 720 0
DWIDTH 12 0
BBX 12 16 0 0
BITMAP
1C00
0400
0600
0000
0F00
0F00
0F80
1D80
1980
19C0
38C0
3FC0
3FE0
7060
6060
E070
ENDCHAR
STARTCHAR 00C1
ENCODING 193
SWIDTH 720 0
DWIDTH 12 0
BBX 12 16 0 0
BITMAP
0380
0300
0600
0000
0F00
0F00
0F80
1D80
1980
19C0
38C0
3FC0
3FE0
7060
6060
E070
ENDCHAR
STARTCHAR 00C2
ENCODING 194
SWIDTH 720 0
DWIDTH 12 0
BBX 12 16 0 0
BITMAP
0700
0F00
1980
0000
0F00
0F00
0F80
1D80
1980
19C0
38C0
3FC0
3FE0
7060
6060
E070
ENDCHAR
STARTCHAR 00C3
ENCODING 195
SWIDTH 720 0
DWIDTH 12 0
BBX 12 16 0 0
BITMAP
0C80
1F80
1100
0000
0F00
0F00
0F80
1D80
1980
19C0
38C0
3FC0
3FE0
7060
6060
E070
ENDCHAR
STARTCHAR 00C4
ENCODING 196
SWIDTH 720 0
DWIDTH 12 0
BBX 12 16 0 0
BITMAP
1980
1D80
0000
0000
0F00
0F00
0F80
1D80
1980
19C0
38C0
3FC0
3FE0
7060
6060
E070
ENDCHAR
STARTCHAR 00C5
ENCODING 197
SWIDTH 720 0
DWIDTH 12 0
BBX 12 17 0 0
BITMAP
0600
0900
0900
0600
0000
0F00
0F00
0F80
1D80
1980
19C0
38C0
3FC0
3FE0
7060
6060
E070
ENDCHAR
STARTCHAR 00C6
ENCODING 198
SWIDTH 1020 0
DWIDTH 17 0
BBX 16 12 0 0
BITMAP
03FF
07FF
06C0
0EC0
0CC0
1CFF
18FF
3FC0
3FC0
30C0
70FF
E0FF
ENDCHAR
STARTCHAR 00C7
ENCODING 199
SWIDTH 780 0
DWIDTH 13 0
BBX 11 17 1 -4
BITMAP
0400
3F80
7BC0
60C0
E0E0
C000
C000
C000
C000
E0E0
70C0
3FC0
1F00
0400
0200
0200
0C00
ENDCHAR
STARTCHAR 00C8
ENCODING 200
SWIDTH 600 0
DWIDTH 10 0
BBX 8 16 1 0
BITMAP
30
18
18
00
FF
FF
C0
C0
C0
FF
FF
C0
C0
C0
FF
FF
ENDCHAR
STARTCHAR 00C9
ENCODING 201
SWIDTH 600 0
DWIDTH 10 0
BBX 8 16 1 0
BITMAP
0E
0C
18
00
FF
FF
C0
C0
C0
FF
FF
C0
C0
C0
FF
FF
ENDCHAR
STARTCHAR 00CA
ENCODING 202
SWIDTH 600 0
DWIDTH 10 0
BBX 8 16 1 0
BITMAP
1C
34
66
00
FF
FF
C0
C0
C0
FF
FF
C0
C0
C0
FF
FF
ENDCHAR
STARTCHAR 00CB
ENCODING 203
SWIDTH 600 0
DWIDTH 10 0
BBX 8 16 1 0
BITMAP
26
76
00
00
FF
FF
C0
C0
C0
FF
FF
C0
C0
C0
FF
FF
ENDCHAR
STARTCHAR 00CC
ENCODING 204
SWIDTH 300 0
DWIDTH 5 0
BBX 3 16 0 0
BITMAP
C0
60
20
00
60
60
60
60
60
60
60
60
60
60
60
60
ENDCHAR
STARTCHAR 00CD
ENCODING 205
SWIDTH 300 0
DWIDTH 5 0
BBX 4 16 1 0
BITMAP
70
60
C0
00
C0
C0
C0
C0
C0
C0
C0
C0
C0
C0
C0
C0
ENDCHAR
STARTCHAR 00CE
ENCODING 206
SWIDTH 300 0
DWIDTH 5 0
BBX 6 16 -1 0
BITMAP
38
6C
CC
00
30
30
30
30
30
30
30
30
30
30
30
30
ENDCHAR
STARTCHAR 00CF
ENCODING 207
SWIDTH 300 0
DWIDTH 5 0
BBX 6 16 -1 0
BITMAP
4C
EC
00
00
30
30
30
30
30
30
30
30
30
30
30
30
ENDCHAR
STARTCHAR 00D0
ENCODING 208
SWIDTH 720 0
DWIDTH 12 0
BBX 12 12 -1 0
BITMAP
3FC0
3FE0
3070
3030
3030
FC30
3030
3030
3030
3060
3FE0
3F80
ENDCHAR
STARTCHAR 00D1
ENCODING 209
SWIDTH 780 0
DWIDTH 13 0
BBX 10 16 1 0
BITMAP
1900
3F00
3200
0000
E0C0
F0C0
F0C0
F8C0
DCC0
CCC0
C6C0
C7C0
C3C0
C1C0
C1C0
C0C0
ENDCHAR
STARTCHAR 00D2
ENCODING 210
SWIDTH 780 0
DWIDTH 13 0
BBX 11 16 1 0
BITMAP
1800
0C00
0400
0400
3F80
7BC0
60E0
E060
C060
C060
C060
C060
E0E0
70C0
3FC0
1F00
ENDCHAR
STARTCHAR 00D3
ENCODING 211
SWIDTH 780 0
DWIDTH 13 0
BBX 11 16 1 0
BITMAP
0300
0600
0400
0400
3F80
7BC0
60E0
E060
C060
C060
C060
C060
E0E0
70C0
3FC0
1F00
ENDCHAR
STARTCHAR 00D4
ENCODING 212
SWIDTH 780 0
DWIDTH 13 0
BBX 11 16 1 0
BITMAP
0E00
1B00
3180
0400
3F80
7BC0
60E0
E060
C060
C060
C060
C060
E0E0
70C0
3FC0
1F00
ENDCHAR
STARTCHAR 00D5
ENCODING 213
SWIDTH 780 0
DWIDTH 13 0
BBX 11 16 1 0
BITMAP
0980
1F00
3200
0400
3F80
7BC0
60E0
E060
C060
C060
C060
C060
E0E0
70C0
3FC0
1F00
ENDCHAR
STARTCHAR 00D6
ENCODING 214
SWIDTH 780 0
DWIDTH 13 0
BBX 11 16 1 0
BITMAP
1900
1B80
0000
0400
3F80
7BC0
60E0
E060
C060
C060
C060
C060
E0E0
70C0
3FC0
1F00
ENDCHAR
STARTCHAR 00D7
ENCODING 215
SWIDTH 660 0
DWIDTH 11 0
BBX 8 8 2 1
BITMAP
82
C7
6E
3C
38
7C
E7
C2
ENDCHAR
STARTCHAR 00D8
ENCODING 216
SWIDTH 780 0
DWIDTH 13 0
BBX 11 14 1 -1
BITMAP
0460
3FC0
7BC0
61E0
E360
C260
C660
CC60
C860
F8E0
70C0
3FC0
5F00
4000
ENDCHAR
STARTCHAR 00D9
ENCODING 217
SWIDTH 720 0
DWIDTH 12 0
BBX 10 16 1 0
BITMAP
1800
0C00
0C00
0000
C0C0
C0C0
C0C0
C0C0
C0C0
C0C0
C0C0
C0C0
E0C0
61C0
7F80
3F00
ENDCHAR
STARTCHAR 00DA
ENCODING 218
SWIDTH 720 0
DWIDTH 12 0
BBX 10 16 1 0
BITMAP
0700
0600
0C00
0000
C0C0
C0C0
C0C0
C0C0
C0C0
C0C0
C0C0
C0C0
E0C0
61C0
7F80
3F00
ENDCHAR
STARTCHAR 00DB
ENCODING 219
SWIDTH 720 0
DWIDTH 12 0
BBX 10 16 1 0
BITMAP
0E00
1A00
3300
0000
C0C0
C0C0
C0C0
C0C0
C0C0
C0C0
C0C0
C0C0
E0C0
61C0
7F80
3F00
ENDCHAR
STARTCHAR 00DC
ENCODING 220
SWIDTH 720 0
DWIDTH 12 0
BBX 10 16 1 0
BITMAP
1300
3B00
0000
0000
C0C0
C0C0
C0C0
C0C0
C0C0
C0C0
C0C0
C0C0
E0C0
61C0
7F80
3F00
ENDCHAR
STARTCHAR 00DD
ENCODING 221
SWIDTH 720 0
DWIDTH 12 0
BBX 12 16 0 0
BITMAP
0380
0200
0600
8010
6060
70E0
31C0
1980
1F80
0F00
0F00
0600
0600
0600
0600
0600
ENDCHAR
STARTCHAR 00DE
ENCODING 222
SWIDTH 660 0
DWIDTH 11 0
BBX 9 12 1 0
BITMAP
C000
C000
FE00
FF00
C380
C180
C180
C700
FF00
C000
C000
C000
ENDCHAR
STARTCHAR 00DF
ENCODING 223
SWIDTH 660 0
DWIDTH 11 0
BBX 9 13 1 0
BITMAP
0800
7E00
E700
E300
C300
C300
CE00
CF00
C180
C180
C180
CF80
CF00
ENDCHAR
STARTCHAR 00E0
ENCODING 224
SWIDTH 600 0
DWIDTH 10 0
BBX 8 13 1 0
BITMAP
70
10
18
00
7E
E6
07
0F
FF
C3
C7
EF
7B
ENDCHAR
STARTCHAR 00E1
ENCODING 225
SWIDTH 600 0
DWIDTH 10 0
BBX 8 13 1 0
BITMAP
0E
08
18
00
7E
E6
07
0F
FF
C3
C7
EF
7B
ENDCHAR
STARTCHAR 00E2
ENCODING 226
SWIDTH 600 0
DWIDTH 10 0
BBX 8 13 1 0
BITMAP
18
3C
66
00
7E
E6
07
0F
FF
C3
C7
EF
7B
ENDCHAR
STARTCHAR 00E3
ENCODING 227
SWIDTH 600 0
DWIDTH 10 0
BBX 8 13 1 0
BITMAP
32
7E
44
00
7E
E6
07
0F
FF
C3
C7
EF
7B
ENDCHAR
STARTCHAR 00E4
ENCODING 228
SWIDTH 600 0
DWIDTH 10 0
BBX 8 13 1 0
BITMAP
66
66
00
00
7E
E6
07
0F
FF
C3
C7
EF
7B
ENDCHAR
STARTCHAR 00E5
ENCODING 229
SWIDTH 600 0
DWIDTH 10 0
BBX 8 14 1 0
BITMAP
3C
24
24
18
00
7E
E6
07
0F
FF
C3
C7
EF
7B
ENDCHAR
STARTCHAR 00E6
ENCODING 230
SWIDTH 960 0
DWIDTH 16 0
BBX 14 9 1 0
BITMAP
7DF0
E798
070C
0FFC
FFFC
C200
C70C
EFF8
79F0
ENDCHAR
STARTCHAR 00E7
ENCODING 231
SWIDTH 600 0
DWIDTH 10 0
BBX 8 13 1 -4
BITMAP
7E
E7
C3
C0
C0
C0
C3
7F
3E
18
0C
0C
18
ENDCHAR
STARTCHAR 00E8
ENCODING 232
SWIDTH 600 0
DWIDTH 10 0
BBX 8 13 1 0
BITMAP
70
10
18
00
7E
E7
C3
FF
FF
C0
C3
7F
3E
ENDCHAR
STARTCHAR 00E9
ENCODING 233
SWIDTH 600 0
DWIDTH 10 0
BBX 8 13 1 0
BITMAP
0E
0C
18
00
7E
E7
C3
FF
FF
C0
C3
7F
3E
ENDCHAR
STARTCHAR 00EA
ENCODING 234
SWIDTH 600 0
DWIDTH 10 0
BBX 8 13 1 0
BITMAP
18
3C
66
00
7E
E7
C3
FF
FF
C0
C3
7F
3E
ENDCHAR
STARTCHAR 00EB
ENCODING 235
SWIDTH 600 0
DWIDTH 10 0
BBX 8 13 1 0
BITMAP
66
66
00
00
7E
E7
C3
FF
FF
C0
C3
7F
3E
ENDCHAR
STARTCHAR 00EC
ENCODING 236
SWIDTH 240 0
DWIDTH 4 0
BBX 3 13 0 0
BITMAP
C0
60
60
00
60
60
60
60
60
60
60
60
60
ENDCHAR
STARTCHAR 00ED
ENCODING 237
SWIDTH 240 0
DWIDTH 4 0
BBX 4 13 1 0
BITMAP
70
60
C0
00
C0
C0
C0
C0
C0
C0
C0
C0
C0
ENDCHAR
STARTCHAR 00EE
ENCODING 238
SWIDTH 240 0
DWIDTH 4 0
BBX 6 13 -1 0
BITMAP
38
68
CC
00
30
30
30
30
30
30
30
30
30
ENDCHAR
STARTCHAR 00EF
ENCODING 239
SWIDTH 240 0
DWIDTH 4 0
BBX 6 13 -1 0
BITMAP
4C
EC
00
00
30
30
30
30
30
30
30
30
30
ENDCHAR
STARTCHAR 00F0
ENCODING 240
SWIDTH 600 0
DWIDTH 10 0
BBX 8 13 1 0
BITMAP
22
7E
3C
6C
36
7F
E7
C3
C3
C3
C3
7E
7C
ENDCHAR
STARTCHAR 00F1
ENCODING 241
SWIDTH 600 0
DWIDTH 10 0
BBX 8 13 1 0
BITMAP
32
7E
44
00
DE
F7
E3
C3
C3
C3
C3
C3
C3
ENDCHAR
STARTCHAR 00F2
ENCODING 242
SWIDTH 600 0
DWIDTH 10 0
BBX 9 13 1 0
BITMAP
3000
1800
1800
0000
7E00
E700
C300
C380
C380
C380
C300
7F00
3E00
ENDCHAR
STARTCHAR 00F3
ENCODING 243
SWIDTH 600 0
DWIDTH 10 0
BBX 9 13 1 0
BITMAP
0E00
0C00
1800
0000
7E00
E700
C300
C380
C380
C380
C300
7F00
3E00
ENDCHAR
STARTCHAR 00F4
ENCODING 244
SWIDTH 600 0
DWIDTH 10 0
BBX 9 13 1 0
BITMAP
1C00
3400
6600
0000
7E00
E700
C300
C380
C380
C380
C300
7F00
3E00
ENDCHAR
STARTCHAR 00F5
ENCODING 245
SWIDTH 600 0
DWIDTH 10 0
BBX 9 13 1 0
BITMAP
3200
7E00
4400
0000
7E00
E700
C300
C380
C380
C380
C300
7F00
3E00
ENDCHAR
STARTCHAR 00F6
ENCODING 246
SWIDTH 600 0
DWIDTH 10 0
BBX 9 13 1 0
BITMAP
6600
7600
0000
0000
7E00
E700
C300
C380
C380
C380
C300
7F00
3E00
ENDCHAR
STARTCHAR 00F7
ENCODING 247
SWIDTH 660 0
DWIDTH 11 0
BBX 8 10 2 0
BITMAP
10
38
18
00
FF
FF
00
18
38
10
ENDCHAR
STARTCHAR 00F8
ENCODING 248
SWIDTH 600 0
DWIDTH 10 0
BBX 9 11 1 -1
BITMAP
0100
7F00
E700
C700
CF80
DB80
D380
F300
7F00
FE00
4000
ENDCHAR
STARTCHAR 00F9
ENCODING 249
SWIDTH 600 0
DWIDTH 10 0
BBX 8 13 1 0
BITMAP
30
18
18
00
C3
C3
C3
C3
C3
C3
E3
7F
7B
ENDCHAR
STARTCHAR 00FA
ENCODING 250
SWIDTH 600 0
DWIDTH 10 0
BBX 8 13 1 0
BITMAP
0E
0C
18
00
C3
C3
C3
C3
C3
C3
E3
7F
7B
ENDCHAR
STARTCHAR 00FB
ENCODING 251
SWIDTH 600 0
DWIDTH 10 0
BBX 8 13 1 0
BITMAP
1C
34
66
00
C3
C3
C3
C3
C3
C3
E3
7F
7B
ENDCHAR
STARTCHAR 00FC
ENCODING 252
SWIDTH 600 0
DWIDTH 10 0
BBX 8 13 1 0
BITMAP
66
76
00
00
C3
C3
C3
C3
C3
C3
E3
7F
7B
ENDCHAR
STARTCHAR 00FD
ENCODING 253
SWIDTH 600 0
DWIDTH 10 0
BBX 9 16 0 -3
BITMAP
0700
0400
0C00
8000
6180
6180
7300
3300
3300
3600
1E00
1E00
0C00
0C00
1C00
7800
ENDCHAR
STARTCHAR 00FE
ENCODING 254
SWIDTH 600 0
DWIDTH 10 0
BBX 9 15 1 -3
BITMAP
C000
C000
C000
DE00
F700
C300
C380
C180
C380
E300
FF00
DE00
C000
C000
C000
ENDCHAR
STARTCHAR 00FF
ENCODING 255
SWIDTH 600 0
DWIDTH 10 0
BBX 9 16 0 -3
BITMAP
3300
3300
0000
8000
6180
6180
7300
3300
3300
3600
1E00
1E00
0C00
0C00
1C00
7800
ENDCHAR
STARTCHAR 0100
ENCODING 256
SWIDTH 720 0
DWIDTH 12 0
BBX 12 15 0 0
BITMAP
1F80
0000
0000
0F00
0F00
0F80
1D80
1980
19C0
38C0
3FC0
3FE0
7060
6060
E070
ENDCHAR
STARTCHAR 0101
ENCODING 257
SWIDTH 600 0
DWIDTH 10 0
BBX 8 12 1 0
BITMAP
7E
00
00
7E
E6
07
0F
FF
C3
C7
EF
7B
ENDCHAR
STARTCHAR 0102
ENCODING 258
SWIDTH 720 0
DWIDTH 12 0
BBX 12 15 0 0
BITMAP
1980
0F00
0000
0F00
0F00
0F80
1D80
1980
19C0
38C0
3FC0
3FE0
7060
6060
E070
ENDCHAR
STARTCHAR 0103
ENCODING 259
SWIDTH 600 0
DWIDTH 10 0
BBX 8 12 1 0
BITMAP
66
3C
00
7E
E6
07
0F
FF
C3
C7
EF
7B
ENDCHAR
STARTCHAR 0104
ENCODING 260
SWIDTH 720 0
DWIDTH 12 0
BBX 12 16 0 -4
BITMAP
0F00
0F00
0F80
1D80
1980
19C0
38C0
3FC0
3FE0
7060
6060
E070
0060
0060
0070
0020
ENDCHAR
STARTCHAR 0105
ENCODING 261
SWIDTH 600 0
DWIDTH 10 0
BBX 8 13 1 -4
BITMAP
7E
E6
07
0F
FF
C3
C7
EF
7B
06
04
07
02
ENDCHAR
STARTCHAR 0106
ENCODING 262
SWIDTH 780 0
DWIDTH 13 0
BBX 11 16 1 0
BITMAP
0300
0600
0400
0400
3F80
7BC0
60C0
E0E0
C000
C000
C000
C000
E0E0
70C0
3FC0
1F00
ENDCHAR
STARTCHAR 0107
ENCODING 263
SWIDTH 600 0
DWIDTH 10 0
BBX 8 13 1 0
BITMAP
0E
0C
18
00
7E
E7
C3
C0
C0
C0
C3
7F
3E
ENDCHAR
STARTCHAR 0108
ENCODING 264
SWIDTH 780 0
DWIDTH 13 0
BBX 11 16 1 0
BITMAP
0E00
1B00
3180
0400
3F80
7BC0
60C0
E0E0
C000
C000
C000
C000
E0E0
70C0
3FC0
1F00
ENDCHAR
STARTCHAR 0109
ENCODING 265
SWIDTH 600 0
DWIDTH 10 0
BBX 8 13 1 0
BITMAP
1C
3C
66
00
7E
E7
C3
C0
C0
C0
C3
7F
3E
ENDCHAR
STARTCHAR 010A
ENCODING 266
SWIDTH 780 0
DWIDTH 13 0
BBX 11 16 1 0
BITMAP
0600
0E00
0000
0400
3F80
7BC0
60C0
E0E0
C000
C000
C000
C000
E0E0
70C0
3FC0
1F00
ENDCHAR
STARTCHAR 010B
ENCODING 267
SWIDTH 600 0
DWIDTH 10 0
BBX 8 13 1 0
BITMAP
18
18
00
00
7E
E7
C3
C0
C0
C0
C3
7F
3E
ENDCHAR
STARTCHAR 010C
ENCODING 268
SWIDTH 780 0
DWIDTH 13 0
BBX 11 16 1 0
BITMAP
3B80
0E00
0600
0400
3F80
7BC0
60C0
E0E0
C000
C000
C000
C000
E0E0
70C0
3FC0
1F00
ENDCHAR
STARTCHAR 010D
ENCODING 269
SWIDTH 600 0
DWIDTH 10 0
BBX 8 13 1 0
BITMAP
66
3C
18
00
7E
E7
C3
C0
C0
C0
C3
7F
3E
ENDCHAR
STARTCHAR 010E
ENCODING 270
SWIDTH 720 0
DWIDTH 12 0
BBX 10 16 1 0
BITMAP
6600
3C00
1800
0000
FF00
FF80
C1C0
C0C0
C0C0
C0C0
C0C0
C0C0
C0C0
C180
FF80
FE00
ENDCHAR
STARTCHAR 010F
ENCODING 271
SWIDTH 720 0
DWIDTH 12 0
BBX 11 13 1 0
BITMAP
0020
03A0
03A0
0380
7F80
F780
C380
C380
C380
C380
E380
7F80
7B80
ENDCHAR
STARTCHAR 0110
ENCODING 272
SWIDTH 720 0
DWIDTH 12 0
BBX 12 12 -1 0
BITMAP
3FC0
3FE0
3070
3030
3030
FC30
3030
3030
3030
3060
3FE0
3F80
ENDCHAR
STARTCHAR 0111
ENCODING 273
SWIDTH 660 0
DWIDTH 11 0
BBX 10 12 1 0
BITMAP
0380
0FC0
0380
7F80
F780
C380
C380
C380
C380
E380
7F80
7B80
ENDCHAR
STARTCHAR 0112
ENCODING 274
SWIDTH 600 0
DWIDTH 10 0
BBX 8 15 1 0
BITMAP
7E
00
00
FF
FF
C0
C0
C0
FF
FF
C0
C0
C0
FF
FF
ENDCHAR
STARTCHAR 0113
ENCODING 275
SWIDTH 600 0
DWIDTH 10 0
BBX 8 12 1 0
BITMAP
7E
00
00
7E
E7
C3
FF
FF
C0
C3
7F
3E
ENDCHAR
STARTCHAR 0114
ENCODING 276
SWIDTH 600 0
DWIDTH 10 0
BBX 8 15 1 0
BITMAP
76
1C
00
FF
FF
C0
C0
C0
FF
FF
C0
C0
C0
FF
FF
ENDCHAR
STARTCHAR 0115
ENCODING 277
SWIDTH 600 0
DWIDTH 10 0
BBX 8 12 1 0
BITMAP
66
3C
00
7E
E7
C3
FF
FF
C0
C3
7F
3E
ENDCHAR
STARTCHAR 0116
ENCODING 278
SWIDTH 600 0
DWIDTH 10 0
BBX 8 16 1 0
BITMAP
18
1C
00
00
FF
FF
C0
C0
C0
FF
FF
C0
C0
C0
FF
FF
ENDCHAR
STARTCHAR 0117
ENCODING 279
SWIDTH 600 0
DWIDTH 10 0
BBX 8 13 1 0
BITMAP
18
18
00
00
7E
E7
C3
FF
FF
C0
C3
7F
3E
ENDCHAR
STARTCHAR 0118
ENCODING 280
SWIDTH 600 0
DWIDTH 10 0
BBX 8 16 1 -4
BITMAP
FF
FF
C0
C0
C0
FF
FF
C0
C0
C0
FF
FF
03
06
07
01
ENDCHAR
STARTCHAR 0119
ENCODING 281
SWIDTH 600 0
DWIDTH 10 0
BBX 8 13 1 -4
BITMAP
7E
E7
C3
FF
FF
C0
C3
7F
3E
18
18
1C
08
ENDCHAR
STARTCHAR 011A
ENCODING 282
SWIDTH 600 0
DWIDTH 10 0
BBX 8 16 1 0
BITMAP
66
3C
18
00
FF
FF
C0
C0
C0
FF
FF
C0
C0
C0
FF
FF
ENDCHAR
STARTCHAR 011B
ENCODING 283
SWIDTH 600 0
DWIDTH 10 0
BBX 8 13 1 0
BITMAP
66
3C
18
00
7E
E7
C3
FF
FF
C0
C3
7F
3E
ENDCHAR
STARTCHAR 011C
ENCODING 284
SWIDTH 780 0
DWIDTH 13 0
BBX 11 16 1 0
BITMAP
0E00
1B00
3180
0400
3F80
7BC0
60C0
E0E0
C000
C000
C3E0
C060
E0E0
70C0
3FC0
1F00
ENDCHAR
STARTCHAR 011D
ENCODING 285
SWIDTH 660 0
DWIDTH 11 0
BBX 9 17 1 -4
BITMAP
1C00
3400
6600
0000
7F80
F780
C380
C380
C380
C380
E380
7F80
3B80
0380
E300
7F00
1C00
ENDCHAR
STARTCHAR 011E
ENCODING 286
SWIDTH 780 0
DWIDTH 13 0
BBX 11 15 1 0
BITMAP
1B00
0E00
0400
3F80
7BC0
60C0
E0E0
C000
C000
C3E0
C060
E0E0
70C0
3FC0
1F00
ENDCHAR
STARTCHAR 011F
ENCODING 287
SWIDTH 660 0
DWIDTH 11 0
BBX 9 16 1 -4
BITMAP
7600
1C00
0000
7F80
F780
C380
C380
C380
C380
E380
7F80
3B80
0380
E300
7F00
1C00
ENDCHAR
STARTCHAR 0120
ENCODING 288
SWIDTH 780 0
DWIDTH 13 0
BBX 11 16 1 0
BITMAP
0600
0E00
0000
0400
3F80
7BC0
60C0
E0E0
C000
C000
C3E0
C060
E0E0
70C0
3FC0
1F00
ENDCHAR
STARTCHAR 0121
ENCODING 289
SWIDTH 660 0
DWIDTH 11 0
BBX 9 17 1 -4
BITMAP
1800
1C00
0000
0000
7F80
F780
C380
C380
C380
C380
E380
7F80
3B80
0380
E300
7F00
1C00
ENDCHAR
STARTCHAR 0122
ENCODING 290
SWIDTH 780 0
DWIDTH 13 0
BBX 11 17 1 -4
BITMAP
0400
3F80
7BC0
60C0
E0E0
C000
C000
C3E0
C060
E0E0
70C0
3FC0
1F00
0000
0E00
0C00
0C00
ENDCHAR
STARTCHAR 0123
ENCODING 291
SWIDTH 660 0
DWIDTH 11 0
BBX 9 18 1 -4
BITMAP
0C00
1800
1800
1800
0000
7F80
F780
C380
C380
C380
C380
E380
7F80
3B80
0380
E300
7F00
1C00
ENDCHAR
STARTCHAR 0124
ENCODING 292
SWIDTH 780 0
DWIDTH 13 0
BBX 10 16 1 0
BITMAP
0E00
1B00
3300
0000
C0C0
C0C0
C0C0
C0C0
C0C0
FFC0
FFC0
C0C0
C0C0
C0C0
C0C0
C0C0
ENDCHAR
STARTCHAR 0125
ENCODING 293
SWIDTH 600 0
DWIDTH 10 0
BBX 10 16 -1 0
BITMAP
3800
6800
CC00
0000
3000
3000
3000
3780
3DC0
38C0
30C0
30C0
30C0
30C0
30C0
30C0
ENDCHAR
STARTCHAR 0126
ENCODING 294
SWIDTH 840 0
DWIDTH 14 0
BBX 12 12 1 0
BITMAP
6060
6060
FFF0
6060
6060
7FE0
7FE0
6060
6060
6060
6060
6060
ENDCHAR
STARTCHAR 0127
ENCODING 295
SWIDTH 600 0
DWIDTH 10 0
BBX 10 12 -1 0
BITMAP
3000
FC00
3000
3780
3DC0
38C0
30C0
30C0
30C0
30C0
30C0
30C0
ENDCHAR
STARTCHAR 0128
ENCODING 296
SWIDTH 480 0
DWIDTH 8 0
BBX 6 16 1 0
BITMAP
64
FC
90
00
30
30
30
30
30
30
30
30
30
30
30
30
ENDCHAR
STARTCHAR 0129
ENCODING 297
SWIDTH 300 0
DWIDTH 5 0
BBX 7 13 -1 0
BITMAP
66
7C
C8
00
38
38
38
38
38
38
38
38
38
ENDCHAR
STARTCHAR 012A
ENCODING 298
SWIDTH 300 0
DWIDTH 5 0
BBX 6 15 -1 0
BITMAP
FC
00
00
30
30
30
30
30
30
30
30
30
30
30
30
ENDCHAR
STARTCHAR 012B
ENCODING 299
SWIDTH 240 0
DWIDTH 4 0
BBX 6 12 -1 0
BITMAP
FC
00
00
30
30
30
30
30
30
30
30
30
ENDCHAR
STARTCHAR 012C
ENCODING 300
SWIDTH 300 0
DWIDTH 5 0
BBX 5 15 0 0
BITMAP
D8
70
00
60
60
60
60
60
60
60
60
60
60
60
60
ENDCHAR
STARTCHAR 012D
ENCODING 301
SWIDTH 240 0
DWIDTH 4 0
BBX 6 12 -1 0
BITMAP
EC
38
00
30
30
30
30
30
30
30
30
30
ENDCHAR
STARTCHAR 012E
ENCODING 302
SWIDTH 300 0
DWIDTH 5 0
BBX 4 16 0 -4
BITMAP
60
60
60
60
60
60
60
60
60
60
60
60
60
C0
70
20
ENDCHAR
STARTCHAR 012F
ENCODING 303
SWIDTH 240 0
DWIDTH 4 0
BBX 3 17 0 -4
BITMAP
60
60
00
00
60
60
60
60
60
60
60
60
60
C0
C0
E0
20
ENDCHAR
STARTCHAR 0130
ENCODING 304
SWIDTH 300 0
DWIDTH 5 0
BBX 3 16 1 0
BITMAP
C0
E0
00
00
C0
C0
C0
C0
C0
C0
C0
C0
C0
C0
C0
C0
ENDCHAR
STARTCHAR 0131
ENCODING 305
SWIDTH 240 0
DWIDTH 4 0
BBX 2 9 1 0
BITMAP
C0
C0
C0
C0
C0
C0
C0
C0
C0
ENDCHAR
STARTCHAR 0132
ENCODING 306
SWIDTH 840 0
DWIDTH 14 0
BBX 12 12 1 0
BITMAP
C030
C030
C030
C030
C030
C030
C030
C030
C030
CE30
C7E0
C3C0
ENDCHAR
STARTCHAR 0133
ENCODING 307
SWIDTH 540 0
DWIDTH 9 0
BBX 7 16 1 -3
BITMAP
C6
CE
00
00
C6
C6
C6
C6
C6
C6
C6
C6
C6
06
0E
1C
ENDCHAR
STARTCHAR 0134
ENCODING 308
SWIDTH 600 0
DWIDTH 10 0
BBX 9 16 1 0
BITMAP
0700
0D00
1980
0000
0600
0600
0600
0600
0600
0600
0600
0600
0600
C600
FE00
7C00
ENDCHAR
STARTCHAR 0135
ENCODING 309
SWIDTH 240 0
DWIDTH 4 0
BBX 6 16 -1 -3
BITMAP
38
68
CC
00
30
30
30
30
30
30
30
30
30
30
30
70
ENDCHAR
STARTCHAR 0136
ENCODING 310
SWIDTH 720 0
DWIDTH 12 0
BBX 10 16 1 -4
BITMAP
C1C0
C380
C700
CE00
DC00
FC00
FC00
EE00
C700
C300
C380
C1C0
0000
0C00
1800
1800
ENDCHAR
STARTCHAR 0137
ENCODING 311
SWIDTH 600 0
DWIDTH 10 0
BBX 9 16 1 -4
BITMAP
C000
C000
C000
C700
CE00
DC00
F800
F800
FC00
CE00
C600
C380
0000
1800
1000
3000
ENDCHAR
STARTCHAR 0138
ENCODING 312
SWIDTH 660 0
DWIDTH 11 0
BBX 9 9 1 0
BITMAP
E380
E700
EE00
FC00
F800
FC00
EE00
E700
E380
ENDCHAR
STARTCHAR 0139
ENCODING 313
SWIDTH 600 0
DWIDTH 10 0
BBX 8 16 1 0
BITMAP
70
60
C0
00
C0
C0
C0
C0
C0
C0
C0
C0
C0
C0
FF
FF
ENDCHAR
STARTCHAR 013A
ENCODING 314
SWIDTH 240 0
DWIDTH 4 0
BBX 4 16 1 0
BITMAP
70
60
C0
00
C0
C0
C0
C0
C0
C0
C0
C0
C0
C0
C0
C0
ENDCHAR
STARTCHAR 013B
ENCODING 315
SWIDTH 600 0
DWIDTH 10 0
BBX 8 16 1 -4
BITMAP
C0
C0
C0
C0
C0
C0
C0
C0
C0
C0
FF
FF
00
18
10
30
ENDCHAR
STARTCHAR 013C
ENCODING 316
SWIDTH 240 0
DWIDTH 4 0
BBX 3 16 0 -4
BITMAP
60
60
60
60
60
60
60
60
60
60
60
60
00
60
60
C0
ENDCHAR
STARTCHAR 013D
ENCODING 317
SWIDTH 600 0
DWIDTH 10 0
BBX 8 13 1 0
BITMAP
0C
CC
CC
C0
C0
C0
C0
C0
C0
C0
C0
FF
FF
ENDCHAR
STARTCHAR 013E
ENCODING 318
SWIDTH 360 0
DWIDTH 6 0
BBX 5 13 1 0
BITMAP
18
D8
D8
C0
C0
C0
C0
C0
C0
C0
C0
C0
C0
ENDCHAR
STARTCHAR 013F
ENCODING 319
SWIDTH 600 0
DWIDTH 10 0
BBX 8 12 1 0
BITMAP
C0
C0
C0
CC
CC
C0
C0
C0
C0
C0
FF
FF
ENDCHAR
STARTCHAR 0140
ENCODING 320
SWIDTH 360 0
DWIDTH 6 0
BBX 6 12 1 0
BITMAP
C0
C0
C0
C0
D8
DC
C0
C0
C0
C0
C0
C0
ENDCHAR
STARTCHAR 0141
ENCODING 321
SWIDTH 600 0
DWIDTH 10 0
BBX 9 12 0 0
BITMAP
3000
3000
3000
3000
3C00
7800
F000
3000
3000
3000
3F80
3F80
ENDCHAR
STARTCHAR 0142
ENCODING 322
SWIDTH 240 0
DWIDTH 4 0
BBX 5 12 0 0
BITMAP
60
60
60
60
78
F0
E0
60
60
60
60
60
ENDCHAR
STARTCHAR 0143
ENCODING 323
SWIDTH 780 0
DWIDTH 13 0
BBX 10 16 1 0
BITMAP
0700
0600
0C00
0000
E0C0
F0C0
F0C0
F8C0
DCC0
CCC0
C6C0
C7C0
C3C0
C1C0
C1C0
C0C0
ENDCHAR
STARTCHAR 0144
ENCODING 324
SWIDTH 600 0
DWIDTH 10 0
BBX 8 13 1 0
BITMAP
0E
0C
18
00
DE
F7
E3
C3
C3
C3
C3
C3
C3
ENDCHAR
STARTCHAR 0145
ENCODING 325
SWIDTH 780 0
DWIDTH 13 0
BBX 10 16 1 -4
BITMAP
E0C0
F0C0
F0C0
F8C0
DCC0
CCC0
C6C0
C7C0
C3C0
C1C0
C1C0
C0C0
0000
0C00
0C00
0800
ENDCHAR
STARTCHAR 0146
ENCODING 326
SWIDTH 600 0
DWIDTH 10 0
BBX 8 13 1 -4
BITMAP
DE
F7
E3
C3
C3
C3
C3
C3
C3
00
18
18
30
ENDCHAR
STARTCHAR 0147
ENCODING 327
SWIDTH 780 0
DWIDTH 13 0
BBX 10 16 1 0
BITMAP
3B00
1E00
0C00
0000
E0C0
F0C0
F0C0
F8C0
DCC0
CCC0
C6C0
C7C0
C3C0
C1C0
C1C0
C0C0
ENDCHAR
STARTCHAR 0148
ENCODING 328
SWIDTH 600 0
DWIDTH 10 0
BBX 8 13 1 0
BITMAP
66
3C
18
00
DE
F7
E3
C3
C3
C3
C3
C3
C3
ENDCHAR
STARTCHAR 014A
ENCODING 330
SWIDTH 780 0
DWIDTH 13 0
BBX 10 16 1 -4
BITMAP
E0C0
F0C0
F0C0
F8C0
DCC0
CCC0
C6C0
C7C0
C3C0
C1C0
C1C0
C0C0
00C0
00C0
03C0
0300
ENDCHAR
STARTCHAR 014B
ENCODING 331
SWIDTH 600 0
DWIDTH 10 0
BBX 8 13 1 -4
BITMAP
DE
F7
E3
C3
C3
C3
C3
C3
C3
03
03
0F
0C
ENDCHAR
STARTCHAR 014C
ENCODING 332
SWIDTH 780 0
DWIDTH 13 0
BBX 11 15 1 0
BITMAP
1F00
0000
0400
3F80
7BC0
60E0
E060
C060
C060
C060
C060
E0E0
70C0
3FC0
1F00
ENDCHAR
STARTCHAR 014D
ENCODING 333
SWIDTH 600 0
DWIDTH 10 0
BBX 9 12 1 0
BITMAP
7E00
0000
0000
7E00
E700
C300
C380
C380
C380
C300
7F00
3E00
ENDCHAR
STARTCHAR 014E
ENCODING 334
SWIDTH 780 0
DWIDTH 13 0
BBX 11 15 1 0
BITMAP
1B00
0E00
0400
3F80
7BC0
60E0
E060
C060
C060
C060
C060
E0E0
70C0
3FC0
1F00
ENDCHAR
STARTCHAR 014F
ENCODING 335
SWIDTH 600 0
DWIDTH 10 0
BBX 9 12 1 0
BITMAP
6600
3C00
0000
7E00
E700
C300
C380
C380
C380
C300
7F00
3E00
ENDCHAR
STARTCHAR 0150
ENCODING 336
SWIDTH 780 0
DWIDTH 13 0
BBX 11 16 1 0
BITMAP
0EC0
0D80
1B00
0400
3F80
7BC0
60E0
E060
C060
C060
C060
C060
E0E0
70C0
3FC0
1F00
ENDCHAR
STARTCHAR 0151
ENCODING 337
SWIDTH 600 0
DWIDTH 10 0
BBX 9 13 1 0
BITMAP
1B00
3200
2400
0000
7E00
E700
C300
C380
C380
C380
C300
7F00
3E00
ENDCHAR
STARTCHAR 0152
ENCODING 338
SWIDTH 1020 0
DWIDTH 17 0
BBX 15 12 1 0
BITMAP
3FFE
7FFE
6180
E180
C180
C1FC
C1FC
C180
E180
7180
3FFE
1FFE
ENDCHAR
STARTCHAR 0153
ENCODING 339
SWIDTH 1020 0
DWIDTH 17 0
BBX 15 9 1 0
BITMAP
7EFC
E7CC
C386
C3FE
C3FE
C380
C386
7FFE
3EFC
ENDCHAR
STARTCHAR 0154
ENCODING 340
SWIDTH 660 0
DWIDTH 11 0
BBX 10 16 1 0
BITMAP
0600
0C00
0800
0000
FF00
C780
C180
C180
C180
C380
FF00
C600
C700
C300
C380
C1C0
ENDCHAR
STARTCHAR 0155
ENCODING 341
SWIDTH 420 0
DWIDTH 7 0
BBX 5 13 1 0
BITMAP
18
30
30
00
D8
F8
E0
C0
C0
C0
C0
C0
C0
ENDCHAR
STARTCHAR 0156
ENCODING 342
SWIDTH 660 0
DWIDTH 11 0
BBX 10 16 1 -4
BITMAP
FF00
C780
C180
C180
C180
C380
FF00
C600
C700
C300
C380
C1C0
0000
0C00
1800
1800
ENDCHAR
STARTCHAR 0157
ENCODING 343
SWIDTH 420 0
DWIDTH 7 0
BBX 6 13 0 -4
BITMAP
6C
7C
70
60
60
60
60
60
60
00
60
60
C0
ENDCHAR
STARTCHAR 0158
ENCODING 344
SWIDTH 660 0
DWIDTH 11 0
BBX 10 16 1 0
BITMAP
7700
1C00
0800
0000
FF00
C780
C180
C180
C180
C380
FF00
C600
C700
C300
C380
C1C0
ENDCHAR
STARTCHAR 0159
ENCODING 345
SWIDTH 420 0
DWIDTH 7 0
BBX 6 13 1 0
BITMAP
DC
78
30
00
D8
F8
E0
C0
C0
C0
C0
C0
C0
ENDCHAR
STARTCHAR 015A
ENCODING 346
SWIDTH 660 0
DWIDTH 11 0
BBX 9 16 1 0
BITMAP
0600
0C00
0800
0800
7F00
F380
C180
C000
F000
7E00
0F80
0180
C180
C180
FF80
3F00
ENDCHAR
STARTCHAR 015B
ENCODING 347
SWIDTH 540 0
DWIDTH 9 0
BBX 8 13 1 0
BITMAP
0C
18
18
00
7E
E6
C0
F0
7E
07
C7
EE
7C
ENDCHAR
STARTCHAR 015C
ENCODING 348
SWIDTH 660 0
DWIDTH 11 0
BBX 9 16 1 0
BITMAP
1C00
3600
6300
0800
7F00
F380
C180
C000
F000
7E00
0F80
0180
C180
C180
FF80
3F00
ENDCHAR
STARTCHAR 015D
ENCODING 349
SWIDTH 540 0
DWIDTH 9 0
BBX 8 13 1 0
BITMAP
38
2C
66
00
7E
E6
C0
F0
7E
07
C7
EE
7C
ENDCHAR
STARTCHAR 015E
ENCODING 350
SWIDTH 660 0
DWIDTH 11 0
BBX 9 17 1 -4
BITMAP
0800
7F00
F380
C180
C000
F000
7E00
0F80
0180
C180
C180
FF80
3F00
0800
0400
0400
1800
ENDCHAR
STARTCHAR 015F
ENCODING 351
SWIDTH 540 0
DWIDTH 9 0
BBX 8 13 1 -4
BITMAP
7E
E6
C0
F0
7E
07
C7
EE
7C
10
0C
08
10
ENDCHAR
STARTCHAR 0160
ENCODING 352
SWIDTH 660 0
DWIDTH 11 0
BBX 9 16 1 0
BITMAP
7700
1C00
0800
0800
7F00
F380
C180
C000
F000
7E00
0F80
0180
C180
C180
FF80
3F00
ENDCHAR
STARTCHAR 0161
ENCODING 353
SWIDTH 540 0
DWIDTH 9 0
BBX 8 13 1 0
BITMAP
66
3C
18
00
7E
E6
C0
F0
7E
07
C7
EE
7C
ENDCHAR
STARTCHAR 0162
ENCODING 354
SWIDTH 660 0
DWIDTH 11 0
BBX 10 16 1 -4
BITMAP
FFC0
FFC0
1C00
1C00
1C00
1C00
1C00
1C00
1C00
1C00
1C00
1C00
0800
0600
0400
0800
ENDCHAR
STARTCHAR 0163
ENCODING 355
SWIDTH 360 0
DWIDTH 6 0
BBX 6 16 0 -4
BITMAP
30
30
30
FC
30
30
30
30
30
30
3C
1C
08
04
0C
18
ENDCHAR
STARTCHAR 0164
ENCODING 356
SWIDTH 660 0
DWIDTH 11 0
BBX 10 16 1 0
BITMAP
7700
1C00
0C00
0000
FFC0
FFC0
1C00
1C00
1C00
1C00
1C00
1C00
1C00
1C00
1C00
1C00
ENDCHAR
STARTCHAR 0165
ENCODING 357
SWIDTH 360 0
DWIDTH 6 0
BBX 7 14 0 0
BITMAP
06
06
34
30
30
FC
30
30
30
30
30
30
3C
1C
ENDCHAR
STARTCHAR 0166
ENCODING 358
SWIDTH 660 0
DWIDTH 11 0
BBX 10 12 1 0
BITMAP
FFC0
FFC0
1C00
1C00
1C00
3E00
1C00
1C00
1C00
1C00
1C00
1C00
ENDCHAR
STARTCHAR 0167
ENCODING 359
SWIDTH 360 0
DWIDTH 6 0
BBX 6 12 0 0
BITMAP
30
30
30
FC
30
30
FC
30
30
30
3C
1C
ENDCHAR
STARTCHAR 0168
ENCODING 360
SWIDTH 720 0
DWIDTH 12 0
BBX 10 16 1 0
BITMAP
1900
3F00
2200
0000
C0C0
C0C0
C0C0
C0C0
C0C0
C0C0
C0C0
C0C0
E0C0
61C0
7F80
3F00
ENDCHAR
STARTCHAR 0169
ENCODING 361
SWIDTH 600 0
DWIDTH 10 0
BBX 8 13 1 0
BITMAP
32
7E
44
00
C3
C3
C3
C3
C3
C3
E3
7F
7B
ENDCHAR
STARTCHAR 016A
ENCODING 362
SWIDTH 720 0
DWIDTH 12 0
BBX 10 15 1 0
BITMAP
3F00
0000
0000
C0C0
C0C0
C0C0
C0C0
C0C0
C0C0
C0C0
C0C0
E0C0
61C0
7F80
3F00
ENDCHAR
STARTCHAR 016B
ENCODING 363
SWIDTH 600 0
DWIDTH 10 0
BBX 8 12 1 0
BITMAP
7E
00
00
C3
C3
C3
C3
C3
C3
E3
7F
7B
ENDCHAR
STARTCHAR 016C
ENCODING 364
SWIDTH 720 0
DWIDTH 12 0
BBX 10 15 1 0
BITMAP
3B00
0E00
0000
C0C0
C0C0
C0C0
C0C0
C0C0
C0C0
C0C0
C0C0
E0C0
61C0
7F80
3F00
ENDCHAR
STARTCHAR 016D
ENCODING 365
SWIDTH 600 0
DWIDTH 10 0
BBX 8 12 1 0
BITMAP
66
3C
00
C3
C3
C3
C3
C3
C3
E3
7F
7B
ENDCHAR
STARTCHAR 016E
ENCODING 366
SWIDTH 720 0
DWIDTH 12 0
BBX 10 17 1 0
BITMAP
0C00
1A00
1200
0C00
0000
C0C0
C0C0
C0C0
C0C0
C0C0
C0C0
C0C0
C0C0
E0C0
61C0
7F80
3F00
ENDCHAR
STARTCHAR 016F
ENCODING 367
SWIDTH 600 0
DWIDTH 10 0
BBX 8 14 1 0
BITMAP
3C
24
34
18
00
C3
C3
C3
C3
C3
C3
E3
7F
7B
ENDCHAR
STARTCHAR 0170
ENCODING 368
SWIDTH 720 0
DWIDTH 12 0
BBX 10 16 1 0
BITMAP
0DC0
0900
1B00
0000
C0C0
C0C0
C0C0
C0C0
C0C0
C0C0
C0C0
C0C0
E0C0
61C0
7F80
3F00
ENDCHAR
STARTCHAR 0171
ENCODING 369
SWIDTH 600 0
DWIDTH 10 0
BBX 8 13 1 0
BITMAP
1B
32
24
00
C3
C3
C3
C3
C3
C3
E3
7F
7B
ENDCHAR
STARTCHAR 0172
ENCODING 370
SWIDTH 720 0
DWIDTH 12 0
BBX 10 16 1 -4
BITMAP
C0C0
C0C0
C0C0
C0C0
C0C0
C0C0
C0C0
C0C0
E0C0
61C0
7F80
3F00
0C00
0800
0E00
0400
ENDCHAR
STARTCHAR 0173
ENCODING 371
SWIDTH 600 0
DWIDTH 10 0
BBX 8 13 1 -4
BITMAP
C3
C3
C3
C3
C3
C3
E3
7F
7B
06
06
07
01
ENDCHAR
STARTCHAR 0174
ENCODING 372
SWIDTH 1020 0
DWIDTH 17 0
BBX 17 16 0 0
BITMAP
01C000
036000
063000
800000
61C380
61C300
61C300
736700
336600
336600
332600
1E3E00
1E3C00
1E3C00
1C1C00
0C1800
ENDCHAR
STARTCHAR 0175
ENCODING 373
SWIDTH 840 0
DWIDTH 14 0
BBX 14 13 0 0
BITMAP
0300
0780
0CC0
8000
631C
6398
6798
7798
36B0
34F0
3CF0
1C70
1860
ENDCHAR
STARTCHAR 0176
ENCODING 374
SWIDTH 720 0
DWIDTH 12 0
BBX 12 16 0 0
BITMAP
0600
0F00
1980
8010
6060
70E0
31C0
1980
1F80
0F00
0F00
0600
0600
0600
0600
0600
ENDCHAR
STARTCHAR 0177
ENCODING 375
SWIDTH 600 0
DWIDTH 10 0
BBX 9 16 0 -3
BITMAP
0C00
1E00
3300
8000
6180
6180
7300
3300
3300
3600
1E00
1E00
0C00
0C00
1C00
7800
ENDCHAR
STARTCHAR 0178
ENCODING 376
SWIDTH 720 0
DWIDTH 12 0
BBX 12 16 0 0
BITMAP
1980
1980
0000
8010
6060
70E0
31C0
1980
1F80
0F00
0F00
0600
0600
0600
0600
0600
ENDCHAR
STARTCHAR 0179
ENCODING 377
SWIDTH 660 0
DWIDTH 11 0
BBX 9 16 1 0
BITMAP
0600
0C00
0800
0000
FF80
FF80
0300
0600
0E00
0C00
1800
3800
7000
6000
FF80
FF80
ENDCHAR
STARTCHAR 017A
ENCODING 378
SWIDTH 600 0
DWIDTH 10 0
BBX 8 13 1 0
BITMAP
0C
18
18
00
FE
FE
0C
1C
38
30
60
FF
FF
ENDCHAR
STARTCHAR 017B
ENCODING 379
SWIDTH 660 0
DWIDTH 11 0
BBX 9 16 1 0
BITMAP
0C00
1C00
0000
0000
FF80
FF80
0300
0600
0E00
0C00
1800
3800
7000
6000
FF80
FF80
ENDCHAR
STARTCHAR 017C
ENCODING 380
SWIDTH 600 0
DWIDTH 10 0
BBX 8 13 1 0
BITMAP
18
38
00
00
FE
FE
0C
1C
38
30
60
FF
FF
ENDCHAR
STARTCHAR 017D
ENCODING 381
SWIDTH 660 0
DWIDTH 11 0
BBX 9 16 1 0
BITMAP
7700
1C00
0C00
0000
FF80
FF80
0300
0600
0E00
0C00
1800
3800
7000
6000
FF80
FF80
ENDCHAR
STARTCHAR 017E
ENCODING 382
SWIDTH 600 0
DWIDTH 10 0
BBX 8 13 1 0
BITMAP
66
3C
18
00
FE
FE
0C
1C
38
30
60
FF
FF
ENDCHAR
STARTCHAR 017F
ENCODING 383
SWIDTH 300 0
DWIDTH 5 0
BBX 5 13 0 0
BITMAP
78
F8
E0
C0
C0
C0
C0
C0
C0
C0
C0
C0
C0
ENDCHAR
STARTCHAR 0180
ENCODING 384
SWIDTH 660 0
DWIDTH 11 0
BBX 11 12 -1 0
BITMAP
3000
FC00
3000
37C0
3DC0
38E0
3060
3060
3060
38E0
3FC0
3780
ENDCHAR
STARTCHAR 0181
ENCODING 385
SWIDTH 840 0
DWIDTH 14 0
BBX 13 12 1 0
BITMAP
FFE0
FCF0
DC30
DC30
1C70
1FC0
1CF0
1C30
1C38
1C38
1FF0
1FE0
ENDCHAR
STARTCHAR 0182
ENCODING 386
SWIDTH 660 0
DWIDTH 11 0
BBX 9 12 1 0
BITMAP
FF00
FF00
C000
C000
FC00
FF00
C380
C180
C180
C180
FF80
FE00
ENDCHAR
STARTCHAR 0183
ENCODING 387
SWIDTH 660 0
DWIDTH 11 0
BBX 9 12 1 0
BITMAP
FF00
C000
C000
DF00
F700
E380
C180
C180
C180
E380
FF00
DE00
ENDCHAR
STARTCHAR 0184
ENCODING 388
SWIDTH 780 0
DWIDTH 13 0
BBX 12 12 0 0
BITMAP
F800
F800
1800
1800
1F80
1FE0
1870
1830
1830
1830
1FF0
1FC0
ENDCHAR
STARTCHAR 0185
ENCODING 389
SWIDTH 660 0
DWIDTH 11 0
BBX 10 13 1 0
BITMAP
4000
E000
E000
E000
6F00
7B80
7180
60C0
60C0
61C0
7180
7F80
6F00
ENDCHAR
STARTCHAR 0186
ENCODING 390
SWIDTH 780 0
DWIDTH 13 0
BBX 11 13 1 0
BITMAP
0C00
3F00
7F80
E1C0
C0C0
00E0
00E0
00E0
00E0
C0C0
E1C0
7F80
3F00
ENDCHAR
STARTCHAR 0187
ENCODING 391
SWIDTH 840 0
DWIDTH 14 0
BBX 13 13 1 0
BITMAP
0418
3FF8
7BE0
60E0
E0E0
C000
C000
C000
C000
E0E0
70C0
3FC0
1F00
ENDCHAR
STARTCHAR 0188
ENCODING 392
SWIDTH 660 0
DWIDTH 11 0
BBX 10 10 1 0
BITMAP
01C0
7F80
E700
C300
C000
C000
C000
C300
7F00
3E00
ENDCHAR
STARTCHAR 0189
ENCODING 393
SWIDTH 720 0
DWIDTH 12 0
BBX 12 12 -1 0
BITMAP
3FC0
3FE0
3070
3030
3030
FC30
3030
3030
3030
3060
3FE0
3F80
ENDCHAR
STARTCHAR 018A
ENCODING 394
SWIDTH 960 0
DWIDTH 16 0
BBX 14 12 1 0
BITMAP
FFE0
FFF0
DC38
DC18
1C1C
1C1C
1C1C
1C1C
1C18
1C38
1FF0
1FC0
ENDCHAR
STARTCHAR 018B
ENCODING 395
SWIDTH 660 0
DWIDTH 11 0
BBX 9 12 1 0
BITMAP
7F80
7F80
0180
0180
1F80
7F80
E180
C180
C180
E180
7F80
3F80
ENDCHAR
STARTCHAR 018C
ENCODING 396
SWIDTH 660 0
DWIDTH 11 0
BBX 9 12 1 0
BITMAP
7F80
0380
0380
7F80
F780
C380
C380
C380
C380
E380
7F80
7B80
ENDCHAR
STARTCHAR 018D
ENCODING 397
SWIDTH 600 0
DWIDTH 10 0
BBX 9 12 1 -3
BITMAP
3E00
7F00
E300
C300
C380
C300
6300
7E00
3800
1C00
7E00
7E00
ENDCHAR
STARTCHAR 018E
ENCODING 398
SWIDTH 600 0
DWIDTH 10 0
BBX 8 12 1 0
BITMAP
FF
FF
03
03
03
FF
FF
03
03
03
FF
FF
ENDCHAR
STARTCHAR 018F
ENCODING 399
SWIDTH 780 0
DWIDTH 13 0
BBX 11 12 1 0
BITMAP
7F00
7F80
01C0
00C0
00E0
FFE0
FFE0
C0E0
E0C0
61C0
7F80
1F00
ENDCHAR
STARTCHAR 0190
ENCODING 400
SWIDTH 660 0
DWIDTH 11 0
BBX 9 12 1 0
BITMAP
3F00
7F80
E180
E000
E000
7C00
7C00
E000
C000
E180
FF80
3E00
ENDCHAR
STARTCHAR 0191
ENCODING 401
SWIDTH 600 0
DWIDTH 10 0
BBX 9 15 0 -3
BITMAP
7F80
7F80
7000
7000
7000
7F80
7F80
7000
7000
7000
7000
7000
7000
7000
E000
ENDCHAR
STARTCHAR 0192
ENCODING 402
SWIDTH 480 0
DWIDTH 8 0
BBX 6 17 1 -4
BITMAP
1C
3C
30
70
F8
F8
70
70
70
70
70
70
70
70
70
E0
C0
ENDCHAR
STARTCHAR 0193
ENCODING 403
SWIDTH 840 0
DWIDTH 14 0
BBX 13 13 1 0
BITMAP
0438
3FF8
7BE0
60E0
E0E0
C000
C000
C3E0
C060
E0E0
70C0
3FC0
1F00
ENDCHAR
STARTCHAR 0194
ENCODING 404
SWIDTH 720 0
DWIDTH 12 0
BBX 10 16 1 -4
BITMAP
C0C0
E1C0
6180
7380
3300
3300
1E00
1E00
0C00
0C00
1E00
1E00
3F00
3300
3F00
0C00
ENDCHAR
STARTCHAR 0195
ENCODING 405
SWIDTH 1020 0
DWIDTH 17 0
BBX 14 12 1 0
BITMAP
C000
C000
C000
DE0C
F70C
E30C
C30C
C30C
C30C
C398
C1F8
C1F0
ENDCHAR
STARTCHAR 0196
ENCODING 406
SWIDTH 360 0
DWIDTH 6 0
BBX 5 13 1 0
BITMAP
C0
C0
C0
C0
C0
C0
C0
C0
C0
C0
C0
F0
78
ENDCHAR
STARTCHAR 0197
ENCODING 407
SWIDTH 300 0
DWIDTH 5 0
BBX 6 12 -1 0
BITMAP
30
30
30
30
30
FC
30
30
30
30
30
30
ENDCHAR
STARTCHAR 0198
ENCODING 408
SWIDTH 720 0
DWIDTH 12 0
BBX 11 13 1 0
BITMAP
0040
C1E0
C3A0
C700
CE00
DC00
FC00
FC00
EE00
C700
C380
C180
C1E0
ENDCHAR
STARTCHAR 0199
ENCODING 409
SWIDTH 600 0
DWIDTH 10 0
BBX 8 13 1 0
BITMAP
10
70
E0
C0
C7
CE
DC
F8
F8
FC
CE
C6
C3
ENDCHAR
STARTCHAR 019A
ENCODING 410
SWIDTH 240 0
DWIDTH 4 0
BBX 6 12 -1 0
BITMAP
30
30
30
30
30
FC
30
30
30
30
30
30
ENDCHAR
STARTCHAR 019B
ENCODING 411
SWIDTH 660 0
DWIDTH 11 0
BBX 9 13 1 0
BITMAP
6000
7400
3800
7800
9C00
1C00
3C00
3E00
3600
7700
6300
E380
E180
ENDCHAR
STARTCHAR 019C
ENCODING 412
SWIDTH 960 0
DWIDTH 16 0
BBX 14 12 1 0
BITMAP
E31C
E31C
E31C
E31C
E31C
E31C
E31C
E31C
E31C
E31C
7FFC
7DFC
ENDCHAR
STARTCHAR 019D
ENCODING 413
SWIDTH 780 0
DWIDTH 13 0
BBX 12 15 0 -3
BITMAP
7070
7870
7870
7C70
7E70
7670
7370
73F0
71F0
70F0
7070
7070
7000
7000
E000
ENDCHAR
STARTCHAR 019E
ENCODING 414
SWIDTH 600 0
DWIDTH 10 0
BBX 8 12 1 -3
BITMAP
DE
F7
E3
C3
C3
C3
C3
C3
C3
03
03
03
ENDCHAR
STARTCHAR 019F
ENCODING 415
SWIDTH 780 0
DWIDTH 13 0
BBX 11 13 1 0
BITMAP
0400
3F80
7BC0
60E0
E060
C060
FFE0
C7E0
C060
E0E0
70C0
3FC0
1F00
ENDCHAR
STARTCHAR 01A0
ENCODING 416
SWIDTH 840 0
DWIDTH 14 0
BBX 12 13 1 0
BITMAP
0410
3F90
7BF0
60E0
E060
C060
C060
C060
C060
E0E0
70C0
3FC0
1F00
ENDCHAR
STARTCHAR 01A1
ENCODING 417
SWIDTH 660 0
DWIDTH 11 0
BBX 10 10 1 0
BITMAP
00C0
7E80
E780
C300
C380
C380
C380
C300
7F00
3E00
ENDCHAR
STARTCHAR 01A2
ENCODING 418
SWIDTH 900 0
DWIDTH 15 0
BBX 13 15 1 -3
BITMAP
3FB8
7FF8
60F8
E0D8
C0D8
C0D8
C0D8
C0D8
E0D8
60D8
7FD8
3F18
0018
0018
0018
ENDCHAR
STARTCHAR 01A3
ENCODING 419
SWIDTH 720 0
DWIDTH 12 0
BBX 10 12 1 -3
BITMAP
7CC0
FFC0
C7C0
C6C0
C6C0
C6C0
C6C0
FEC0
7CC0
00C0
00C0
00C0
ENDCHAR
STARTCHAR 01A4
ENCODING 420
SWIDTH 840 0
DWIDTH 14 0
BBX 12 12 1 0
BITMAP
FFE0
FCF0
DC30
DC30
1C30
1C70
1FE0
1FC0
1C00
1C00
1C00
1C00
ENDCHAR
STARTCHAR 01A5
ENCODING 421
SWIDTH 660 0
DWIDTH 11 0
BBX 9 15 1 -3
BITMAP
3000
F000
C000
DE00
F700
E380
C180
C180
C180
E380
FF00
DE00
C000
C000
C000
ENDCHAR
STARTCHAR 01A6
ENCODING 422
SWIDTH 780 0
DWIDTH 13 0
BBX 11 16 1 -3
BITMAP
C000
FE00
FF00
C380
C380
C380
C700
FE00
CE00
C600
C300
C380
C180
01C0
00C0
00E0
ENDCHAR
STARTCHAR 01A7
ENCODING 423
SWIDTH 660 0
DWIDTH 11 0
BBX 9 13 1 0
BITMAP
0800
7F00
E780
C180
0180
0780
3F00
F800
E000
C180
C180
FF80
7E00
ENDCHAR
STARTCHAR 01A8
ENCODING 424
SWIDTH 540 0
DWIDTH 9 0
BBX 8 9 1 0
BITMAP
7C
E6
06
1E
FC
E0
C7
EE
7C
ENDCHAR
STARTCHAR 01A9
ENCODING 425
SWIDTH 660 0
DWIDTH 11 0
BBX 9 12 1 0
BITMAP
FF80
7F80
7000
3800
1800
0C00
1C00
1800
3800
7000
FF80
FF80
ENDCHAR
STARTCHAR 01AA
ENCODING 426
SWIDTH 600 0
DWIDTH 10 0
BBX 8 17 1 -4
BITMAP
78
7C
CE
C6
FE
7E
0E
0E
0E
0E
0E
0E
0E
0E
0E
07
01
ENDCHAR
STARTCHAR 01AB
ENCODING 427
SWIDTH 420 0
DWIDTH 7 0
BBX 6 15 0 -3
BITMAP
30
30
30
FC
30
30
30
30
30
30
3C
1C
0C
0C
38
ENDCHAR
STARTCHAR 01AC
ENCODING 428
SWIDTH 720 0
DWIDTH 12 0
BBX 10 12 1 0
BITMAP
FFC0
FFC0
CC00
CC00
0C00
0C00
0C00
0C00
0C00
0C00
0C00
0C00
ENDCHAR
STARTCHAR 01AD
ENCODING 429
SWIDTH 420 0
DWIDTH 7 0
BBX 5 13 1 0
BITMAP
38
78
70
70
F8
F8
70
70
70
70
70
78
38
ENDCHAR
STARTCHAR 01AE
ENCODING 430
SWIDTH 660 0
DWIDTH 11 0
BBX 10 15 1 -3
BITMAP
FFC0
FFC0
1C00
1C00
1C00
1C00
1C00
1C00
1C00
1C00
1C00
1C00
1C00
0C00
0F00
ENDCHAR
STARTCHAR 01AF
ENCODING 431
SWIDTH 900 0
DWIDTH 15 0
BBX 13 13 1 0
BITMAP
0008
C0D8
C0F8
C0F0
C0C0
C0C0
C0C0
C0C0
C0C0
E0C0
61C0
7F80
3F00
ENDCHAR
STARTCHAR 01B0
ENCODING 432
SWIDTH 720 0
DWIDTH 12 0
BBX 11 10 1 0
BITMAP
0060
C360
C3C0
C300
C300
C300
C300
E300
7F00
7B00
ENDCHAR
STARTCHAR 01B1
ENCODING 433
SWIDTH 780 0
DWIDTH 13 0
BBX 11 12 1 0
BITMAP
F9E0
F9E0
71C0
E0E0
C060
C060
C060
C060
E0E0
70C0
7FC0
1F00
ENDCHAR
STARTCHAR 01B2
ENCODING 434
SWIDTH 660 0
DWIDTH 11 0
BBX 9 12 1 0
BITMAP
C700
C780
C180
C180
C180
C180
C180
C180
C180
E380
7F00
3E00
ENDCHAR
STARTCHAR 01B3
ENCODING 435
SWIDTH 780 0
DWIDTH 13 0
BBX 13 13 0 0
BITMAP
8010
6078
30E0
38C0
19C0
0D80
0F00
0700
0600
0600
0600
0600
0600
ENDCHAR
STARTCHAR 01B4
ENCODING 436
SWIDTH 660 0
DWIDTH 11 0
BBX 11 15 0 -4
BITMAP
00E0
81E0
6180
6300
7300
3300
3600
1E00
1E00
1C00
0C00
0C00
1800
7800
6000
ENDCHAR
STARTCHAR 01B5
ENCODING 437
SWIDTH 660 0
DWIDTH 11 0
BBX 9 12 1 0
BITMAP
FF80
FF80
0300
0600
0E00
3F00
1800
3800
7000
6000
FF80
FF80
ENDCHAR
STARTCHAR 01B6
ENCODING 438
SWIDTH 600 0
DWIDTH 10 0
BBX 8 9 1 0
BITMAP
FE
FE
0C
1C
7E
30
60
FF
FF
ENDCHAR
STARTCHAR 01B7
ENCODING 439
SWIDTH 720 0
DWIDTH 12 0
BBX 10 15 1 -3
BITMAP
FFC0
FF80
0300
0600
0C00
1E00
1F00
0380
01C0
00C0
00C0
C1C0
E180
7F80
3F00
ENDCHAR
STARTCHAR 01B8
ENCODING 440
SWIDTH 720 0
DWIDTH 12 0
BBX 10 15 1 -3
BITMAP
FF80
FF80
7000
3800
0C00
1E00
7E00
E000
C000
C000
C000
C0C0
E1C0
7F80
3F00
ENDCHAR
STARTCHAR 01B9
ENCODING 441
SWIDTH 660 0
DWIDTH 11 0
BBX 9 12 1 -3
BITMAP
FF00
7F00
7000
3800
1C00
3C00
7000
E000
C000
E180
7F80
3E00
ENDCHAR
STARTCHAR 01BA
ENCODING 442
SWIDTH 600 0
DWIDTH 10 0
BBX 8 13 1 -4
BITMAP
FF
FE
1C
38
3E
06
06
3E
F8
C1
C6
FE
38
ENDCHAR
STARTCHAR 01BB
ENCODING 443
SWIDTH 660 0
DWIDTH 11 0
BBX 9 13 1 0
BITMAP
0800
7E00
E700
C300
0300
0300
1F80
0E00
1C00
3800
7000
FF80
FF80
ENDCHAR
STARTCHAR 01BC
ENCODING 444
SWIDTH 660 0
DWIDTH 11 0
BBX 9 12 1 0
BITMAP
FF00
E000
6000
6000
7E00
7F00
0380
0180
0180
E380
7F00
3E00
ENDCHAR
STARTCHAR 01BD
ENCODING 445
SWIDTH 600 0
DWIDTH 10 0
BBX 8 9 1 0
BITMAP
FF
FF
60
7E
7F
03
63
7F
3E
ENDCHAR
STARTCHAR 01BE
ENCODING 446
SWIDTH 600 0
DWIDTH 10 0
BBX 8 11 1 0
BITMAP
38
38
7C
7C
38
18
1E
06
C7
EE
7C
ENDCHAR
STARTCHAR 01BF
ENCODING 447
SWIDTH 660 0
DWIDTH 11 0
BBX 8 12 2 -3
BITMAP
FC
FE
C6
C7
C7
C7
C6
CE
FC
F0
C0
C0
ENDCHAR
STARTCHAR 01C0
ENCODING 448
SWIDTH 300 0
DWIDTH 5 0
BBX 1 12 2 0
BITMAP
80
80
80
80
80
80
80
80
80
80
80
80
ENDCHAR
STARTCHAR 01C1
ENCODING 449
SWIDTH 360 0
DWIDTH 6 0
BBX 4 12 1 0
BITMAP
D0
D0
D0
D0
D0
D0
D0
D0
D0
D0
D0
D0
ENDCHAR
STARTCHAR 01C2
ENCODING 450
SWIDTH 420 0
DWIDTH 7 0
BBX 6 12 0 0
BITMAP
10
10
10
FC
10
10
10
FC
10
10
10
10
ENDCHAR
STARTCHAR 01C3
ENCODING 451
SWIDTH 300 0
DWIDTH 5 0
BBX 3 12 1 0
BITMAP
E0
60
60
60
60
60
60
60
00
40
E0
E0
ENDCHAR
STARTCHAR 01C5
ENCODING 453
SWIDTH 1320 0
DWIDTH 22 0
BBX 20 13 1 0
BITMAP
000660
FF03C0
FF8180
C1C000
C0CFF0
C0CFF0
C0C0E0
C0C0C0
C0C180
C0C300
C18700
FF8FF0
FE0FF0
ENDCHAR
STARTCHAR 01C6
ENCODING 454
SWIDTH 1140 0
DWIDTH 19 0
BBX 17 13 1 0
BITMAP
003300
039E00
038C00
038000
7FFF80
F7FF00
C38700
C38E00
C38C00
C39800
E3B000
7FFF80
7BFF80
ENDCHAR
STARTCHAR 01C7
ENCODING 455
SWIDTH 1140 0
DWIDTH 19 0
BBX 17 12 1 0
BITMAP
C00180
C00180
C00180
C00180
C00180
C00180
C00180
C00180
C00180
C07380
FF3F00
FF3E00
ENDCHAR
STARTCHAR 01C8
ENCODING 456
SWIDTH 840 0
DWIDTH 14 0
BBX 12 16 1 -3
BITMAP
0030
C030
C000
C000
C030
C030
C030
C030
C030
C030
C030
FF30
FF30
0030
0070
00E0
ENDCHAR
STARTCHAR 01C9
ENCODING 457
SWIDTH 540 0
DWIDTH 9 0
BBX 7 16 1 -3
BITMAP
0C
CE
C0
C0
CE
CE
CE
CE
CE
CE
CE
CE
CE
0E
0C
1C
ENDCHAR
STARTCHAR 01CA
ENCODING 458
SWIDTH 1320 0
DWIDTH 22 0
BBX 20 12 1 0
BITMAP
E0C030
F0C030
F0C030
F8C030
DCC030
CCC030
C6C030
C7C030
C3C030
C1CC70
C1C7E0
C0C7C0
ENDCHAR
STARTCHAR 01CB
ENCODING 459
SWIDTH 1020 0
DWIDTH 17 0
BBX 15 16 1 -3
BITMAP
000C
E0CE
F0C0
F0C0
F8CE
DCCE
CCCE
C6CE
C7CE
C3CE
C1CE
C1CE
C0CE
000E
000C
001C
ENDCHAR
STARTCHAR 01CC
ENCODING 460
SWIDTH 900 0
DWIDTH 15 0
BBX 13 16 1 -3
BITMAP
0018
0038
0000
0000
DE38
F738
E338
C338
C338
C338
C338
C338
C338
0038
0038
0070
ENDCHAR
STARTCHAR 01CD
ENCODING 461
SWIDTH 720 0
DWIDTH 12 0
BBX 12 16 0 0
BITMAP
1980
0F00
0600
0000
0F00
0F00
0F80
1D80
1980
19C0
38C0
3FC0
3FE0
7060
6060
E070
ENDCHAR
STARTCHAR 01CE
ENCODING 462
SWIDTH 600 0
DWIDTH 10 0
BBX 8 13 1 0
BITMAP
66
3C
18
00
7E
E6
07
0F
FF
C3
C7
EF
7B
ENDCHAR
STARTCHAR 01CF
ENCODING 463
SWIDTH 300 0
DWIDTH 5 0
BBX 6 16 -1 0
BITMAP
EC
38
30
00
30
30
30
30
30
30
30
30
30
30
30
30
ENDCHAR
STARTCHAR 01D0
ENCODING 464
SWIDTH 240 0
DWIDTH 4 0
BBX 6 13 -1 0
BITMAP
CC
78
30
00
30
30
30
30
30
30
30
30
30
ENDCHAR
STARTCHAR 01D1
ENCODING 465
SWIDTH 780 0
DWIDTH 13 0
BBX 11 16 1 0
BITMAP
3B80
0E00
0600
0400
3F80
7BC0
60E0
E060
C060
C060
C060
C060
E0E0
70C0
3FC0
1F00
ENDCHAR
STARTCHAR 01D2
ENCODING 466
SWIDTH 600 0
DWIDTH 10 0
BBX 9 13 1 0
BITMAP
6600
3C00
1800
0000
7E00
E700
C300
C380
C380
C380
C300
7F00
3E00
ENDCHAR
STARTCHAR 01D3
ENCODING 467
SWIDTH 720 0
DWIDTH 12 0
BBX 10 16 1 0
BITMAP
3300
1E00
0C00
0000
C0C0
C0C0
C0C0
C0C0
C0C0
C0C0
C0C0
C0C0
E0C0
61C0
7F80
3F00
ENDCHAR
STARTCHAR 01D4
ENCODING 468
SWIDTH 600 0
DWIDTH 10 0
BBX 8 13 1 0
BITMAP
66
3C
18
00
C3
C3
C3
C3
C3
C3
E3
7F
7B
ENDCHAR
STARTCHAR 01D5
ENCODING 469
SWIDTH 720 0
DWIDTH 12 0
BBX 10 18 1 0
BITMAP
3F00
0000
1300
3B00
0000
0000
C0C0
C0C0
C0C0
C0C0
C0C0
C0C0
C0C0
C0C0
E0C0
61C0
7F80
3F00
ENDCHAR
STARTCHAR 01D6
ENCODING 470
SWIDTH 600 0
DWIDTH 10 0
BBX 8 15 1 0
BITMAP
7E
00
66
76
00
00
C3
C3
C3
C3
C3
C3
E3
7F
7B
ENDCHAR
STARTCHAR 01D7
ENCODING 471
SWIDTH 720 0
DWIDTH 12 0
BBX 10 18 1 0
BITMAP
0700
0C00
0000
3B00
1300
0000
C0C0
C0C0
C0C0
C0C0
C0C0
C0C0
C0C0
C0C0
E0C0
61C0
7F80
3F00
ENDCHAR
STARTCHAR 01D8
ENCODING 472
SWIDTH 600 0
DWIDTH 10 0
BBX 8 16 1 0
BITMAP
0E
0C
18
66
76
00
00
C3
C3
C3
C3
C3
C3
E3
7F
7B
ENDCHAR
STARTCHAR 01D9
ENCODING 473
SWIDTH 720 0
DWIDTH 12 0
BBX 10 17 1 0
BITMAP
3B00
0C00
3300
1300
0000
C0C0
C0C0
C0C0
C0C0
C0C0
C0C0
C0C0
C0C0
E0C0
61C0
7F80
3F00
ENDCHAR
STARTCHAR 01DA
ENCODING 474
SWIDTH 600 0
DWIDTH 10 0
BBX 8 15 1 0
BITMAP
76
1C
00
66
22
00
C3
C3
C3
C3
C3
C3
E3
7F
7B
ENDCHAR
STARTCHAR 01DB
ENCODING 475
SWIDTH 720 0
DWIDTH 12 0
BBX 10 17 1 0
BITMAP
1800
0C00
3300
1300
0000
C0C0
C0C0
C0C0
C0C0
C0C0
C0C0
C0C0
C0C0
E0C0
61C0
7F80
3F00
ENDCHAR
STARTCHAR 01DC
ENCODING 476
SWIDTH 600 0
DWIDTH 10 0
BBX 8 15 1 0
BITMAP
70
18
00
66
22
00
C3
C3
C3
C3
C3
C3
E3
7F
7B
ENDCHAR
STARTCHAR 01DD
ENCODING 477
SWIDTH 600 0
DWIDTH 10 0
BBX 8 9 1 0
BITMAP
7E
E7
03
03
FF
C3
C3
7E
3C
ENDCHAR
STARTCHAR 01DE
ENCODING 478
SWIDTH 720 0
DWIDTH 12 0
BBX 12 18 0 0
BITMAP
1F80
0000
1980
1D80
0000
0000
0F00
0F00
0F80
1D80
1980
19C0
38C0
3FC0
3FE0
7060
6060
E070
ENDCHAR
STARTCHAR 01DF
ENCODING 479
SWIDTH 600 0
DWIDTH 10 0
BBX 8 15 1 0
BITMAP
7E
00
66
66
00
00
7E
E6
07
0F
FF
C3
C7
EF
7B
ENDCHAR
STARTCHAR 01E0
ENCODING 480
SWIDTH 720 0
DWIDTH 12 0
BBX 12 18 0 0
BITMAP
1F80
0600
0600
0000
0000
0000
0F00
0F00
0F80
1D80
1980
19C0
38C0
3FC0
3FE0
7060
6060
E070
ENDCHAR
STARTCHAR 01E1
ENCODING 481
SWIDTH 600 0
DWIDTH 10 0
BBX 8 15 1 0
BITMAP
7E
18
18
00
00
00
7E
E6
07
0F
FF
C3
C7
EF
7B
ENDCHAR
STARTCHAR 01E2
ENCODING 482
SWIDTH 1020 0
DWIDTH 17 0
BBX 16 15 0 0
BITMAP
00FC
0000
0000
03FF
07FF
06C0
0EC0
0CC0
1CFF
18FF
3FC0
3FC0
30C0
70FF
E0FF
ENDCHAR
STARTCHAR 01E3
ENCODING 483
SWIDTH 960 0
DWIDTH 16 0
BBX 14 12 1 0
BITMAP
0FC0
0000
0000
7DF0
E798
070C
0FFC
FFFC
C200
C70C
EFF8
79F0
ENDCHAR
STARTCHAR 01E4
ENCODING 484
SWIDTH 780 0
DWIDTH 13 0
BBX 12 13 1 0
BITMAP
0400
3F80
7BC0
60C0
E0E0
C000
C000
C3E0
C060
E3F0
70C0
3FC0
1F00
ENDCHAR
STARTCHAR 01E5
ENCODING 485
SWIDTH 660 0
DWIDTH 11 0
BBX 10 13 1 -4
BITMAP
7F80
F780
C380
C380
C7C0
C380
E380
7F80
3B80
0380
E300
7F00
1C00
ENDCHAR
STARTCHAR 01E6
ENCODING 486
SWIDTH 780 0
DWIDTH 13 0
BBX 11 16 1 0
BITMAP
3B80
0E00
0400
0400
3F80
7BC0
60C0
E0E0
C000
C000
C3E0
C060
E0E0
70C0
3FC0
1F00
ENDCHAR
STARTCHAR 01E7
ENCODING 487
SWIDTH 660 0
DWIDTH 11 0
BBX 9 17 1 -4
BITMAP
6600
3C00
1800
0000
7F80
F780
C380
C380
C380
C380
E380
7F80
3B80
0380
E300
7F00
1C00
ENDCHAR
STARTCHAR 01E8
ENCODING 488
SWIDTH 720 0
DWIDTH 12 0
BBX 10 16 1 0
BITMAP
3300
1E00
0C00
0000
C1C0
C380
C700
CE00
DC00
FC00
FC00
EE00
C700
C300
C380
C1C0
ENDCHAR
STARTCHAR 01E9
ENCODING 489
SWIDTH 600 0
DWIDTH 10 0
BBX 11 16 -1 0
BITMAP
CC00
7800
3000
0000
3000
3000
3000
31C0
3380
3700
3E00
3E00
3F00
3380
3180
30E0
ENDCHAR
STARTCHAR 01EA
ENCODING 490
SWIDTH 780 0
DWIDTH 13 0
BBX 11 17 1 -4
BITMAP
0400
3F80
7BC0
60E0
E060
C060
C060
C060
C060
E0E0
70C0
3FC0
1F00
0C00
0C00
0E00
0400
ENDCHAR
STARTCHAR 01EB
ENCODING 491
SWIDTH 600 0
DWIDTH 10 0
BBX 9 13 1 -4
BITMAP
7E00
E700
C300
C380
C380
C380
C300
7F00
3E00
1800
3000
3800
0C00
ENDCHAR
STARTCHAR 01EC
ENCODING 492
SWIDTH 780 0
DWIDTH 13 0
BBX 11 19 1 -4
BITMAP
1F00
0000
0400
3F80
7BC0
60E0
E060
C060
C060
C060
C060
E0E0
70C0
3FC0
1F00
0C00
0C00
0E00
0400
ENDCHAR
STARTCHAR 01ED
ENCODING 493
SWIDTH 600 0
DWIDTH 10 0
BBX 9 16 1 -4
BITMAP
7E00
0000
0000
7E00
E700
C300
C380
C380
C380
C300
7F00
3E00
1800
3000
3800
0C00
ENDCHAR
STARTCHAR 01EE
ENCODING 494
SWIDTH 720 0
DWIDTH 12 0
BBX 10 19 1 -3
BITMAP
3300
1E00
0C00
0000
FFC0
FF80
0300
0600
0C00
1E00
1F00
0380
01C0
00C0
00C0
C1C0
E180
7F80
3F00
ENDCHAR
STARTCHAR 01EF
ENCODING 495
SWIDTH 660 0
DWIDTH 11 0
BBX 9 16 1 -3
BITMAP
7700
1C00
0800
0000
7F80
7F00
0600
0C00
1C00
1E00
0700
0180
0180
C380
7F00
3E00
ENDCHAR
STARTCHAR 01F0
ENCODING 496
SWIDTH 240 0
DWIDTH 4 0
BBX 6 16 -1 -3
BITMAP
CC
78
30
00
30
30
30
30
30
30
30
30
30
30
30
70
ENDCHAR
STARTCHAR 01F1
ENCODING 497
SWIDTH 1380 0
DWIDTH 23 0
BBX 21 12 1 0
BITMAP
FF0FF8
FF8FF8
C1C030
C0C070
C0C060
C0C0C0
C0C1C0
C0C380
C0C300
C18700
FF8FF8
FE0FF8
ENDCHAR
STARTCHAR 01F2
ENCODING 498
SWIDTH 1320 0
DWIDTH 22 0
BBX 20 12 1 0
BITMAP
FF0000
FF8000
C1C000
C0CFF0
C0CFF0
C0C0E0
C0C0C0
C0C180
C0C300
C18700
FF8FF0
FE0FF0
ENDCHAR
STARTCHAR 01F3
ENCODING 499
SWIDTH 1140 0
DWIDTH 19 0
BBX 17 12 1 0
BITMAP
038000
038000
038000
7FFF80
F7FF00
C38700
C38E00
C38C00
C39800
E3B000
7FFF80
7BFF80
ENDCHAR
STARTCHAR 01F4
ENCODING 500
SWIDTH 780 0
DWIDTH 13 0
BBX 11 16 1 0
BITMAP
0300
0600
0400
0400
3F80
7BC0
60C0
E0E0
C000
C000
C3E0
C060
E0E0
70C0
3FC0
1F00
ENDCHAR
STARTCHAR 01F5
ENCODING 501
SWIDTH 660 0
DWIDTH 11 0
BBX 9 17 1 -4
BITMAP
0E00
0C00
1800
0000
7F80
F780
C380
C380
C380
C380
E380
7F80
3B80
0380
E300
7F00
1C00
ENDCHAR
STARTCHAR 01F6
ENCODING 502
SWIDTH 1140 0
DWIDTH 19 0
BBX 17 12 1 0
BITMAP
C0C000
C0C000
C0C000
C0C180
C0C180
FFC180
FFC180
C0C180
C0C180
C0E380
C07F00
C03E00
ENDCHAR
STARTCHAR 01F7
ENCODING 503
SWIDTH 720 0
DWIDTH 12 0
BBX 10 15 1 -3
BITMAP
FF00
FF80
E180
E1C0
E1C0
E1C0
E1C0
E180
E180
E300
EF00
FC00
F800
E000
E000
ENDCHAR
STARTCHAR 01F8
ENCODING 504
SWIDTH 780 0
DWIDTH 13 0
BBX 10 16 1 0
BITMAP
1800
0C00
0C00
0000
E0C0
F0C0
F0C0
F8C0
DCC0
CCC0
C6C0
C7C0
C3C0
C1C0
C1C0
C0C0
ENDCHAR
STARTCHAR 01F9
ENCODING 505
SWIDTH 600 0
DWIDTH 10 0
BBX 8 13 1 0
BITMAP
30
18
18
00
DE
F7
E3
C3
C3
C3
C3
C3
C3
ENDCHAR
STARTCHAR 01FA
ENCODING 506
SWIDTH 720 0
DWIDTH 12 0
BBX 12 18 0 0
BITMAP
0380
0400
0600
0500
0600
0000
0F00
0F00
0F80
1D80
1980
19C0
38C0
3FC0
3FE0
7060
6060
E070
ENDCHAR
STARTCHAR 01FB
ENCODING 507
SWIDTH 600 0
DWIDTH 10 0
BBX 8 15 1 0
BITMAP
0E
10
18
24
18
00
7E
E6
07
0F
FF
C3
C7
EF
7B
ENDCHAR
STARTCHAR 01FC
ENCODING 508
SWIDTH 1020 0
DWIDTH 17 0
BBX 16 16 0 0
BITMAP
001C
0018
0030
0000
03FF
07FF
06C0
0EC0
0CC0
1CFF
18FF
3FC0
3FC0
30C0
70FF
E0FF
ENDCHAR
STARTCHAR 01FD
ENCODING 509
SWIDTH 960 0
DWIDTH 16 0
BBX 14 13 1 0
BITMAP
0180
0300
0200
0000
7DF0
E798
070C
0FFC
FFFC
C200
C70C
EFF8
79F0
ENDCHAR
STARTCHAR 01FE
ENCODING 510
SWIDTH 780 0
DWIDTH 13 0
BBX 11 17 1 -1
BITMAP
0300
0600
0400
0460
3FC0
7BC0
61E0
E360
C260
C660
CC60
C860
F8E0
70C0
3FC0
5F00
4000
ENDCHAR
STARTCHAR 01FF
ENCODING 511
SWIDTH 600 0
DWIDTH 10 0
BBX 9 14 1 -1
BITMAP
0E00
0C00
1800
0100
7F00
E700
C700
CF80
DB80
D380
F300
7F00
FE00
4000
ENDCHAR
STARTCHAR 0200
ENCODING 512
SWIDTH 720 0
DWIDTH 12 0
BBX 12 16 0 0
BITMAP
1200
0900
0900
0000
0F00
0F00
0F80
1D80
1980
19C0
38C0
3FC0
3FE0
7060
6060
E070
ENDCHAR
STARTCHAR 0201
ENCODING 513
SWIDTH 600 0
DWIDTH 10 0
BBX 8 13 1 0
BITMAP
48
64
24
00
7E
E6
07
0F
FF
C3
C7
EF
7B
ENDCHAR
STARTCHAR 0202
ENCODING 514
SWIDTH 720 0
DWIDTH 12 0
BBX 12 16 0 0
BITMAP
0F00
1980
0000
0000
0F00
0F00
0F80
1D80
1980
19C0
38C0
3FC0
3FE0
7060
6060
E070
ENDCHAR
STARTCHAR 0203
ENCODING 515
SWIDTH 600 0
DWIDTH 10 0
BBX 8 13 1 0
BITMAP
3C
66
00
00
7E
E6
07
0F
FF
C3
C7
EF
7B
ENDCHAR
STARTCHAR 0204
ENCODING 516
SWIDTH 600 0
DWIDTH 10 0
BBX 8 16 1 0
BITMAP
48
24
24
00
FF
FF
C0
C0
C0
FF
FF
C0
C0
C0
FF
FF
ENDCHAR
STARTCHAR 0205
ENCODING 517
SWIDTH 600 0
DWIDTH 10 0
BBX 8 13 1 0
BITMAP
48
24
24
00
7E
E7
C3
FF
FF
C0
C3
7F
3E
ENDCHAR
STARTCHAR 0206
ENCODING 518
SWIDTH 600 0
DWIDTH 10 0
BBX 8 16 1 0
BITMAP
3C
66
00
00
FF
FF
C0
C0
C0
FF
FF
C0
C0
C0
FF
FF
ENDCHAR
STARTCHAR 0207
ENCODING 519
SWIDTH 600 0
DWIDTH 10 0
BBX 8 13 1 0
BITMAP
3C
66
00
00
7E
E7
C3
FF
FF
C0
C3
7F
3E
ENDCHAR
STARTCHAR 0208
ENCODING 520
SWIDTH 300 0
DWIDTH 5 0
BBX 5 16 -1 0
BITMAP
90
48
28
00
30
30
30
30
30
30
30
30
30
30
30
30
ENDCHAR
STARTCHAR 0209
ENCODING 521
SWIDTH 240 0
DWIDTH 4 0
BBX 5 13 -1 0
BITMAP
90
48
48
00
30
30
30
30
30
30
30
30
30
ENDCHAR
STARTCHAR 020A
ENCODING 522
SWIDTH 300 0
DWIDTH 5 0
BBX 5 16 0 0
BITMAP
F0
98
00
00
60
60
60
60
60
60
60
60
60
60
60
60
ENDCHAR
STARTCHAR 020B
ENCODING 523
SWIDTH 240 0
DWIDTH 4 0
BBX 6 13 -1 0
BITMAP
78
CC
00
00
30
30
30
30
30
30
30
30
30
ENDCHAR
STARTCHAR 020C
ENCODING 524
SWIDTH 780 0
DWIDTH 13 0
BBX 11 16 1 0
BITMAP
2600
1B00
0900
0400
3F80
7BC0
60E0
E060
C060
C060
C060
C060
E0E0
70C0
3FC0
1F00
ENDCHAR
STARTCHAR 020D
ENCODING 525
SWIDTH 600 0
DWIDTH 10 0
BBX 9 13 1 0
BITMAP
4800
2400
2400
0000
7E00
E700
C300
C380
C380
C380
C300
7F00
3E00
ENDCHAR
STARTCHAR 020E
ENCODING 526
SWIDTH 780 0
DWIDTH 13 0
BBX 11 16 1 0
BITMAP
0F00
1B00
0000
0400
3F80
7BC0
60E0
E060
C060
C060
C060
C060
E0E0
70C0
3FC0
1F00
ENDCHAR
STARTCHAR 020F
ENCODING 527
SWIDTH 600 0
DWIDTH 10 0
BBX 9 13 1 0
BITMAP
3C00
6600
0000
0000
7E00
E700
C300
C380
C380
C380
C300
7F00
3E00
ENDCHAR
STARTCHAR 0210
ENCODING 528
SWIDTH 660 0
DWIDTH 11 0
BBX 10 16 1 0
BITMAP
4C00
2400
1400
0000
FF00
C780
C180
C180
C180
C380
FF00
C600
C700
C300
C380
C1C0
ENDCHAR
STARTCHAR 0211
ENCODING 529
SWIDTH 420 0
DWIDTH 7 0
BBX 6 13 0 0
BITMAP
D8
6C
24
00
6C
7C
70
60
60
60
60
60
60
ENDCHAR
STARTCHAR 0212
ENCODING 530
SWIDTH 660 0
DWIDTH 11 0
BBX 10 16 1 0
BITMAP
3C00
3600
0000
0000
FF00
C780
C180
C180
C180
C380
FF00
C600
C700
C300
C380
C1C0
ENDCHAR
STARTCHAR 0213
ENCODING 531
SWIDTH 420 0
DWIDTH 7 0
BBX 6 13 1 0
BITMAP
78
C8
04
00
D8
F8
E0
C0
C0
C0
C0
C0
C0
ENDCHAR
STARTCHAR 0214
ENCODING 532
SWIDTH 720 0
DWIDTH 12 0
BBX 10 16 1 0
BITMAP
2400
1200
1200
0000
C0C0
C0C0
C0C0
C0C0
C0C0
C0C0
C0C0
C0C0
E0C0
61C0
7F80
3F00
ENDCHAR
STARTCHAR 0215
ENCODING 533
SWIDTH 600 0
DWIDTH 10 0
BBX 8 13 1 0
BITMAP
48
24
24
00
C3
C3
C3
C3
C3
C3
E3
7F
7B
ENDCHAR
STARTCHAR 0216
ENCODING 534
SWIDTH 720 0
DWIDTH 12 0
BBX 10 16 1 0
BITMAP
1E00
3300
0000
0000
C0C0
C0C0
C0C0
C0C0
C0C0
C0C0
C0C0
C0C0
E0C0
61C0
7F80
3F00
ENDCHAR
STARTCHAR 0217
ENCODING 535
SWIDTH 600 0
DWIDTH 10 0
BBX 8 13 1 0
BITMAP
3C
66
00
00
C3
C3
C3
C3
C3
C3
E3
7F
7B
ENDCHAR
STARTCHAR 0218
ENCODING 536
SWIDTH 660 0
DWIDTH 11 0
BBX 9 17 1 -4
BITMAP
0800
7F00
F380
C180
C000
F000
7E00
0F80
0180
C180
C180
FF80
3F00
0000
1C00
1800
1800
ENDCHAR
STARTCHAR 0219
ENCODING 537
SWIDTH 540 0
DWIDTH 9 0
BBX 8 13 1 -4
BITMAP
7E
E6
C0
F0
7E
07
C7
EE
7C
00
18
30
30
ENDCHAR
STARTCHAR 021A
ENCODING 538
SWIDTH 660 0
DWIDTH 11 0
BBX 10 16 1 -4
BITMAP
FFC0
FFC0
1C00
1C00
1C00
1C00
1C00
1C00
1C00
1C00
1C00
1C00
0000
1C00
1800
1800
ENDCHAR
STARTCHAR 021B
ENCODING 539
SWIDTH 360 0
DWIDTH 6 0
BBX 6 16 0 -4
BITMAP
30
30
30
FC
30
30
30
30
30
30
3C
1C
00
38
30
30
ENDCHAR
STARTCHAR 021C
ENCODING 540
SWIDTH 660 0
DWIDTH 11 0
BBX 9 16 1 -4
BITMAP
3F00
7F80
E380
0180
0380
0300
0F00
3F80
7180
0180
0180
0380
0700
3E00
7800
4000
ENDCHAR
STARTCHAR 021D
ENCODING 541
SWIDTH 600 0
DWIDTH 10 0
BBX 8 13 1 -4
BITMAP
7C
FE
C6
06
0E
3E
76
47
06
0E
3C
78
40
ENDCHAR
STARTCHAR 021E
ENCODING 542
SWIDTH 780 0
DWIDTH 13 0
BBX 10 16 1 0
BITMAP
3B00
0E00
0C00
0000
C0C0
C0C0
C0C0
C0C0
C0C0
FFC0
FFC0
C0C0
C0C0
C0C0
C0C0
C0C0
ENDCHAR
STARTCHAR 021F
ENCODING 543
SWIDTH 600 0
DWIDTH 10 0
BBX 10 16 -1 0
BITMAP
CC00
7800
3000
0000
3000
3000
3000
3780
3DC0
38C0
30C0
30C0
30C0
30C0
30C0
30C0
ENDCHAR
STARTCHAR 0220
ENCODING 544
SWIDTH 660 0
DWIDTH 11 0
BBX 9 15 1 -3
BITMAP
FF00
FF80
C180
C180
C180
C180
C180
C180
C180
C180
C180
C180
0180
0180
0180
ENDCHAR
STARTCHAR 0221
ENCODING 545
SWIDTH 720 0
DWIDTH 12 0
BBX 12 15 1 -3
BITMAP
0380
0380
0380
7F80
F780
C380
C380
C380
C380
E380
7F80
7FE0
03B0
07B0
0DF0
ENDCHAR
STARTCHAR 0222
ENCODING 546
SWIDTH 660 0
DWIDTH 11 0
BBX 9 12 1 0
BITMAP
6300
E380
C180
C180
FF80
7F00
E380
C180
C180
E180
FF80
3F00
ENDCHAR
STARTCHAR 0223
ENCODING 547
SWIDTH 660 0
DWIDTH 11 0
BBX 9 13 1 0
BITMAP
2300
E380
C180
C180
C180
FF80
7F00
E380
C180
C180
C180
7F80
3F00
ENDCHAR
STARTCHAR 0224
ENCODING 548
SWIDTH 660 0
DWIDTH 11 0
BBX 9 14 1 -2
BITMAP
FF80
FF80
0300
0600
0E00
0C00
1800
3800
7000
6000
FF00
FF80
0180
0180
ENDCHAR
STARTCHAR 0225
ENCODING 549
SWIDTH 600 0
DWIDTH 10 0
BBX 8 11 1 -2
BITMAP
FE
FE
0C
1C
38
30
60
FC
FE
03
03
ENDCHAR
STARTCHAR 0226
ENCODING 550
SWIDTH 720 0
DWIDTH 12 0
BBX 12 16 0 0
BITMAP
0600
0600
0000
0000
0F00
0F00
0F80
1D80
1980
19C0
38C0
3FC0
3FE0
7060
6060
E070
ENDCHAR
STARTCHAR 0227
ENCODING 551
SWIDTH 600 0
DWIDTH 10 0
BBX 8 13 1 0
BITMAP
18
18
00
00
7E
E6
07
0F
FF
C3
C7
EF
7B
ENDCHAR
STARTCHAR 0228
ENCODING 552
SWIDTH 600 0
DWIDTH 10 0
BBX 8 16 1 -4
BITMAP
FF
FF
C0
C0
C0
FF
FF
C0
C0
C0
FF
FF
18
0C
0C
18
ENDCHAR
STARTCHAR 0229
ENCODING 553
SWIDTH 600 0
DWIDTH 10 0
BBX 8 13 1 -4
BITMAP
7E
E7
C3
FF
FF
C0
C3
7F
3E
18
0C
0C
18
ENDCHAR
STARTCHAR 022A
ENCODING 554
SWIDTH 780 0
DWIDTH 13 0
BBX 11 18 1 0
BITMAP
1F00
0000
1B00
1B80
0000
0400
3F80
7BC0
60E0
E060
C060
C060
C060
C060
E0E0
70C0
3FC0
1F00
ENDCHAR
STARTCHAR 022B
ENCODING 555
SWIDTH 600 0
DWIDTH 10 0
BBX 9 15 1 0
BITMAP
7E00
0000
6600
7600
0000
0000
7E00
E700
C300
C380
C380
C380
C300
7F00
3E00
ENDCHAR
STARTCHAR 022C
ENCODING 556
SWIDTH 780 0
DWIDTH 13 0
BBX 11 17 1 0
BITMAP
1F80
0000
0D00
1200
0400
3F80
7BC0
60E0
E060
C060
C060
C060
C060
E0E0
70C0
3FC0
1F00
ENDCHAR
STARTCHAR 022D
ENCODING 557
SWIDTH 600 0
DWIDTH 10 0
BBX 9 15 1 0
BITMAP
7E00
0000
3200
7E00
4400
0000
7E00
E700
C300
C380
C380
C380
C300
7F00
3E00
ENDCHAR
STARTCHAR 022E
ENCODING 558
SWIDTH 780 0
DWIDTH 13 0
BBX 11 16 1 0
BITMAP
0600
0E00
0000
0400
3F80
7BC0
60E0
E060
C060
C060
C060
C060
E0E0
70C0
3FC0
1F00
ENDCHAR
STARTCHAR 022F
ENCODING 559
SWIDTH 600 0
DWIDTH 10 0
BBX 9 13 1 0
BITMAP
1800
1800
0000
0000
7E00
E700
C300
C380
C380
C380
C300
7F00
3E00
ENDCHAR
STARTCHAR 0230
ENCODING 560
SWIDTH 780 0
DWIDTH 13 0
BBX 11 18 1 0
BITMAP
1F00
0600
0E00
0000
0000
0400
3F80
7BC0
60E0
E060
C060
C060
C060
C060
E0E0
70C0
3FC0
1F00
ENDCHAR
STARTCHAR 0231
ENCODING 561
SWIDTH 600 0
DWIDTH 10 0
BBX 9 15 1 0
BITMAP
7E00
1800
1800
0000
0000
0000
7E00
E700
C300
C380
C380
C380
C300
7F00
3E00
ENDCHAR
STARTCHAR 0232
ENCODING 562
SWIDTH 720 0
DWIDTH 12 0
BBX 12 15 0 0
BITMAP
1F80
0000
8010
6060
70E0
31C0
1980
1F80
0F00
0F00
0600
0600
0600
0600
0600
ENDCHAR
STARTCHAR 0233
ENCODING 563
SWIDTH 600 0
DWIDTH 10 0
BBX 9 15 0 -3
BITMAP
3F00
0000
8000
6180
6180
7300
3300
3300
3600
1E00
1E00
0C00
0C00
1C00
7800
ENDCHAR
STARTCHAR 0234
ENCODING 564
SWIDTH 420 0
DWIDTH 7 0
BBX 8 15 -1 -3
BITMAP
30
30
30
30
30
30
30
30
30
30
30
3E
73
F3
DE
ENDCHAR
STARTCHAR 0235
ENCODING 565
SWIDTH 780 0
DWIDTH 13 0
BBX 12 11 1 -2
BITMAP
DE00
F700
E300
C300
C300
C300
C300
C3E0
C730
0FB0
05E0
ENDCHAR
STARTCHAR 0236
ENCODING 566
SWIDTH 540 0
DWIDTH 9 0
BBX 8 12 0 0
BITMAP
38
38
38
7C
38
38
38
3C
3F
3B
FB
5E
ENDCHAR
STARTCHAR 0237
ENCODING 567
SWIDTH 240 0
DWIDTH 4 0
BBX 3 12 0 -3
BITMAP
60
60
60
60
60
60
60
60
60
60
60
E0
ENDCHAR
STARTCHAR 0238
ENCODING 568
SWIDTH 960 0
DWIDTH 16 0
BBX 14 13 1 0
BITMAP
0300
0300
0300
0300
3BF0
7FF8
E31C
C30C
C30C
C30C
E31C
7FF8
3BF0
ENDCHAR
STARTCHAR 0239
ENCODING 569
SWIDTH 960 0
DWIDTH 16 0
BBX 14 12 1 -3
BITMAP
7FF0
7FF8
E31C
C30C
C30C
C30C
E31C
7FF8
3FF0
0300
0300
0300
ENDCHAR
STARTCHAR 023A
ENCODING 570
SWIDTH 720 0
DWIDTH 12 0
BBX 12 16 0 -2
BITMAP
00C0
00C0
0F80
0F80
0F80
1D80
1B80
1BC0
3AC0
3FC0
3FE0
7460
6C60
EC70
0800
1800
ENDCHAR
STARTCHAR 023B
ENCODING 571
SWIDTH 780 0
DWIDTH 13 0
BBX 11 16 1 -2
BITMAP
0180
0500
3F80
7BC0
62C0
E6E0
C600
C400
CC00
CC00
E8E0
78C0
3FC0
1F00
3000
3000
ENDCHAR
STARTCHAR 023C
ENCODING 572
SWIDTH 600 0
DWIDTH 10 0
BBX 8 15 1 -3
BITMAP
03
02
06
7E
EF
CB
C8
D8
D0
D3
7F
3E
20
60
C0
ENDCHAR
STARTCHAR 023D
ENCODING 573
SWIDTH 600 0
DWIDTH 10 0
BBX 10 12 -1 0
BITMAP
3000
3000
3000
3000
3000
FC00
3000
3000
3000
3000
3FC0
3FC0
ENDCHAR
STARTCHAR 023E
ENCODING 574
SWIDTH 660 0
DWIDTH 11 0
BBX 10 16 1 -2
BITMAP
0300
0300
FFC0
FFC0
1E00
1C00
1C00
1C00
1C00
1C00
1C00
1C00
3C00
3C00
2000
6000
ENDCHAR
STARTCHAR 023F
ENCODING 575
SWIDTH 540 0
DWIDTH 9 0
BBX 8 12 1 -3
BITMAP
7E
E6
C0
F0
7E
07
C7
EE
7C
60
34
1E
ENDCHAR
STARTCHAR 0240
ENCODING 576
SWIDTH 600 0
DWIDTH 10 0
BBX 10 12 1 -3
BITMAP
FE00
FE00
0C00
1C00
3800
3000
6000
F000
FC00
0C00
0680
03C0
ENDCHAR
STARTCHAR 0241
ENCODING 577
SWIDTH 600 0
DWIDTH 10 0
BBX 8 12 1 0
BITMAP
7C
FE
C7
07
03
03
07
06
1E
18
18
18
ENDCHAR
STARTCHAR 0242
ENCODING 578
SWIDTH 600 0
DWIDTH 10 0
BBX 7 9 1 0
BITMAP
7C
7E
C6
06
06
1E
18
18
18
ENDCHAR
STARTCHAR 0243
ENCODING 579
SWIDTH 720 0
DWIDTH 12 0
BBX 11 12 0 0
BITMAP
3FC0
31E0
3060
3060
30C0
3F80
31E0
3060
FC60
3060
3FE0
3FC0
ENDCHAR
STARTCHAR 0244
ENCODING 580
SWIDTH 780 0
DWIDTH 13 0
BBX 13 12 0 0
BITMAP
7060
7060
7060
7060
7060
FFF8
7060
7060
7060
30E0
3FE0
0F80
ENDCHAR
STARTCHAR 0245
ENCODING 581
SWIDTH 780 0
DWIDTH 13 0
BBX 11 12 1 0
BITMAP
0E00
0E00
1E00
1B00
1B00
3380
3180
7180
71C0
60C0
E0C0
E0E0
ENDCHAR
STARTCHAR 0246
ENCODING 582
SWIDTH 600 0
DWIDTH 10 0
BBX 8 16 1 -2
BITMAP
03
02
FF
FF
C4
C4
CC
FF
FF
D8
D8
D0
FF
FF
20
20
ENDCHAR
STARTCHAR 0247
ENCODING 583
SWIDTH 600 0
DWIDTH 10 0
BBX 8 15 1 -3
BITMAP
03
02
06
7E
EF
CB
FF
FF
D0
D3
7F
3E
20
60
C0
ENDCHAR
STARTCHAR 0248
ENCODING 584
SWIDTH 600 0
DWIDTH 10 0
BBX 9 12 1 0
BITMAP
0600
0600
0600
0600
1F80
0600
0600
0600
0600
C600
FE00
7C00
ENDCHAR
STARTCHAR 0249
ENCODING 585
SWIDTH 240 0
DWIDTH 4 0
BBX 6 16 -1 -3
BITMAP
30
30
00
00
30
30
30
FC
30
30
30
30
30
30
30
70
ENDCHAR
STARTCHAR 024A
ENCODING 586
SWIDTH 840 0
DWIDTH 14 0
BBX 13 16 1 -3
BITMAP
0400
3F60
7BE0
60E0
E0E0
C060
C060
C060
C060
E0E0
71E0
7F60
1E60
0060
0060
0078
ENDCHAR
STARTCHAR 024B
ENCODING 587
SWIDTH 660 0
DWIDTH 11 0
BBX 10 12 1 -3
BITMAP
7F80
F780
C380
C380
C380
C380
E380
7F80
7B80
0380
0380
01C0
ENDCHAR
STARTCHAR 024C
ENCODING 588
SWIDTH 660 0
DWIDTH 11 0
BBX 11 12 0 0
BITMAP
7F80
73C0
70C0
70C0
70C0
71C0
FF80
7300
7180
71C0
70C0
70E0
ENDCHAR
STARTCHAR 024D
ENCODING 589
SWIDTH 420 0
DWIDTH 7 0
BBX 7 9 -1 0
BITMAP
36
3E
38
30
FC
30
30
30
30
ENDCHAR
STARTCHAR 024E
ENCODING 590
SWIDTH 720 0
DWIDTH 12 0
BBX 12 12 0 0
BITMAP
E070
70E0
FFF0
1980
1F80
0F00
0F00
0600
0600
0600
0600
0600
ENDCHAR
STARTCHAR 024F
ENCODING 591
SWIDTH 600 0
DWIDTH 10 0
BBX 9 12 0 -3
BITMAP
E180
6180
7300
FF80
3300
3E00
1E00
1E00
0C00
0C00
1C00
7800
ENDCHAR
STARTCHAR 0250
ENCODING 592
SWIDTH 600 0
DWIDTH 10 0
BBX 8 9 1 0
BITMAP
DE
E3
C3
C7
FE
E0
C3
FE
7C
ENDCHAR
STARTCHAR 0251
ENCODING 593
SWIDTH 660 0
DWIDTH 11 0
BBX 9 9 1 0
BITMAP
7D80
E780
C380
C300
C300
C300
C380
7F80
3D80
ENDCHAR
STARTCHAR 0252
ENCODING 594
SWIDTH 660 0
DWIDTH 11 0
BBX 9 9 1 0
BITMAP
EF00
FF00
6380
6180
6180
6180
6380
7F00
6F00
ENDCHAR
STARTCHAR 0253
ENCODING 595
SWIDTH 660 0
DWIDTH 11 0
BBX 9 13 1 0
BITMAP
1000
7000
E000
C000
DE00
FF00
E780
E380
E380
E380
F780
FF00
DE00
ENDCHAR
STARTCHAR 0254
ENCODING 596
SWIDTH 600 0
DWIDTH 10 0
BBX 8 9 1 0
BITMAP
7C
FE
C6
07
03
07
C6
FE
7C
ENDCHAR
STARTCHAR 0255
ENCODING 597
SWIDTH 600 0
DWIDTH 10 0
BBX 8 10 1 -1
BITMAP
7E
67
C3
C0
CE
FF
F3
FF
FE
80
ENDCHAR
STARTCHAR 0256
ENCODING 598
SWIDTH 660 0
DWIDTH 11 0
BBX 10 15 1 -3
BITMAP
0380
0380
0380
7F80
F780
C380
C380
C380
C380
E380
7F80
7B80
0380
0380
01C0
ENDCHAR
STARTCHAR 0257
ENCODING 599
SWIDTH 660 0
DWIDTH 11 0
BBX 11 13 1 0
BITMAP
0040
01E0
0380
0380
7F80
F780
C380
C380
C380
C380
E380
7F80
7B80
ENDCHAR
STARTCHAR 0258
ENCODING 600
SWIDTH 600 0
DWIDTH 10 0
BBX 8 9 1 0
BITMAP
7C
FE
C7
C3
FF
03
47
FE
7C
ENDCHAR
STARTCHAR 0259
ENCODING 601
SWIDTH 600 0
DWIDTH 10 0
BBX 8 9 1 0
BITMAP
7E
E7
03
03
FF
C3
C3
7E
3C
ENDCHAR
STARTCHAR 025A
ENCODING 602
SWIDTH 840 0
DWIDTH 14 0
BBX 12 9 1 0
BITMAP
7C00
FE00
47C0
1FC0
FFC0
C370
C700
7E00
7C00
ENDCHAR
STARTCHAR 025B
ENCODING 603
SWIDTH 600 0
DWIDTH 10 0
BBX 8 9 1 0
BITMAP
7E
E7
C0
F8
78
C0
C3
FF
7E
ENDCHAR
STARTCHAR 025C
ENCODING 604
SWIDTH 600 0
DWIDTH 10 0
BBX 8 9 1 0
BITMAP
7E
E7
03
1E
1C
07
C3
FF
7E
ENDCHAR
STARTCHAR 025D
ENCODING 605
SWIDTH 780 0
DWIDTH 13 0
BBX 11 9 1 0
BITMAP
7E00
E780
03C0
1EC0
1C60
0700
C300
FF00
7E00
ENDCHAR
STARTCHAR 025E
ENCODING 606
SWIDTH 600 0
DWIDTH 10 0
BBX 8 9 1 0
BITMAP
7E
E7
C3
DE
DE
C7
C3
7F
3E
ENDCHAR
STARTCHAR 025F
ENCODING 607
SWIDTH 240 0
DWIDTH 4 0
BBX 6 12 -1 -3
BITMAP
30
30
30
FC
30
30
30
30
30
30
30
70
ENDCHAR
STARTCHAR 0260
ENCODING 608
SWIDTH 660 0
DWIDTH 11 0
BBX 10 17 1 -4
BITMAP
0040
01C0
0380
0380
7F80
F780
C380
C380
C380
C380
E380
7F80
3B80
0380
E300
7F00
1C00
ENDCHAR
STARTCHAR 0261
ENCODING 609
SWIDTH 660 0
DWIDTH 11 0
BBX 9 13 1 -4
BITMAP
7F80
F780
C380
C380
C380
C380
E380
7F80
3B80
0380
E300
7F00
1C00
ENDCHAR
STARTCHAR 0262
ENCODING 610
SWIDTH 660 0
DWIDTH 11 0
BBX 9 9 1 0
BITMAP
3E00
7F00
E180
C000
C780
C780
E180
7F80
3F00
ENDCHAR
STARTCHAR 0263
ENCODING 611
SWIDTH 660 0
DWIDTH 11 0
BBX 9 13 1 -4
BITMAP
C180
6300
6300
3600
3E00
1C00
1C00
1C00
3E00
3600
3600
3E00
1800
ENDCHAR
STARTCHAR 0264
ENCODING 612
SWIDTH 720 0
DWIDTH 12 0
BBX 10 9 1 0
BITMAP
F3C0
FFC0
1E00
1C00
1C00
1E00
3E00
3E00
1E00
ENDCHAR
STARTCHAR 0265
ENCODING 613
SWIDTH 600 0
DWIDTH 10 0
BBX 8 12 1 -3
BITMAP
C3
C3
C3
C3
C3
C3
E3
7F
7B
03
03
03
ENDCHAR
STARTCHAR 0266
ENCODING 614
SWIDTH 600 0
DWIDTH 10 0
BBX 8 13 1 0
BITMAP
30
70
E0
C0
DE
F7
E3
C3
C3
C3
C3
C3
C3
ENDCHAR
STARTCHAR 0267
ENCODING 615
SWIDTH 600 0
DWIDTH 10 0
BBX 8 16 1 -3
BITMAP
30
70
E0
C0
DE
F7
E3
C3
C3
C3
C3
C3
C3
03
03
0F
ENDCHAR
STARTCHAR 0268
ENCODING 616
SWIDTH 240 0
DWIDTH 4 0
BBX 6 13 -1 0
BITMAP
30
30
00
00
30
30
30
FC
30
30
30
30
30
ENDCHAR
STARTCHAR 0269
ENCODING 617
SWIDTH 360 0
DWIDTH 6 0
BBX 4 9 1 0
BITMAP
C0
C0
C0
C0
C0
C0
C0
E0
70
ENDCHAR
STARTCHAR 026A
ENCODING 618
SWIDTH 420 0
DWIDTH 7 0
BBX 5 9 1 0
BITMAP
F8
F8
30
30
30
30
30
F8
F8
ENDCHAR
STARTCHAR 026B
ENCODING 619
SWIDTH 300 0
DWIDTH 5 0
BBX 6 12 0 0
BITMAP
30
30
30
30
74
FC
B8
30
30
30
30
30
ENDCHAR
STARTCHAR 026C
ENCODING 620
SWIDTH 480 0
DWIDTH 8 0
BBX 8 12 0 0
BITMAP
0C
0C
0C
7C
CC
EC
7F
0C
0C
0C
0C
0C
ENDCHAR
STARTCHAR 026D
ENCODING 621
SWIDTH 300 0
DWIDTH 5 0
BBX 4 15 1 -3
BITMAP
C0
C0
C0
C0
C0
C0
C0
C0
C0
C0
C0
C0
C0
E0
70
ENDCHAR
STARTCHAR 026E
ENCODING 622
SWIDTH 720 0
DWIDTH 12 0
BBX 10 15 1 -3
BITMAP
C000
C000
C000
FFC0
FF80
C300
C700
CE00
CF00
C380
C1C0
C0C0
01C0
1F80
3F00
ENDCHAR
STARTCHAR 026F
ENCODING 623
SWIDTH 900 0
DWIDTH 15 0
BBX 13 9 1 0
BITMAP
C318
C318
C318
C318
C318
C318
C718
FFF8
79D8
ENDCHAR
STARTCHAR 0270
ENCODING 624
SWIDTH 900 0
DWIDTH 15 0
BBX 13 12 1 -3
BITMAP
C318
C318
C318
C318
C318
C318
C718
FFF8
79D8
0018
0018
0018
ENDCHAR
STARTCHAR 0271
ENCODING 625
SWIDTH 900 0
DWIDTH 15 0
BBX 13 12 1 -3
BITMAP
DEF0
FFB8
C718
C318
C318
C318
C318
C318
C318
0018
0018
0078
ENDCHAR
STARTCHAR 0272
ENCODING 626
SWIDTH 660 0
DWIDTH 11 0
BBX 11 13 -1 -4
BITMAP
3FC0
3DC0
38E0
38E0
38E0
38E0
38E0
38E0
38E0
3800
3800
7000
C000
ENDCHAR
STARTCHAR 0273
ENCODING 627
SWIDTH 660 0
DWIDTH 11 0
BBX 10 12 1 -3
BITMAP
DE00
F700
E300
C300
C300
C300
C300
C300
C300
0300
0380
01C0
ENDCHAR
STARTCHAR 0274
ENCODING 628
SWIDTH 600 0
DWIDTH 10 0
BBX 8 9 1 0
BITMAP
E3
E3
F3
FB
DB
CF
CF
C7
C3
ENDCHAR
STARTCHAR 0275
ENCODING 629
SWIDTH 600 0
DWIDTH 10 0
BBX 9 9 1 0
BITMAP
7E00
E700
C300
C380
FF80
C380
C300
7F00
3E00
ENDCHAR
STARTCHAR 0276
ENCODING 630
SWIDTH 900 0
DWIDTH 15 0
BBX 13 9 1 0
BITMAP
3FF8
7FF8
E300
C300
C3F0
C300
E300
7FF8
3FF8
ENDCHAR
STARTCHAR 0277
ENCODING 631
SWIDTH 900 0
DWIDTH 15 0
BBX 13 9 1 0
BITMAP
1FC0
3FF0
7030
E738
E718
E718
E738
7FF0
3DF0
ENDCHAR
STARTCHAR 0278
ENCODING 632
SWIDTH 720 0
DWIDTH 12 0
BBX 10 16 1 -3
BITMAP
0C00
0C00
0C00
0C00
3F00
7F80
6D80
EDC0
ECC0
EDC0
6D80
7F80
3F00
0C00
0C00
0C00
ENDCHAR
STARTCHAR 0279
ENCODING 633
SWIDTH 420 0
DWIDTH 7 0
BBX 6 9 0 0
BITMAP
1C
1C
1C
1C
1C
1C
1C
FC
FC
ENDCHAR
STARTCHAR 027A
ENCODING 634
SWIDTH 360 0
DWIDTH 6 0
BBX 5 13 1 0
BITMAP
38
38
38
38
38
38
38
38
38
38
38
F8
D8
ENDCHAR
STARTCHAR 027B
ENCODING 635
SWIDTH 420 0
DWIDTH 7 0
BBX 8 13 0 -4
BITMAP
1C
1C
1C
1C
1C
1C
1C
FC
FC
1C
0C
0F
07
ENDCHAR
STARTCHAR 027C
ENCODING 636
SWIDTH 420 0
DWIDTH 7 0
BBX 6 12 1 -3
BITMAP
DC
F8
E0
C0
C0
C0
C0
C0
C0
C0
C0
C0
ENDCHAR
STARTCHAR 027D
ENCODING 637
SWIDTH 420 0
DWIDTH 7 0
BBX 6 12 1 -3
BITMAP
DC
F8
E0
C0
C0
C0
C0
C0
C0
C0
E0
70
ENDCHAR
STARTCHAR 027E
ENCODING 638
SWIDTH 360 0
DWIDTH 6 0
BBX 4 9 1 0
BITMAP
70
E0
C0
C0
C0
C0
C0
C0
C0
ENDCHAR
STARTCHAR 027F
ENCODING 639
SWIDTH 360 0
DWIDTH 6 0
BBX 4 12 1 -3
BITMAP
E0
70
30
30
30
30
30
30
30
30
30
30
ENDCHAR
STARTCHAR 0280
ENCODING 640
SWIDTH 660 0
DWIDTH 11 0
BBX 8 9 2 0
BITMAP
FC
FE
C6
C6
FE
FC
CC
C6
C7
ENDCHAR
STARTCHAR 0281
ENCODING 641
SWIDTH 660 0
DWIDTH 11 0
BBX 8 9 2 0
BITMAP
C7
C6
CC
FC
FE
C6
C6
FE
FC
ENDCHAR
STARTCHAR 0282
ENCODING 642
SWIDTH 540 0
DWIDTH 9 0
BBX 8 12 1 -3
BITMAP
7E
E6
C0
F0
7E
07
C7
EE
FC
80
D0
60
ENDCHAR
STARTCHAR 0283
ENCODING 643
SWIDTH 480 0
DWIDTH 8 0
BBX 6 17 1 -4
BITMAP
1C
3C
30
30
30
30
30
30
30
30
30
30
30
30
70
F0
C0
ENDCHAR
STARTCHAR 0284
ENCODING 644
SWIDTH 480 0
DWIDTH 8 0
BBX 6 17 1 -4
BITMAP
1C
3C
30
30
30
30
30
30
30
30
30
FC
30
30
70
F0
C0
ENDCHAR
STARTCHAR 0285
ENCODING 645
SWIDTH 480 0
DWIDTH 8 0
BBX 6 13 1 -4
BITMAP
E0
F0
30
30
30
30
30
30
30
30
38
3C
0C
ENDCHAR
STARTCHAR 0286
ENCODING 646
SWIDTH 600 0
DWIDTH 10 0
BBX 8 17 1 -4
BITMAP
07
0F
1C
1C
1C
1C
1C
1C
1C
1C
1C
1C
7C
FC
DE
FB
70
ENDCHAR
STARTCHAR 0287
ENCODING 647
SWIDTH 360 0
DWIDTH 6 0
BBX 5 11 1 -2
BITMAP
E0
F0
30
30
30
30
30
F8
F8
30
30
ENDCHAR
STARTCHAR 0288
ENCODING 648
SWIDTH 420 0
DWIDTH 7 0
BBX 6 16 0 -4
BITMAP
30
30
30
FC
30
30
30
30
30
30
30
30
30
30
3C
08
ENDCHAR
STARTCHAR 0289
ENCODING 649
SWIDTH 660 0
DWIDTH 11 0
BBX 11 9 0 0
BITMAP
71C0
71C0
71C0
FFE0
71C0
71C0
31C0
3FC0
1FC0
ENDCHAR
STARTCHAR 028A
ENCODING 650
SWIDTH 660 0
DWIDTH 11 0
BBX 9 9 1 0
BITMAP
E180
E380
6300
6380
C180
C180
E180
FF80
3F00
ENDCHAR
STARTCHAR 028B
ENCODING 651
SWIDTH 600 0
DWIDTH 10 0
BBX 8 9 1 0
BITMAP
CE
CF
C7
C7
C7
C7
C7
FE
7C
ENDCHAR
STARTCHAR 028C
ENCODING 652
SWIDTH 600 0
DWIDTH 10 0
BBX 9 9 0 0
BITMAP
1C00
1E00
1E00
3600
3300
3300
6380
6180
E180
ENDCHAR
STARTCHAR 028D
ENCODING 653
SWIDTH 840 0
DWIDTH 14 0
BBX 13 9 0 0
BITMAP
38E0
38E0
3CE0
6DB0
6DB0
65B0
6738
C718
C718
ENDCHAR
STARTCHAR 028E
ENCODING 654
SWIDTH 600 0
DWIDTH 10 0
BBX 9 13 0 0
BITMAP
0380
0700
0E00
0C00
1C00
1E00
1E00
3600
3300
3300
6380
6180
E180
ENDCHAR
STARTCHAR 028F
ENCODING 655
SWIDTH 600 0
DWIDTH 10 0
BBX 9 9 0 0
BITMAP
E180
6300
3300
3600
1E00
1C00
0C00
0C00
0C00
ENDCHAR
STARTCHAR 0290
ENCODING 656
SWIDTH 660 0
DWIDTH 11 0
BBX 10 13 1 -4
BITMAP
FE00
FE00
0C00
1C00
3800
3000
6000
FF00
FF00
0300
0300
03C0
00C0
ENDCHAR
STARTCHAR 0291
ENCODING 657
SWIDTH 720 0
DWIDTH 12 0
BBX 10 11 1 -2
BITMAP
FE00
FE00
0C00
1C00
3B80
37C0
66C0
FFC0
FF80
3000
1000
ENDCHAR
STARTCHAR 0292
ENCODING 658
SWIDTH 660 0
DWIDTH 11 0
BBX 9 12 1 -3
BITMAP
7F80
7F00
0600
0C00
1C00
1E00
0700
0180
0180
C380
7F00
3E00
ENDCHAR
STARTCHAR 0293
ENCODING 659
SWIDTH 660 0
DWIDTH 11 0
BBX 9 13 1 -4
BITMAP
7F80
7F00
0600
0E00
1C00
1E00
0700
0300
7D80
CF00
C700
7F80
1800
ENDCHAR
STARTCHAR 0294
ENCODING 660
SWIDTH 600 0
DWIDTH 10 0
BBX 8 13 1 0
BITMAP
3C
FE
C6
07
03
03
07
06
1E
1C
18
18
18
ENDCHAR
STARTCHAR 0295
ENCODING 661
SWIDTH 600 0
DWIDTH 10 0
BBX 8 13 1 0
BITMAP
3C
7E
E7
C3
C0
C0
C0
C0
78
38
18
18
18
ENDCHAR
STARTCHAR 0296
ENCODING 662
SWIDTH 600 0
DWIDTH 10 0
BBX 8 13 1 0
BITMAP
18
18
18
1C
1E
06
07
03
03
07
C6
FE
7C
ENDCHAR
STARTCHAR 0297
ENCODING 663
SWIDTH 600 0
DWIDTH 10 0
BBX 8 13 1 -4
BITMAP
3C
7E
C7
C0
C0
C0
C0
C0
C0
C3
E7
7E
18
ENDCHAR
STARTCHAR 0298
ENCODING 664
SWIDTH 780 0
DWIDTH 13 0
BBX 11 13 1 0
BITMAP
0400
3F80
7BC0
60E0
E060
C460
CE60
CE60
C060
E0E0
70C0
3FC0
1F00
ENDCHAR
STARTCHAR 0299
ENCODING 665
SWIDTH 600 0
DWIDTH 10 0
BBX 8 9 1 0
BITMAP
FE
CE
C7
C6
FE
C3
C3
FF
FE
ENDCHAR
STARTCHAR 029A
ENCODING 666
SWIDTH 600 0
DWIDTH 10 0
BBX 8 9 1 0
BITMAP
7E
E6
C3
F3
73
C3
C3
FE
7C
ENDCHAR
STARTCHAR 029B
ENCODING 667
SWIDTH 720 0
DWIDTH 12 0
BBX 11 10 1 0
BITMAP
00E0
3FE0
7F80
6180
E000
C780
E780
6180
7F80
3F00
ENDCHAR
STARTCHAR 029C
ENCODING 668
SWIDTH 600 0
DWIDTH 10 0
BBX 8 9 1 0
BITMAP
C3
C3
C3
FF
FF
C3
C3
C3
C3
ENDCHAR
STARTCHAR 029D
ENCODING 669
SWIDTH 420 0
DWIDTH 7 0
BBX 8 17 0 -4
BITMAP
0C
0C
00
00
0C
0C
0C
0C
0C
0C
0C
0C
7F
FF
CC
F8
30
ENDCHAR
STARTCHAR 029E
ENCODING 670
SWIDTH 600 0
DWIDTH 10 0
BBX 9 12 0 -3
BITMAP
E380
7380
3B80
1B80
0F80
1F80
1B80
3380
E380
0380
0380
0380
ENDCHAR
STARTCHAR 029F
ENCODING 671
SWIDTH 480 0
DWIDTH 8 0
BBX 6 9 1 0
BITMAP
C0
C0
C0
C0
C0
C0
C0
FC
FC
ENDCHAR
STARTCHAR 02A0
ENCODING 672
SWIDTH 660 0
DWIDTH 11 0
BBX 10 15 1 -3
BITMAP
00C0
01C0
0380
7F80
F780
C380
C380
C380
C380
E380
7F80
7B80
0380
0380
0380
ENDCHAR
STARTCHAR 02A1
ENCODING 673
SWIDTH 600 0
DWIDTH 10 0
BBX 8 13 1 0
BITMAP
3C
FE
C6
07
03
03
07
06
1E
1C
7E
7E
18
ENDCHAR
STARTCHAR 02A2
ENCODING 674
SWIDTH 600 0
DWIDTH 10 0
BBX 8 13 1 0
BITMAP
3C
7E
E7
C3
C0
C0
C0
C0
78
38
18
7E
18
ENDCHAR
STARTCHAR 02A3
ENCODING 675
SWIDTH 1140 0
DWIDTH 19 0
BBX 17 12 1 0
BITMAP
038000
038000
038000
7FFF80
F7FF00
C38700
C38E00
C38C00
C39800
E3B000
7FFF80
7BFF80
ENDCHAR
STARTCHAR 02A4
ENCODING 676
SWIDTH 1020 0
DWIDTH 17 0
BBX 15 16 1 -4
BITMAP
0300
0300
0300
7FFE
E7FE
C31C
C318
C330
C378
C37C
7F0E
7B06
0006
038E
01FC
0070
ENDCHAR
STARTCHAR 02A5
ENCODING 677
SWIDTH 1200 0
DWIDTH 20 0
BBX 19 14 1 -2
BITMAP
038000
038000
038000
7FFF00
F7FF00
C38600
C38C00
C39DC0
C3BBE0
E3B660
7FFFE0
7BFFC0
001800
001000
ENDCHAR
STARTCHAR 02A6
ENCODING 678
SWIDTH 840 0
DWIDTH 14 0
BBX 12 11 1 0
BITMAP
6000
6000
FFE0
FF70
6E30
6700
63E0
6070
6030
7FF0
3FE0
ENDCHAR
STARTCHAR 02A7
ENCODING 679
SWIDTH 660 0
DWIDTH 11 0
BBX 10 17 1 -4
BITMAP
01C0
03C0
6300
6300
FF00
FF00
6300
6300
6300
6300
6300
7F00
3F00
0300
0700
1E00
1C00
ENDCHAR
STARTCHAR 02A8
ENCODING 680
SWIDTH 900 0
DWIDTH 15 0
BBX 14 12 0 0
BITMAP
3000
3000
3000
FDF8
339C
330C
3300
3378
33FC
338C
3FF8
1FF0
ENDCHAR
STARTCHAR 02A9
ENCODING 681
SWIDTH 900 0
DWIDTH 15 0
BBX 14 17 0 -4
BITMAP
1C00
3C00
3000
3000
FF78
33FC
330C
330C
330C
330C
330C
330C
330C
000C
000C
0038
0030
ENDCHAR
STARTCHAR 02AA
ENCODING 682
SWIDTH 720 0
DWIDTH 12 0
BBX 10 12 1 0
BITMAP
C000
C000
C000
CF80
DDC0
D8C0
DC00
CF80
C1C0
C0C0
FFC0
DF80
ENDCHAR
STARTCHAR 02AB
ENCODING 683
SWIDTH 780 0
DWIDTH 13 0
BBX 11 12 1 0
BITMAP
C000
C000
C000
FFE0
FFE0
C1C0
C180
C300
C700
CE00
CFE0
CFE0
ENDCHAR
STARTCHAR 02AC
ENCODING 684
SWIDTH 540 0
DWIDTH 9 0
BBX 7 12 1 0
BITMAP
D6
FE
6C
6C
6C
00
00
96
FE
EC
6C
6C
ENDCHAR
STARTCHAR 02AD
ENCODING 685
SWIDTH 540 0
DWIDTH 9 0
BBX 7 12 1 0
BITMAP
FE
C6
C6
C6
C6
00
00
FE
C6
C6
C6
C6
ENDCHAR
STARTCHAR 02AE
ENCODING 686
SWIDTH 720 0
DWIDTH 12 0
BBX 10 12 1 -3
BITMAP
E1C0
71C0
71C0
71C0
71C0
71C0
71C0
3FC0
1FC0
01C0
01C0
01C0
ENDCHAR
STARTCHAR 02AF
ENCODING 687
SWIDTH 720 0
DWIDTH 12 0
BBX 12 12 1 -3
BITMAP
E1C0
71C0
71C0
71C0
71C0
71C0
71C0
3FC0
1FC0
01C0
00C0
00F0
ENDCHAR
STARTCHAR 02B0
ENCODING 688
SWIDTH 420 0
DWIDTH 7 0
BBX 5 8 1 6
BITMAP
80
80
F8
C8
88
88
88
88
ENDCHAR
STARTCHAR 02B1
ENCODING 689
SWIDTH 480 0
DWIDTH 8 0
BBX 6 10 1 5
BITMAP
60
E0
C0
F8
CC
CC
CC
CC
CC
CC
ENDCHAR
STARTCHAR 02B2
ENCODING 690
SWIDTH 180 0
DWIDTH 3 0
BBX 2 11 0 4
BITMAP
40
40
00
40
40
40
40
40
40
40
C0
ENDCHAR
STARTCHAR 02B3
ENCODING 691
SWIDTH 300 0
DWIDTH 5 0
BBX 4 6 1 6
BITMAP
F0
C0
80
80
80
80
ENDCHAR
STARTCHAR 02B4
ENCODING 692
SWIDTH 300 0
DWIDTH 5 0
BBX 3 7 1 5
BITMAP
20
20
20
20
60
E0
A0
ENDCHAR
STARTCHAR 02B5
ENCODING 693
SWIDTH 360 0
DWIDTH 6 0
BBX 5 9 1 3
BITMAP
20
20
20
20
20
E0
A0
30
38
ENDCHAR
STARTCHAR 02B6
ENCODING 694
SWIDTH 480 0
DWIDTH 8 0
BBX 6 7 1 5
BITMAP
CC
D8
F8
DC
CC
F8
F0
ENDCHAR
STARTCHAR 02B7
ENCODING 695
SWIDTH 600 0
DWIDTH 10 0
BBX 9 6 0 6
BITMAP
CD80
4D80
7D80
7700
3300
3300
ENDCHAR
STARTCHAR 02B8
ENCODING 696
SWIDTH 420 0
DWIDTH 7 0
BBX 6 8 0 4
BITMAP
CC
4C
68
28
38
30
30
60
ENDCHAR
STARTCHAR 02B9
ENCODING 697
SWIDTH 240 0
DWIDTH 4 0
BBX 2 5 1 7
BITMAP
C0
C0
C0
C0
40
ENDCHAR
STARTCHAR 02BA
ENCODING 698
SWIDTH 420 0
DWIDTH 7 0
BBX 5 5 1 7
BITMAP
D8
D8
D8
D8
48
ENDCHAR
STARTCHAR 02BB
ENCODING 699
SWIDTH 300 0
DWIDTH 5 0
BBX 3 5 1 8
BITMAP
60
C0
C0
C0
C0
ENDCHAR
STARTCHAR 02BC
ENCODING 700
SWIDTH 240 0
DWIDTH 4 0
BBX 3 4 0 8
BITMAP
60
60
60
C0
ENDCHAR
STARTCHAR 02BD
ENCODING 701
SWIDTH 300 0
DWIDTH 5 0
BBX 3 5 1 8
BITMAP
C0
C0
40
40
60
ENDCHAR
STARTCHAR 02BE
ENCODING 702
SWIDTH 180 0
DWIDTH 3 0
BBX 1 4 1 9
BITMAP
80
80
80
80
ENDCHAR
STARTCHAR 02BF
ENCODING 703
SWIDTH 180 0
DWIDTH 3 0
BBX 1 4 1 9
BITMAP
80
80
80
80
ENDCHAR
STARTCHAR 02C0
ENCODING 704
SWIDTH 480 0
DWIDTH 8 0
BBX 6 10 1 5
BITMAP
78
DC
0C
0C
0C
0C
38
30
30
30
ENDCHAR
STARTCHAR 02C1
ENCODING 705
SWIDTH 480 0
DWIDTH 8 0
BBX 6 10 1 5
BITMAP
78
6C
C0
C0
C0
C0
70
30
30
30
ENDCHAR
STARTCHAR 02C2
ENCODING 706
SWIDTH 540 0
DWIDTH 9 0
BBX 7 6 1 5
BITMAP
06
3E
F0
F0
3E
06
ENDCHAR
STARTCHAR 02C3
ENCODING 707
SWIDTH 540 0
DWIDTH 9 0
BBX 7 6 1 5
BITMAP
C0
F8
1E
1E
F8
C0
ENDCHAR
STARTCHAR 02C4
ENCODING 708
SWIDTH 480 0
DWIDTH 8 0
BBX 6 6 1 5
BITMAP
30
30
78
78
4C
CC
ENDCHAR
STARTCHAR 02C5
ENCODING 709
SWIDTH 480 0
DWIDTH 8 0
BBX 6 6 1 5
BITMAP
CC
CC
48
78
30
30
ENDCHAR
STARTCHAR 02C6
ENCODING 710
SWIDTH 540 0
DWIDTH 9 0
BBX 7 3 1 10
BITMAP
38
6C
C6
ENDCHAR
STARTCHAR 02C7
ENCODING 711
SWIDTH 540 0
DWIDTH 9 0
BBX 7 3 1 10
BITMAP
EE
38
10
ENDCHAR
STARTCHAR 02C8
ENCODING 712
SWIDTH 180 0
DWIDTH 3 0
BBX 1 3 1 10
BITMAP
80
80
80
ENDCHAR
STARTCHAR 02C9
ENCODING 713
SWIDTH 540 0
DWIDTH 9 0
BBX 6 1 2 11
BITMAP
FC
ENDCHAR
STARTCHAR 02CA
ENCODING 714
SWIDTH 360 0
DWIDTH 6 0
BBX 3 2 4 11
BITMAP
E0
C0
ENDCHAR
STARTCHAR 02CB
ENCODING 715
SWIDTH 360 0
DWIDTH 6 0
BBX 3 2 3 11
BITMAP
C0
60
ENDCHAR
STARTCHAR 02CC
ENCODING 716
SWIDTH 180 0
DWIDTH 3 0
BBX 1 3 1 -4
BITMAP
80
80
80
ENDCHAR
STARTCHAR 02CD
ENCODING 717
SWIDTH 480 0
DWIDTH 8 0
BBX 6 1 1 -2
BITMAP
FC
ENDCHAR
STARTCHAR 02CE
ENCODING 718
SWIDTH 360 0
DWIDTH 6 0
BBX 3 2 3 -2
BITMAP
C0
60
ENDCHAR
STARTCHAR 02CF
ENCODING 719
SWIDTH 360 0
DWIDTH 6 0
BBX 3 2 4 -2
BITMAP
E0
C0
ENDCHAR
STARTCHAR 02D0
ENCODING 720
SWIDTH 300 0
DWIDTH 5 0
BBX 3 9 1 0
BITMAP
E0
40
00
00
00
00
00
40
E0
ENDCHAR
STARTCHAR 02D1
ENCODING 721
SWIDTH 300 0
DWIDTH 5 0
BBX 3 2 1 7
BITMAP
E0
40
ENDCHAR
STARTCHAR 02D2
ENCODING 722
SWIDTH 180 0
DWIDTH 3 0
BBX 1 4 1 3
BITMAP
80
80
80
80
ENDCHAR
STARTCHAR 02D3
ENCODING 723
SWIDTH 180 0
DWIDTH 3 0
BBX 1 4 1 3
BITMAP
80
80
80
80
ENDCHAR
STARTCHAR 02D4
ENCODING 724
SWIDTH 360 0
DWIDTH 6 0
BBX 4 4 1 1
BITMAP
60
60
F0
F0
ENDCHAR
STARTCHAR 02D5
ENCODING 725
SWIDTH 360 0
DWIDTH 6 0
BBX 4 4 1 1
BITMAP
F0
F0
60
60
ENDCHAR
STARTCHAR 02D6
ENCODING 726
SWIDTH 360 0
DWIDTH 6 0
BBX 4 4 1 1
BITMAP
60
F0
F0
60
ENDCHAR
STARTCHAR 02D7
ENCODING 727
SWIDTH 360 0
DWIDTH 6 0
BBX 4 2 1 2
BITMAP
F0
F0
ENDCHAR
STARTCHAR 02D8
ENCODING 728
SWIDTH 480 0
DWIDTH 8 0
BBX 6 2 1 10
BITMAP
CC
78
ENDCHAR
STARTCHAR 02D9
ENCODING 729
SWIDTH 300 0
DWIDTH 5 0
BBX 3 2 1 11
BITMAP
C0
E0
ENDCHAR
STARTCHAR 02DA
ENCODING 730
SWIDTH 360 0
DWIDTH 6 0
BBX 4 4 1 10
BITMAP
F0
90
90
60
ENDCHAR
STARTCHAR 02DB
ENCODING 731
SWIDTH 300 0
DWIDTH 5 0
BBX 3 5 1 -4
BITMAP
40
E0
C0
E0
40
ENDCHAR
STARTCHAR 02DC
ENCODING 732
SWIDTH 540 0
DWIDTH 9 0
BBX 6 3 1 10
BITMAP
64
FC
88
ENDCHAR
STARTCHAR 02DD
ENCODING 733
SWIDTH 420 0
DWIDTH 7 0
BBX 6 3 1 10
BITMAP
6C
D8
B0
ENDCHAR
STARTCHAR 02DE
ENCODING 734
SWIDTH 300 0
DWIDTH 5 0
BBX 5 4 0 3
BITMAP
20
E0
B0
38
ENDCHAR
STARTCHAR 02DF
ENCODING 735
SWIDTH 360 0
DWIDTH 6 0
BBX 4 4 1 10
BITMAP
D0
70
70
D0
ENDCHAR
STARTCHAR 02E0
ENCODING 736
SWIDTH 480 0
DWIDTH 8 0
BBX 6 10 1 2
BITMAP
CC
CC
48
78
78
30
30
78
78
78
ENDCHAR
STARTCHAR 02E1
ENCODING 737
SWIDTH 180 0
DWIDTH 3 0
BBX 1 8 1 6
BITMAP
80
80
80
80
80
80
80
80
ENDCHAR
STARTCHAR 02E2
ENCODING 738
SWIDTH 360 0
DWIDTH 6 0
BBX 6 6 0 6
BITMAP
7C
40
78
0C
CC
78
ENDCHAR
STARTCHAR 02E3
ENCODING 739
SWIDTH 360 0
DWIDTH 6 0
BBX 6 6 0 6
BITMAP
EC
78
30
38
68
CC
ENDCHAR
STARTCHAR 02E4
ENCODING 740
SWIDTH 480 0
DWIDTH 8 0
BBX 6 7 1 5
BITMAP
78
CC
C0
C0
F0
30
30
ENDCHAR
STARTCHAR 02E5
ENCODING 741
SWIDTH 360 0
DWIDTH 6 0
BBX 5 12 1 0
BITMAP
F8
F8
38
38
38
38
38
38
38
38
38
38
ENDCHAR
STARTCHAR 02E6
ENCODING 742
SWIDTH 360 0
DWIDTH 6 0
BBX 5 12 1 0
BITMAP
38
38
F8
F8
38
38
38
38
38
38
38
38
ENDCHAR
STARTCHAR 02E7
ENCODING 743
SWIDTH 360 0
DWIDTH 6 0
BBX 5 12 1 0
BITMAP
38
38
38
38
38
F8
F8
38
38
38
38
38
ENDCHAR
STARTCHAR 02E8
ENCODING 744
SWIDTH 360 0
DWIDTH 6 0
BBX 5 12 1 0
BITMAP
38
38
38
38
38
38
38
38
F8
F8
38
38
ENDCHAR
STARTCHAR 02E9
ENCODING 745
SWIDTH 360 0
DWIDTH 6 0
BBX 5 12 1 0
BITMAP
38
38
38
38
38
38
38
38
38
38
F8
F8
ENDCHAR
STARTCHAR 02EA
ENCODING 746
SWIDTH 420 0
DWIDTH 7 0
BBX 5 8 1 0
BITMAP
C0
C0
C0
C0
C0
C0
F8
F8
ENDCHAR
STARTCHAR 02EB
ENCODING 747
SWIDTH 420 0
DWIDTH 7 0
BBX 5 8 1 0
BITMAP
C0
C0
C0
F8
F8
C0
C0
C0
ENDCHAR
STARTCHAR 02EC
ENCODING 748
SWIDTH 540 0
DWIDTH 9 0
BBX 7 3 1 -4
BITMAP
EE
38
10
ENDCHAR
STARTCHAR 02ED
ENCODING 749
SWIDTH 480 0
DWIDTH 8 0
BBX 6 3 1 10
BITMAP
FC
00
FC
ENDCHAR
STARTCHAR 02EE
ENCODING 750
SWIDTH 480 0
DWIDTH 8 0
BBX 6 5 1 8
BITMAP
6C
6C
6C
58
C8
ENDCHAR
STARTCHAR 02EF
ENCODING 751
SWIDTH 360 0
DWIDTH 6 0
BBX 4 4 1 -5
BITMAP
D0
70
60
20
ENDCHAR
STARTCHAR 02F0
ENCODING 752
SWIDTH 360 0
DWIDTH 6 0
BBX 4 4 1 -5
BITMAP
60
70
D0
90
ENDCHAR
STARTCHAR 02F1
ENCODING 753
SWIDTH 360 0
DWIDTH 6 0
BBX 4 4 1 -5
BITMAP
30
C0
70
10
ENDCHAR
STARTCHAR 02F2
ENCODING 754
SWIDTH 360 0
DWIDTH 6 0
BBX 4 4 1 -5
BITMAP
E0
10
E0
80
ENDCHAR
STARTCHAR 02F3
ENCODING 755
SWIDTH 360 0
DWIDTH 6 0
BBX 3 2 1 -3
BITMAP
E0
E0
ENDCHAR
STARTCHAR 02F4
ENCODING 756
SWIDTH 360 0
DWIDTH 6 0
BBX 3 2 3 3
BITMAP
C0
60
ENDCHAR
STARTCHAR 02F5
ENCODING 757
SWIDTH 600 0
DWIDTH 10 0
BBX 3 5 3 3
BITMAP
C0
60
20
E0
60
ENDCHAR
STARTCHAR 02F6
ENCODING 758
SWIDTH 600 0
DWIDTH 10 0
BBX 4 5 3 3
BITMAP
70
60
D0
60
40
ENDCHAR
STARTCHAR 02F7
ENCODING 759
SWIDTH 480 0
DWIDTH 8 0
BBX 6 3 1 -4
BITMAP
64
FC
80
ENDCHAR
STARTCHAR 02F8
ENCODING 760
SWIDTH 240 0
DWIDTH 4 0
BBX 2 10 1 3
BITMAP
80
C0
C0
00
00
00
00
40
C0
C0
ENDCHAR
STARTCHAR 02F9
ENCODING 761
SWIDTH 360 0
DWIDTH 6 0
BBX 4 4 1 9
BITMAP
F0
F0
C0
C0
ENDCHAR
STARTCHAR 02FA
ENCODING 762
SWIDTH 360 0
DWIDTH 6 0
BBX 3 3 2 10
BITMAP
E0
E0
E0
ENDCHAR
STARTCHAR 02FB
ENCODING 763
SWIDTH 360 0
DWIDTH 6 0
BBX 4 3 1 -4
BITMAP
C0
F0
F0
ENDCHAR
STARTCHAR 02FC
ENCODING 764
SWIDTH 360 0
DWIDTH 6 0
BBX 4 3 1 -4
BITMAP
30
F0
F0
ENDCHAR
STARTCHAR 02FD
ENCODING 765
SWIDTH 480 0
DWIDTH 8 0
BBX 6 3 1 -4
BITMAP
CC
FC
FC
ENDCHAR
STARTCHAR 02FE
ENCODING 766
SWIDTH 480 0
DWIDTH 8 0
BBX 6 3 1 -4
BITMAP
C0
C0
FC
ENDCHAR
STARTCHAR 02FF
ENCODING 767
SWIDTH 540 0
DWIDTH 9 0
BBX 7 5 1 -4
BITMAP
38
7E
FE
20
18
ENDCHAR
STARTCHAR 0300
ENCODING 768
SWIDTH 0 0
DWIDTH 0 0
BBX 4 3 -8 10
BITMAP
E0
60
30
ENDCHAR
STARTCHAR 0301
ENCODING 769
SWIDTH 0 0
DWIDTH 0 0
BBX 3 2 -3 11
BITMAP
E0
C0
ENDCHAR
STARTCHAR 0302
ENCODING 770
SWIDTH 0 0
DWIDTH 0 0
BBX 6 3 -8 10
BITMAP
70
58
CC
ENDCHAR
STARTCHAR 0303
ENCODING 771
SWIDTH 0 0
DWIDTH 0 0
BBX 6 3 -8 10
BITMAP
64
FC
88
ENDCHAR
STARTCHAR 0304
ENCODING 772
SWIDTH 0 0
DWIDTH 0 0
BBX 6 1 -8 11
BITMAP
FC
ENDCHAR
STARTCHAR 0305
ENCODING 773
SWIDTH 0 0
DWIDTH 0 0
BBX 8 2 -9 13
BITMAP
FF
FF
ENDCHAR
STARTCHAR 0306
ENCODING 774
SWIDTH 0 0
DWIDTH 0 0
BBX 6 3 -8 10
BITMAP
CC
F8
70
ENDCHAR
STARTCHAR 0307
ENCODING 775
SWIDTH 0 0
DWIDTH 0 0
BBX 2 2 -6 11
BITMAP
C0
C0
ENDCHAR
STARTCHAR 0308
ENCODING 776
SWIDTH 0 0
DWIDTH 0 0
BBX 6 2 -8 11
BITMAP
C8
DC
ENDCHAR
STARTCHAR 0309
ENCODING 777
SWIDTH 0 0
DWIDTH 0 0
BBX 3 4 -6 10
BITMAP
C0
60
C0
80
ENDCHAR
STARTCHAR 030A
ENCODING 778
SWIDTH 0 0
DWIDTH 0 0
BBX 4 4 -7 10
BITMAP
F0
90
90
60
ENDCHAR
STARTCHAR 030B
ENCODING 779
SWIDTH 0 0
DWIDTH 0 0
BBX 4 5 -7 11
BITMAP
70
60
D0
60
60
ENDCHAR
STARTCHAR 030C
ENCODING 780
SWIDTH 0 0
DWIDTH 0 0
BBX 6 3 -8 10
BITMAP
CC
78
30
ENDCHAR
STARTCHAR 030D
ENCODING 781
SWIDTH 0 0
DWIDTH 0 0
BBX 2 3 -6 10
BITMAP
C0
C0
C0
ENDCHAR
STARTCHAR 030E
ENCODING 782
SWIDTH 0 0
DWIDTH 0 0
BBX 4 3 -7 10
BITMAP
D0
D0
D0
ENDCHAR
STARTCHAR 030F
ENCODING 783
SWIDTH 0 0
DWIDTH 0 0
BBX 6 2 -8 11
BITMAP
D8
6C
ENDCHAR
STARTCHAR 0310
ENCODING 784
SWIDTH 0 0
DWIDTH 0 0
BBX 6 5 -8 10
BITMAP
20
70
EC
D8
70
ENDCHAR
STARTCHAR 0311
ENCODING 785
SWIDTH 0 0
DWIDTH 0 0
BBX 6 2 -8 10
BITMAP
78
CC
ENDCHAR
STARTCHAR 0312
ENCODING 786
SWIDTH 0 0
DWIDTH 0 0
BBX 3 5 -6 8
BITMAP
60
C0
C0
C0
C0
ENDCHAR
STARTCHAR 0313
ENCODING 787
SWIDTH 0 0
DWIDTH 0 0
BBX 2 5 -6 8
BITMAP
C0
C0
C0
C0
80
ENDCHAR
STARTCHAR 0314
ENCODING 788
SWIDTH 0 0
DWIDTH 0 0
BBX 3 5 -7 8
BITMAP
C0
60
60
60
20
ENDCHAR
STARTCHAR 0315
ENCODING 789
SWIDTH 0 0
DWIDTH 0 0
BBX 2 5 -1 8
BITMAP
C0
C0
C0
C0
80
ENDCHAR
STARTCHAR 0316
ENCODING 790
SWIDTH 0 0
DWIDTH 0 0
BBX 3 2 -5 -2
BITMAP
C0
60
ENDCHAR
STARTCHAR 0317
ENCODING 791
SWIDTH 0 0
DWIDTH 0 0
BBX 4 2 -5 -2
BITMAP
70
C0
ENDCHAR
STARTCHAR 0318
ENCODING 792
SWIDTH 0 0
DWIDTH 0 0
BBX 4 3 -7 -4
BITMAP
30
F0
30
ENDCHAR
STARTCHAR 0319
ENCODING 793
SWIDTH 0 0
DWIDTH 0 0
BBX 4 3 -7 -4
BITMAP
C0
F0
C0
ENDCHAR
STARTCHAR 031A
ENCODING 794
SWIDTH 0 0
DWIDTH 0 0
BBX 6 3 -7 11
BITMAP
FC
FC
0C
ENDCHAR
STARTCHAR 031B
ENCODING 795
SWIDTH 0 0
DWIDTH 0 0
BBX 3 4 -4 8
BITMAP
60
60
C0
40
ENDCHAR
STARTCHAR 031C
ENCODING 796
SWIDTH 0 0
DWIDTH 0 0
BBX 2 4 -6 -4
BITMAP
40
80
80
40
ENDCHAR
STARTCHAR 031D
ENCODING 797
SWIDTH 0 0
DWIDTH 0 0
BBX 4 4 -7 -4
BITMAP
20
20
F0
F0
ENDCHAR
STARTCHAR 031E
ENCODING 798
SWIDTH 0 0
DWIDTH 0 0
BBX 4 4 -7 -4
BITMAP
F0
F0
60
60
ENDCHAR
STARTCHAR 0321
ENCODING 801
SWIDTH 0 0
DWIDTH 0 0
BBX 4 6 -5 -4
BITMAP
30
30
30
30
E0
40
ENDCHAR
STARTCHAR 0322
ENCODING 802
SWIDTH 0 0
DWIDTH 0 0
BBX 4 6 -3 -4
BITMAP
C0
C0
C0
C0
70
10
ENDCHAR
STARTCHAR 0323
ENCODING 803
SWIDTH 0 0
DWIDTH 0 0
BBX 2 2 -6 -3
BITMAP
C0
C0
ENDCHAR
STARTCHAR 0324
ENCODING 804
SWIDTH 0 0
DWIDTH 0 0
BBX 6 2 -9 -3
BITMAP
CC
CC
ENDCHAR
STARTCHAR 0325
ENCODING 805
SWIDTH 0 0
DWIDTH 0 0
BBX 4 4 -7 -3
BITMAP
F0
90
90
60
ENDCHAR
STARTCHAR 0326
ENCODING 806
SWIDTH 0 0
DWIDTH 0 0
BBX 3 4 -7 -5
BITMAP
60
60
C0
40
ENDCHAR
STARTCHAR 0327
ENCODING 807
SWIDTH 0 0
DWIDTH 0 0
BBX 4 4 -7 -4
BITMAP
60
B0
60
40
ENDCHAR
STARTCHAR 0328
ENCODING 808
SWIDTH 0 0
DWIDTH 0 0
BBX 3 5 -7 -4
BITMAP
40
E0
C0
E0
40
ENDCHAR
STARTCHAR 0329
ENCODING 809
SWIDTH 0 0
DWIDTH 0 0
BBX 2 3 -6 -4
BITMAP
C0
C0
C0
ENDCHAR
STARTCHAR 032A
ENCODING 810
SWIDTH 0 0
DWIDTH 0 0
BBX 6 3 -8 -4
BITMAP
FC
8C
8C
ENDCHAR
STARTCHAR 032B
ENCODING 811
SWIDTH 0 0
DWIDTH 0 0
BBX 7 2 -9 -3
BITMAP
92
7C
ENDCHAR
STARTCHAR 032C
ENCODING 812
SWIDTH 0 0
DWIDTH 0 0
BBX 6 2 -8 -3
BITMAP
DC
70
ENDCHAR
STARTCHAR 032D
ENCODING 813
SWIDTH 0 0
DWIDTH 0 0
BBX 6 3 -8 -4
BITMAP
30
78
CC
ENDCHAR
STARTCHAR 032E
ENCODING 814
SWIDTH 0 0
DWIDTH 0 0
BBX 6 2 -8 -3
BITMAP
CC
78
ENDCHAR
STARTCHAR 032F
ENCODING 815
SWIDTH 0 0
DWIDTH 0 0
BBX 6 2 -8 -3
BITMAP
78
CC
ENDCHAR
STARTCHAR 0330
ENCODING 816
SWIDTH 0 0
DWIDTH 0 0
BBX 6 3 -8 -4
BITMAP
44
FC
90
ENDCHAR
STARTCHAR 0331
ENCODING 817
SWIDTH 0 0
DWIDTH 0 0
BBX 6 1 -8 -3
BITMAP
FC
ENDCHAR
STARTCHAR 0332
ENCODING 818
SWIDTH 0 0
DWIDTH 0 0
BBX 8 2 -9 -3
BITMAP
FF
FF
ENDCHAR
STARTCHAR 0333
ENCODING 819
SWIDTH 0 0
DWIDTH 0 0
BBX 8 3 -9 -4
BITMAP
FF
00
FF
ENDCHAR
STARTCHAR 0334
ENCODING 820
SWIDTH 0 0
DWIDTH 0 0
BBX 6 3 -8 3
BITMAP
64
FC
90
ENDCHAR
STARTCHAR 0335
ENCODING 821
SWIDTH 0 0
DWIDTH 0 0
BBX 6 1 -8 4
BITMAP
FC
ENDCHAR
STARTCHAR 0336
ENCODING 822
SWIDTH 0 0
DWIDTH 0 0
BBX 11 1 -11 4
BITMAP
FFE0
ENDCHAR
STARTCHAR 0337
ENCODING 823
SWIDTH 0 0
DWIDTH 0 0
BBX 7 11 -9 -1
BITMAP
02
04
04
08
08
10
10
20
20
40
C0
ENDCHAR
STARTCHAR 0338
ENCODING 824
SWIDTH 0 0
DWIDTH 0 0
BBX 9 14 -11 -1
BITMAP
0080
0080
0100
0100
0200
0400
0400
0800
1000
1000
2000
2000
4000
8000
ENDCHAR
STARTCHAR 0339
ENCODING 825
SWIDTH 0 0
DWIDTH 0 0
BBX 2 4 -6 -4
BITMAP
80
C0
40
80
ENDCHAR
STARTCHAR 033A
ENCODING 826
SWIDTH 0 0
DWIDTH 0 0
BBX 6 3 -8 -4
BITMAP
C4
FC
FC
ENDCHAR
STARTCHAR 033B
ENCODING 827
SWIDTH 0 0
DWIDTH 0 0
BBX 4 3 -7 -4
BITMAP
F0
B0
F0
ENDCHAR
STARTCHAR 033C
ENCODING 828
SWIDTH 0 0
DWIDTH 0 0
BBX 7 2 -8 -3
BITMAP
FC
92
ENDCHAR
STARTCHAR 033D
ENCODING 829
SWIDTH 0 0
DWIDTH 0 0
BBX 4 4 -7 10
BITMAP
F0
60
F0
50
ENDCHAR
STARTCHAR 033E
ENCODING 830
SWIDTH 0 0
DWIDTH 0 0
BBX 2 5 -6 9
BITMAP
C0
80
C0
C0
80
ENDCHAR
STARTCHAR 033F
ENCODING 831
SWIDTH 0 0
DWIDTH 0 0
BBX 8 4 -9 12
BITMAP
FF
00
FF
FF
ENDCHAR
STARTCHAR 0340
ENCODING 832
SWIDTH 0 0
DWIDTH 0 0
BBX 3 2 0 11
BITMAP
C0
60
ENDCHAR
STARTCHAR 0341
ENCODING 833
SWIDTH 0 0
DWIDTH 0 0
BBX 3 2 1 11
BITMAP
E0
80
ENDCHAR
STARTCHAR 0342
ENCODING 834
SWIDTH 0 0
DWIDTH 0 0
BBX 6 3 -8 10
BITMAP
64
FC
90
ENDCHAR
STARTCHAR 0343
ENCODING 835
SWIDTH 0 0
DWIDTH 0 0
BBX 3 3 -6 7
BITMAP
E0
C0
80
ENDCHAR
STARTCHAR 0344
ENCODING 836
SWIDTH 0 0
DWIDTH 0 0
BBX 8 4 -9 10
BITMAP
1C
18
C7
42
ENDCHAR
STARTCHAR 0345
ENCODING 837
SWIDTH 0 0
DWIDTH 0 0
BBX 2 3 -6 -4
BITMAP
80
80
C0
ENDCHAR
STARTCHAR 0346
ENCODING 838
SWIDTH 0 0
DWIDTH 0 0
BBX 6 3 -8 10
BITMAP
FC
8C
8C
ENDCHAR
STARTCHAR 0347
ENCODING 839
SWIDTH 0 0
DWIDTH 0 0
BBX 5 4 -8 -5
BITMAP
F8
00
F8
F8
ENDCHAR
STARTCHAR 0348
ENCODING 840
SWIDTH 0 0
DWIDTH 0 0
BBX 4 3 -7 -4
BITMAP
D0
D0
D0
ENDCHAR
STARTCHAR 0349
ENCODING 841
SWIDTH 0 0
DWIDTH 0 0
BBX 4 3 -7 -4
BITMAP
F0
30
30
ENDCHAR
STARTCHAR 034A
ENCODING 842
SWIDTH 0 0
DWIDTH 0 0
BBX 7 3 -9 10
BITMAP
2E
7C
D8
ENDCHAR
STARTCHAR 034B
ENCODING 843
SWIDTH 0 0
DWIDTH 0 0
BBX 7 7 -9 10
BITMAP
10
38
10
76
DC
10
38
ENDCHAR
STARTCHAR 034C
ENCODING 844
SWIDTH 0 0
DWIDTH 0 0
BBX 6 4 -8 10
BITMAP
FC
98
FC
98
ENDCHAR
STARTCHAR 034D
ENCODING 845
SWIDTH 0 0
DWIDTH 0 0
BBX 7 4 -9 -5
BITMAP
6C
FE
42
2C
ENDCHAR
STARTCHAR 034E
ENCODING 846
SWIDTH 0 0
DWIDTH 0 0
BBX 4 4 -7 -5
BITMAP
60
D0
D0
40
ENDCHAR
STARTCHAR 034F
ENCODING 847
SWIDTH 0 0
DWIDTH 0 0
BBX 0 0 0 0
BITMAP
ENDCHAR
STARTCHAR 0350
ENCODING 848
SWIDTH 0 0
DWIDTH 0 0
BBX 6 6 -8 11
BITMAP
C0
F0
1C
1C
F0
C0
ENDCHAR
STARTCHAR 0351
ENCODING 849
SWIDTH 0 0
DWIDTH 0 0
BBX 2 4 -6 9
BITMAP
40
80
80
40
ENDCHAR
STARTCHAR 0352
ENCODING 850
SWIDTH 0 0
DWIDTH 0 0
BBX 6 5 -8 10
BITMAP
20
F8
CC
30
70
ENDCHAR
STARTCHAR 0353
ENCODING 851
SWIDTH 0 0
DWIDTH 0 0
BBX 4 4 -7 -4
BITMAP
90
F0
60
F0
ENDCHAR
STARTCHAR 0354
ENCODING 852
SWIDTH 0 0
DWIDTH 0 0
BBX 4 4 -7 -5
BITMAP
30
C0
70
10
ENDCHAR
STARTCHAR 0355
ENCODING 853
SWIDTH 0 0
DWIDTH 0 0
BBX 4 4 -7 -5
BITMAP
E0
10
E0
80
ENDCHAR
STARTCHAR 0356
ENCODING 854
SWIDTH 0 0
DWIDTH 0 0
BBX 9 4 -9 -5
BITMAP
E300
1B80
F680
8480
ENDCHAR
STARTCHAR 0357
ENCODING 855
SWIDTH 0 0
DWIDTH 0 0
BBX 2 4 -6 9
BITMAP
80
C0
40
80
ENDCHAR
STARTCHAR 0358
ENCODING 856
SWIDTH 0 0
DWIDTH 0 0
BBX 3 2 1 10
BITMAP
C0
E0
ENDCHAR
STARTCHAR 0359
ENCODING 857
SWIDTH 0 0
DWIDTH 0 0
BBX 4 3 -7 -4
BITMAP
40
F0
E0
ENDCHAR
STARTCHAR 035A
ENCODING 858
SWIDTH 0 0
DWIDTH 0 0
BBX 6 3 -8 -4
BITMAP
FC
A4
FC
ENDCHAR
STARTCHAR 035B
ENCODING 859
SWIDTH 0 0
DWIDTH 0 0
BBX 4 4 -7 10
BITMAP
40
50
E0
20
ENDCHAR
STARTCHAR 035C
ENCODING 860
SWIDTH 0 0
DWIDTH 0 0
BBX 13 3 -7 -3
BITMAP
C018
7070
1FC0
ENDCHAR
STARTCHAR 035D
ENCODING 861
SWIDTH 0 0
DWIDTH 0 0
BBX 12 3 -6 10
BITMAP
8030
E060
3FC0
ENDCHAR
STARTCHAR 035E
ENCODING 862
SWIDTH 0 0
DWIDTH 0 0
BBX 10 1 -5 11
BITMAP
FFC0
ENDCHAR
STARTCHAR 035F
ENCODING 863
SWIDTH 0 0
DWIDTH 0 0
BBX 10 1 -5 -2
BITMAP
FFC0
ENDCHAR
STARTCHAR 0360
ENCODING 864
SWIDTH 0 0
DWIDTH 0 0
BBX 17 3 -9 10
BITMAP
200080
7FFF80
C00E00
ENDCHAR
STARTCHAR 0361
ENCODING 865
SWIDTH 0 0
DWIDTH 0 0
BBX 11 2 -6 10
BITMAP
3FC0
E060
ENDCHAR
STARTCHAR 0362
ENCODING 866
SWIDTH 0 0
DWIDTH 0 0
BBX 14 4 -7 -5
BITMAP
0030
FFFC
0008
0030
ENDCHAR
STARTCHAR 0363
ENCODING 867
SWIDTH 0 0
DWIDTH 0 0
BBX 4 5 -7 10
BITMAP
60
B0
70
90
F0
ENDCHAR
STARTCHAR 0364
ENCODING 868
SWIDTH 0 0
DWIDTH 0 0
BBX 4 5 -7 10
BITMAP
60
B0
F0
80
F0
ENDCHAR
STARTCHAR 0365
ENCODING 869
SWIDTH 0 0
DWIDTH 0 0
BBX 2 6 -6 10
BITMAP
C0
C0
C0
C0
C0
C0
ENDCHAR
STARTCHAR 0366
ENCODING 870
SWIDTH 0 0
DWIDTH 0 0
BBX 4 5 -7 10
BITMAP
60
B0
90
90
F0
ENDCHAR
STARTCHAR 0367
ENCODING 871
SWIDTH 0 0
DWIDTH 0 0
BBX 4 5 -7 10
BITMAP
90
90
90
90
F0
ENDCHAR
STARTCHAR 0368
ENCODING 872
SWIDTH 0 0
DWIDTH 0 0
BBX 4 5 -7 10
BITMAP
60
F0
80
90
F0
ENDCHAR
STARTCHAR 0369
ENCODING 873
SWIDTH 0 0
DWIDTH 0 0
BBX 4 7 -7 10
BITMAP
10
10
50
B0
90
90
F0
ENDCHAR
STARTCHAR 036A
ENCODING 874
SWIDTH 0 0
DWIDTH 0 0
BBX 4 7 -7 10
BITMAP
80
80
A0
F0
90
90
90
ENDCHAR
STARTCHAR 036B
ENCODING 875
SWIDTH 0 0
DWIDTH 0 0
BBX 7 5 -9 10
BITMAP
A4
DA
D2
D2
D2
ENDCHAR
STARTCHAR 036C
ENCODING 876
SWIDTH 0 0
DWIDTH 0 0
BBX 2 5 -6 10
BITMAP
C0
C0
80
80
80
ENDCHAR
STARTCHAR 036D
ENCODING 877
SWIDTH 0 0
DWIDTH 0 0
BBX 3 6 -7 10
BITMAP
40
E0
40
40
40
60
ENDCHAR
STARTCHAR 036E
ENCODING 878
SWIDTH 0 0
DWIDTH 0 0
BBX 4 5 -7 10
BITMAP
90
B0
E0
60
60
ENDCHAR
STARTCHAR 036F
ENCODING 879
SWIDTH 0 0
DWIDTH 0 0
BBX 4 5 -7 10
BITMAP
90
70
60
60
D0
ENDCHAR
STARTCHAR 0370
ENCODING 880
SWIDTH 660 0
DWIDTH 11 0
BBX 8 12 2 0
BITMAP
C0
C0
C0
C0
C0
FF
FF
C0
C0
C0
C0
C0
ENDCHAR
STARTCHAR 0371
ENCODING 881
SWIDTH 600 0
DWIDTH 10 0
BBX 8 9 1 0
BITMAP
E0
70
30
30
3F
30
30
30
30
ENDCHAR
STARTCHAR 0372
ENCODING 882
SWIDTH 660 0
DWIDTH 11 0
BBX 10 12 1 0
BITMAP
FFC0
FFC0
CCC0
CCC0
CCC0
0C00
0C00
0C00
0C00
0C00
0C00
0C00
ENDCHAR
STARTCHAR 0373
ENCODING 883
SWIDTH 600 0
DWIDTH 10 0
BBX 9 12 1 0
BITMAP
FF80
FF80
D980
D980
1800
1800
1800
1800
1800
1800
1800
1800
ENDCHAR
STARTCHAR 0374
ENCODING 884
SWIDTH 300 0
DWIDTH 5 0
BBX 3 5 1 7
BITMAP
E0
40
40
40
40
ENDCHAR
STARTCHAR 0375
ENCODING 885
SWIDTH 300 0
DWIDTH 5 0
BBX 3 3 1 -4
BITMAP
60
40
C0
ENDCHAR
STARTCHAR 0376
ENCODING 886
SWIDTH 780 0
DWIDTH 13 0
BBX 11 12 1 0
BITMAP
E0E0
E1E0
E1E0
E3E0
E7E0
E6E0
ECE0
FCE0
F8E0
F0E0
E0E0
E0E0
ENDCHAR
STARTCHAR 0377
ENCODING 887
SWIDTH 660 0
DWIDTH 11 0
BBX 9 9 1 0
BITMAP
C700
C700
CF00
CF00
DB00
D300
F300
E380
E380
ENDCHAR
STARTCHAR 037A
ENCODING 890
SWIDTH 300 0
DWIDTH 5 0
BBX 3 3 1 -4
BITMAP
C0
C0
60
ENDCHAR
STARTCHAR 037B
ENCODING 891
SWIDTH 600 0
DWIDTH 10 0
BBX 8 9 1 0
BITMAP
7C
FE
C6
07
03
07
C6
FE
7C
ENDCHAR
STARTCHAR 037C
ENCODING 892
SWIDTH 600 0
DWIDTH 10 0
BBX 8 9 1 0
BITMAP
3C
7E
C7
C0
D8
D0
C3
7E
3C
ENDCHAR
STARTCHAR 037D
ENCODING 893
SWIDTH 600 0
DWIDTH 10 0
BBX 8 9 1 0
BITMAP
7C
FE
C6
07
3B
17
C6
FE
7C
ENDCHAR
STARTCHAR 037E
ENCODING 894
SWIDTH 300 0
DWIDTH 5 0
BBX 3 13 1 -3
BITMAP
40
E0
60
00
00
00
00
00
60
60
40
C0
C0
ENDCHAR
STARTCHAR 037F
ENCODING 895
SWIDTH 600 0
DWIDTH 10 0
BBX 7 12 1 0
BITMAP
06
06
06
06
06
06
06
06
06
C6
FE
7C
ENDCHAR
STARTCHAR 0384
ENCODING 900
SWIDTH 360 0
DWIDTH 6 0
BBX 2 3 2 10
BITMAP
C0
80
80
ENDCHAR
STARTCHAR 0385
ENCODING 901
SWIDTH 600 0
DWIDTH 10 0
BBX 8 4 1 10
BITMAP
1C
18
C7
42
ENDCHAR
STARTCHAR 0386
ENCODING 902
SWIDTH 720 0
DWIDTH 12 0
BBX 12 13 0 0
BITMAP
3000
2F00
6F00
0F80
1D80
1980
19C0
38C0
3FC0
3FE0
7060
6060
E070
ENDCHAR
STARTCHAR 0387
ENCODING 903
SWIDTH 300 0
DWIDTH 5 0
BBX 3 3 1 7
BITMAP
40
E0
E0
ENDCHAR
STARTCHAR 0388
ENCODING 904
SWIDTH 780 0
DWIDTH 13 0
BBX 11 13 1 0
BITMAP
C000
DFE0
9FE0
1800
1800
1800
1FC0
1FC0
1800
1800
1800
1FE0
1FE0
ENDCHAR
STARTCHAR 0389
ENCODING 905
SWIDTH 900 0
DWIDTH 15 0
BBX 13 13 1 0
BITMAP
6000
D818
D818
1818
1818
1818
1FF8
1FF8
1818
1818
1818
1818
1818
ENDCHAR
STARTCHAR 038A
ENCODING 906
SWIDTH 360 0
DWIDTH 6 0
BBX 5 13 0 0
BITMAP
E0
D8
98
18
18
18
18
18
18
18
18
18
18
ENDCHAR
STARTCHAR 038C
ENCODING 908
SWIDTH 840 0
DWIDTH 14 0
BBX 13 13 0 0
BITMAP
C100
CFE0
9FF0
3830
3038
3018
3018
3018
3038
3030
3870
1FE0
0FC0
ENDCHAR
STARTCHAR 038E
ENCODING 910
SWIDTH 960 0
DWIDTH 16 0
BBX 15 13 0 0
BITMAP
7002
4C0C
C61C
0718
0330
03F0
01E0
01E0
00C0
00C0
00C0
00C0
00C0
ENDCHAR
STARTCHAR 038F
ENCODING 911
SWIDTH 840 0
DWIDTH 14 0
BBX 13 13 0 0
BITMAP
C300
CFC0
9FF0
3870
3038
7038
7018
7038
3030
3830
1CE0
7CF8
7CF8
ENDCHAR
STARTCHAR 0390
ENCODING 912
SWIDTH 300 0
DWIDTH 5 0
BBX 7 14 -1 0
BITMAP
18
10
C6
86
00
30
30
30
30
30
30
30
3C
1C
ENDCHAR
STARTCHAR 0391
ENCODING 913
SWIDTH 720 0
DWIDTH 12 0
BBX 12 12 0 0
BITMAP
0F00
0F00
0F80
1D80
1980
19C0
38C0
3FC0
3FE0
7060
6060
E070
ENDCHAR
STARTCHAR 0392
ENCODING 914
SWIDTH 660 0
DWIDTH 11 0
BBX 9 12 1 0
BITMAP
FF00
C780
C180
C180
C300
FE00
C780
C180
C180
C180
FF80
FF00
ENDCHAR
STARTCHAR 0393
ENCODING 915
SWIDTH 600 0
DWIDTH 10 0
BBX 8 12 1 0
BITMAP
FF
FF
C0
C0
C0
C0
C0
C0
C0
C0
C0
C0
ENDCHAR
STARTCHAR 0394
ENCODING 916
SWIDTH 720 0
DWIDTH 12 0
BBX 12 12 0 0
BITMAP
0F00
0F00
0F80
1D80
1980
19C0
38C0
30C0
30E0
7060
7FE0
FFF0
ENDCHAR
STARTCHAR 0395
ENCODING 917
SWIDTH 600 0
DWIDTH 10 0
BBX 8 12 1 0
BITMAP
FF
FF
C0
C0
C0
FF
FF
C0
C0
C0
FF
FF
ENDCHAR
STARTCHAR 0396
ENCODING 918
SWIDTH 660 0
DWIDTH 11 0
BBX 9 12 1 0
BITMAP
FF80
FF80
0300
0600
0E00
0C00
1800
3800
7000
6000
FF80
FF80
ENDCHAR
STARTCHAR 0397
ENCODING 919
SWIDTH 780 0
DWIDTH 13 0
BBX 10 12 1 0
BITMAP
C0C0
C0C0
C0C0
C0C0
C0C0
FFC0
FFC0
C0C0
C0C0
C0C0
C0C0
C0C0
ENDCHAR
STARTCHAR 0398
ENCODING 920
SWIDTH 780 0
DWIDTH 13 0
BBX 11 13 1 0
BITMAP
0400
3F80
7BC0
60C0
E0E0
C060
CE60
CE60
C060
E0E0
61C0
7F80
1F00
ENDCHAR
STARTCHAR 0399
ENCODING 921
SWIDTH 300 0
DWIDTH 5 0
BBX 2 12 1 0
BITMAP
C0
C0
C0
C0
C0
C0
C0
C0
C0
C0
C0
C0
ENDCHAR
STARTCHAR 039A
ENCODING 922
SWIDTH 720 0
DWIDTH 12 0
BBX 10 12 1 0
BITMAP
C1C0
C380
C700
CE00
DC00
FC00
FC00
EE00
C700
C300
C380
C1C0
ENDCHAR
STARTCHAR 039B
ENCODING 923
SWIDTH 720 0
DWIDTH 12 0
BBX 12 12 0 0
BITMAP
0F00
0F00
0F80
1D80
1980
19C0
38C0
30C0
30E0
7060
6060
E070
ENDCHAR
STARTCHAR 039C
ENCODING 924
SWIDTH 900 0
DWIDTH 15 0
BBX 13 12 1 0
BITMAP
E038
F038
F078
F878
D8F8
D8D8
CCD8
CD98
C798
C718
C718
C318
ENDCHAR
STARTCHAR 039D
ENCODING 925
SWIDTH 780 0
DWIDTH 13 0
BBX 10 12 1 0
BITMAP
E0C0
F0C0
F0C0
F8C0
DCC0
CCC0
C6C0
C7C0
C3C0
C1C0
C1C0
C0C0
ENDCHAR
STARTCHAR 039E
ENCODING 926
SWIDTH 600 0
DWIDTH 10 0
BBX 8 12 1 0
BITMAP
FF
FF
00
00
00
7E
7E
00
00
00
FF
FF
ENDCHAR
STARTCHAR 039F
ENCODING 927
SWIDTH 780 0
DWIDTH 13 0
BBX 11 13 1 0
BITMAP
0400
3F80
7BC0
60E0
E060
C060
C060
C060
C060
E0E0
70C0
3FC0
1F00
ENDCHAR
STARTCHAR 03A0
ENCODING 928
SWIDTH 780 0
DWIDTH 13 0
BBX 10 12 1 0
BITMAP
FFC0
E0C0
E0C0
E0C0
E0C0
E0C0
E0C0
E0C0
E0C0
E0C0
E0C0
E0C0
ENDCHAR
STARTCHAR 03A1
ENCODING 929
SWIDTH 660 0
DWIDTH 11 0
BBX 9 12 1 0
BITMAP
FF00
C780
C180
C180
C180
C380
FF00
FE00
C000
C000
C000
C000
ENDCHAR
STARTCHAR 03A3
ENCODING 931
SWIDTH 660 0
DWIDTH 11 0
BBX 9 12 1 0
BITMAP
FF80
7F80
7000
3800
1C00
0E00
0C00
1800
3800
7000
FF80
FF80
ENDCHAR
STARTCHAR 03A4
ENCODING 932
SWIDTH 660 0
DWIDTH 11 0
BBX 10 12 1 0
BITMAP
FFC0
FFC0
1C00
1C00
1C00
1C00
1C00
1C00
1C00
1C00
1C00
1C00
ENDCHAR
STARTCHAR 03A5
ENCODING 933
SWIDTH 720 0
DWIDTH 12 0
BBX 12 12 0 0
BITMAP
E070
70E0
31C0
1980
1F80
0F00
0F00
0600
0600
0600
0600
0600
ENDCHAR
STARTCHAR 03A6
ENCODING 934
SWIDTH 840 0
DWIDTH 14 0
BBX 12 12 1 0
BITMAP
0600
0F00
3FC0
76E0
E670
C630
C630
E670
76E0
3FC0
0F00
0600
ENDCHAR
STARTCHAR 03A7
ENCODING 935
SWIDTH 720 0
DWIDTH 12 0
BBX 11 12 0 0
BITMAP
70E0
30C0
3980
1B80
0F00
0F00
0F00
1F00
1980
39C0
70C0
E0E0
ENDCHAR
STARTCHAR 03A8
ENCODING 936
SWIDTH 840 0
DWIDTH 14 0
BBX 12 12 1 0
BITMAP
C670
C670
C670
C670
C670
E660
76E0
3FC0
1F00
0600
0600
0600
ENDCHAR
STARTCHAR 03A9
ENCODING 937
SWIDTH 780 0
DWIDTH 13 0
BBX 11 13 1 0
BITMAP
0400
3F80
7BC0
E0E0
E060
C060
C060
C060
E060
60C0
31C0
F9E0
F9E0
ENDCHAR
STARTCHAR 03AA
ENCODING 938
SWIDTH 300 0
DWIDTH 5 0
BBX 6 16 -1 0
BITMAP
4C
EC
00
00
30
30
30
30
30
30
30
30
30
30
30
30
ENDCHAR
STARTCHAR 03AB
ENCODING 939
SWIDTH 720 0
DWIDTH 12 0
BBX 12 16 0 0
BITMAP
1980
1980
0000
8010
6060
70E0
31C0
1980
1F80
0F00
0F00
0600
0600
0600
0600
0600
ENDCHAR
STARTCHAR 03AC
ENCODING 940
SWIDTH 660 0
DWIDTH 11 0
BBX 9 13 1 0
BITMAP
0C00
0800
1800
0000
7D80
E780
C380
C300
C300
C300
C380
7F80
3D80
ENDCHAR
STARTCHAR 03AD
ENCODING 941
SWIDTH 600 0
DWIDTH 10 0
BBX 8 13 1 0
BITMAP
0C
18
18
00
7E
E7
C0
F8
78
C0
C3
FF
7E
ENDCHAR
STARTCHAR 03AE
ENCODING 942
SWIDTH 600 0
DWIDTH 10 0
BBX 8 16 1 -3
BITMAP
0C
08
18
00
DE
F7
E3
C3
C3
C3
C3
C3
C3
03
03
03
ENDCHAR
STARTCHAR 03AF
ENCODING 943
SWIDTH 300 0
DWIDTH 5 0
BBX 4 13 1 0
BITMAP
60
40
40
00
C0
C0
C0
C0
C0
C0
C0
F0
70
ENDCHAR
STARTCHAR 03B0
ENCODING 944
SWIDTH 600 0
DWIDTH 10 0
BBX 8 14 1 0
BITMAP
1C
18
C6
42
00
C6
C7
C3
C3
C3
C3
C7
7E
7C
ENDCHAR
STARTCHAR 03B1
ENCODING 945
SWIDTH 660 0
DWIDTH 11 0
BBX 9 9 1 0
BITMAP
7D80
E780
C380
C300
C300
C300
C380
7F80
3D80
ENDCHAR
STARTCHAR 03B2
ENCODING 946
SWIDTH 600 0
DWIDTH 10 0
BBX 9 16 1 -3
BITMAP
0800
7E00
E700
C300
C300
C700
DE00
C700
C300
C380
E300
FF00
DE00
C000
C000
C000
ENDCHAR
STARTCHAR 03B3
ENCODING 947
SWIDTH 540 0
DWIDTH 9 0
BBX 9 12 0 -3
BITMAP
E380
6300
6300
3700
3600
3600
1E00
1C00
1C00
0C00
0C00
0C00
ENDCHAR
STARTCHAR 03B4
ENCODING 948
SWIDTH 600 0
DWIDTH 10 0
BBX 9 13 1 0
BITMAP
3E00
7E00
6000
7000
3C00
7E00
6300
C300
C380
C300
E300
7F00
3E00
ENDCHAR
STARTCHAR 03B5
ENCODING 949
SWIDTH 600 0
DWIDTH 10 0
BBX 8 9 1 0
BITMAP
7E
E7
C0
F8
78
C0
C3
FF
7E
ENDCHAR
STARTCHAR 03B6
ENCODING 950
SWIDTH 540 0
DWIDTH 9 0
BBX 7 15 1 -3
BITMAP
FE
FE
0C
18
38
70
60
E0
C0
E0
78
3E
06
06
0C
ENDCHAR
STARTCHAR 03B7
ENCODING 951
SWIDTH 600 0
DWIDTH 10 0
BBX 8 12 1 -3
BITMAP
DE
F7
E3
C3
C3
C3
C3
C3
C3
03
03
03
ENDCHAR
STARTCHAR 03B8
ENCODING 952
SWIDTH 660 0
DWIDTH 11 0
BBX 8 12 1 0
BITMAP
3E
77
E3
C3
C3
FF
FF
C3
C3
63
7E
3E
ENDCHAR
STARTCHAR 03B9
ENCODING 953
SWIDTH 300 0
DWIDTH 5 0
BBX 4 9 1 0
BITMAP
C0
C0
C0
C0
C0
C0
C0
F0
70
ENDCHAR
STARTCHAR 03BA
ENCODING 954
SWIDTH 660 0
DWIDTH 11 0
BBX 9 9 1 0
BITMAP
E380
E700
EE00
FC00
F800
FC00
EE00
E700
E380
ENDCHAR
STARTCHAR 03BB
ENCODING 955
SWIDTH 600 0
DWIDTH 10 0
BBX 10 13 0 0
BITMAP
6000
7800
1800
0C00
0C00
1E00
1E00
1E00
3700
3300
7300
6180
E1C0
ENDCHAR
STARTCHAR 03BC
ENCODING 956
SWIDTH 660 0
DWIDTH 11 0
BBX 9 12 1 -3
BITMAP
C180
C180
C180
C180
C180
C180
E380
FF80
DD80
C000
C000
C000
ENDCHAR
STARTCHAR 03BD
ENCODING 957
SWIDTH 600 0
DWIDTH 10 0
BBX 10 9 0 0
BITMAP
E1C0
6180
3180
3180
3380
1B00
1F00
1E00
0C00
ENDCHAR
STARTCHAR 03BE
ENCODING 958
SWIDTH 600 0
DWIDTH 10 0
BBX 8 15 1 -3
BITMAP
3E
7E
60
60
7C
3C
60
C0
C0
E0
78
3E
07
06
06
ENDCHAR
STARTCHAR 03BF
ENCODING 959
SWIDTH 600 0
DWIDTH 10 0
BBX 9 9 1 0
BITMAP
7E00
E700
C300
C380
C380
C380
C300
7F00
3E00
ENDCHAR
STARTCHAR 03C0
ENCODING 960
SWIDTH 720 0
DWIDTH 12 0
BBX 10 9 1 0
BITMAP
FFC0
7300
7300
7300
7300
7300
7300
73C0
71C0
ENDCHAR
STARTCHAR 03C1
ENCODING 961
SWIDTH 600 0
DWIDTH 10 0
BBX 8 12 1 -3
BITMAP
3E
7E
E3
C3
C3
C3
E3
FF
DE
C0
C0
C0
ENDCHAR
STARTCHAR 03C2
ENCODING 962
SWIDTH 600 0
DWIDTH 10 0
BBX 8 12 1 -3
BITMAP
3C
7E
C7
C0
C0
C0
E0
78
3E
06
06
0C
ENDCHAR
STARTCHAR 03C3
ENCODING 963
SWIDTH 660 0
DWIDTH 11 0
BBX 9 9 1 0
BITMAP
3F80
7F80
E300
C300
C300
C300
E300
7F00
3E00
ENDCHAR
STARTCHAR 03C4
ENCODING 964
SWIDTH 540 0
DWIDTH 9 0
BBX 9 9 0 0
BITMAP
FF80
FF80
1800
1800
1800
1800
1800
1E00
0E00
ENDCHAR
STARTCHAR 03C5
ENCODING 965
SWIDTH 600 0
DWIDTH 10 0
BBX 8 9 1 0
BITMAP
C6
C7
C3
C3
C3
C3
C7
7E
7C
ENDCHAR
STARTCHAR 03C6
ENCODING 966
SWIDTH 840 0
DWIDTH 14 0
BBX 12 12 1 -3
BITMAP
67C0
67E0
C660
C670
C630
C670
6660
7FE0
1F80
0600
0600
0600
ENDCHAR
STARTCHAR 03C7
ENCODING 967
SWIDTH 600 0
DWIDTH 10 0
BBX 9 12 1 -3
BITMAP
C380
6300
7600
3600
3C00
1C00
1C00
3C00
3600
7600
6300
E380
ENDCHAR
STARTCHAR 03C8
ENCODING 968
SWIDTH 780 0
DWIDTH 13 0
BBX 12 13 1 -4
BITMAP
C660
C660
C660
C670
C670
C660
6660
7FC0
1F80
0600
0600
0600
0600
ENDCHAR
STARTCHAR 03C9
ENCODING 969
SWIDTH 900 0
DWIDTH 15 0
BBX 13 9 1 0
BITMAP
7030
6030
E738
E718
E718
E718
6738
7FF0
3DE0
ENDCHAR
STARTCHAR 03CA
ENCODING 970
SWIDTH 300 0
DWIDTH 5 0
BBX 6 13 -1 0
BITMAP
4C
EC
00
00
30
30
30
30
30
30
30
3C
1C
ENDCHAR
STARTCHAR 03CB
ENCODING 971
SWIDTH 600 0
DWIDTH 10 0
BBX 8 13 1 0
BITMAP
66
6E
00
00
C6
C7
C3
C3
C3
C3
C7
7E
7C
ENDCHAR
STARTCHAR 03CC
ENCODING 972
SWIDTH 600 0
DWIDTH 10 0
BBX 9 13 1 0
BITMAP
0C00
0800
1800
0000
7E00
E700
C300
C380
C380
C380
C300
7F00
3E00
ENDCHAR
STARTCHAR 03CD
ENCODING 973
SWIDTH 600 0
DWIDTH 10 0
BBX 8 13 1 0
BITMAP
0C
18
18
00
C6
C7
C3
C3
C3
C3
C7
7E
7C
ENDCHAR
STARTCHAR 03CE
ENCODING 974
SWIDTH 900 0
DWIDTH 15 0
BBX 13 13 1 0
BITMAP
0380
0300
0200
0000
7030
6030
E738
E718
E718
E718
6738
7FF0
3DE0
ENDCHAR
STARTCHAR 03CF
ENCODING 975
SWIDTH 720 0
DWIDTH 12 0
BBX 10 15 1 -3
BITMAP
C3C0
C300
C700
CE00
DC00
F800
FC00
EE00
C700
C300
C380
C1C0
0180
0700
0200
ENDCHAR
STARTCHAR 03D0
ENCODING 976
SWIDTH 660 0
DWIDTH 11 0
BBX 9 13 1 0
BITMAP
1E00
3F00
6300
7F00
5C00
CE00
FF00
E380
E180
6180
6380
7F00
3E00
ENDCHAR
STARTCHAR 03D1
ENCODING 977
SWIDTH 660 0
DWIDTH 11 0
BBX 9 12 1 0
BITMAP
1E00
3F00
3300
3300
3B00
1F80
CF80
C300
C300
E300
7F00
3E00
ENDCHAR
STARTCHAR 03D2
ENCODING 978
SWIDTH 720 0
DWIDTH 12 0
BBX 10 12 1 0
BITMAP
E1C0
E1C0
7300
3300
3700
1E00
1E00
0C00
0C00
0C00
0C00
0C00
ENDCHAR
STARTCHAR 03D3
ENCODING 979
SWIDTH 840 0
DWIDTH 14 0
BBX 13 13 0 0
BITMAP
E000
DC38
9C38
0670
0660
0760
03C0
03C0
0180
0180
0180
0180
0180
ENDCHAR
STARTCHAR 03D4
ENCODING 980
SWIDTH 720 0
DWIDTH 12 0
BBX 10 16 1 0
BITMAP
3300
3300
0000
0000
E1C0
E1C0
7300
3300
3700
1E00
1E00
0C00
0C00
0C00
0C00
0C00
ENDCHAR
STARTCHAR 03D5
ENCODING 981
SWIDTH 780 0
DWIDTH 13 0
BBX 11 16 1 -3
BITMAP
0C00
0C00
0C00
0C00
3F80
6DC0
CCE0
CC60
CC60
CC60
ECE0
7DC0
3F80
0C00
0C00
0C00
ENDCHAR
STARTCHAR 03D6
ENCODING 982
SWIDTH 900 0
DWIDTH 15 0
BBX 13 9 1 0
BITMAP
FFF8
FFF8
E038
E738
E718
E738
6738
7DF0
3DE0
ENDCHAR
STARTCHAR 03D7
ENCODING 983
SWIDTH 780 0
DWIDTH 13 0
BBX 11 12 1 -3
BITMAP
E1C0
F180
3380
3780
3D80
3CC0
38C0
30C0
6060
0060
00E0
01C0
ENDCHAR
STARTCHAR 03D8
ENCODING 984
SWIDTH 780 0
DWIDTH 13 0
BBX 11 16 1 -3
BITMAP
0400
3F80
7BC0
60C0
E0E0
C060
C060
C060
C060
E0E0
61C0
7F80
1F00
0E00
0E00
0E00
ENDCHAR
STARTCHAR 03D9
ENCODING 985
SWIDTH 660 0
DWIDTH 11 0
BBX 8 12 1 -3
BITMAP
7E
E7
C3
C3
C3
C3
C3
7F
3E
18
18
18
ENDCHAR
STARTCHAR 03DA
ENCODING 986
SWIDTH 780 0
DWIDTH 13 0
BBX 10 15 1 -3
BITMAP
1F00
3F80
70C0
60C0
E000
E000
E000
6000
7000
7C00
1F80
07C0
00C0
03C0
0380
ENDCHAR
STARTCHAR 03DB
ENCODING 987
SWIDTH 600 0
DWIDTH 10 0
BBX 8 12 1 -3
BITMAP
3C
FE
C7
C0
C0
C0
E0
7C
1E
03
07
06
ENDCHAR
STARTCHAR 03DC
ENCODING 988
SWIDTH 660 0
DWIDTH 11 0
BBX 8 12 1 0
BITMAP
FF
FF
E0
E0
E0
FF
FF
E3
E3
E0
E0
E0
ENDCHAR
STARTCHAR 03DD
ENCODING 989
SWIDTH 600 0
DWIDTH 10 0
BBX 7 12 1 -3
BITMAP
FE
FE
C0
C0
FE
FE
C6
C6
C0
C0
C0
C0
ENDCHAR
STARTCHAR 03DE
ENCODING 990
SWIDTH 720 0
DWIDTH 12 0
BBX 10 12 1 0
BITMAP
E000
6040
6080
6380
6780
6F80
7D80
7980
6180
4180
01C0
01C0
ENDCHAR
STARTCHAR 03DF
ENCODING 991
SWIDTH 600 0
DWIDTH 10 0
BBX 8 12 1 0
BITMAP
38
30
70
60
60
FF
FF
03
06
06
0E
0C
ENDCHAR
STARTCHAR 03E0
ENCODING 992
SWIDTH 840 0
DWIDTH 14 0
BBX 12 16 1 -4
BITMAP
1F80
7FC0
60E0
E0E0
C3E0
0F70
3C70
1070
01F0
07F0
0E60
0460
00E0
03C0
0380
0200
ENDCHAR
STARTCHAR 03E1
ENCODING 993
SWIDTH 780 0
DWIDTH 13 0
BBX 11 17 1 -4
BITMAP
6000
F800
1C00
0E00
0700
0780
1D80
79C0
E1C0
43C0
0FE0
3C60
1060
0060
0060
0060
0040
ENDCHAR
STARTCHAR 03F0
ENCODING 1008
SWIDTH 780 0
DWIDTH 13 0
BBX 11 9 1 0
BITMAP
E0C0
F180
3380
3780
3580
3D80
3980
31E0
60E0
ENDCHAR
STARTCHAR 03F1
ENCODING 1009
SWIDTH 660 0
DWIDTH 11 0
BBX 9 13 1 -4
BITMAP
3E00
7F00
6380
E180
E180
E380
F300
7F00
6400
7000
3E00
1F00
0300
ENDCHAR
STARTCHAR 03F2
ENCODING 1010
SWIDTH 600 0
DWIDTH 10 0
BBX 8 9 1 0
BITMAP
7E
E7
C3
C0
C0
C0
C3
7F
3E
ENDCHAR
STARTCHAR 03F3
ENCODING 1011
SWIDTH 240 0
DWIDTH 4 0
BBX 3 16 0 -3
BITMAP
60
60
00
00
60
60
60
60
60
60
60
60
60
60
60
E0
ENDCHAR
STARTCHAR 03F4
ENCODING 1012
SWIDTH 780 0
DWIDTH 13 0
BBX 11 13 1 0
BITMAP
0400
3F80
7BC0
60E0
E060
C060
FFE0
C7E0
C060
E0E0
70C0
3FC0
1F00
ENDCHAR
STARTCHAR 03F5
ENCODING 1013
SWIDTH 480 0
DWIDTH 8 0
BBX 6 9 1 0
BITMAP
3C
FC
C0
C0
F8
C0
C0
FC
7C
ENDCHAR
STARTCHAR 03F6
ENCODING 1014
SWIDTH 480 0
DWIDTH 8 0
BBX 6 9 1 0
BITMAP
F0
FC
0C
0C
7C
0C
0C
FC
F8
ENDCHAR
STARTCHAR 03F7
ENCODING 1015
SWIDTH 660 0
DWIDTH 11 0
BBX 9 12 1 0
BITMAP
C000
C000
FE00
FF00
C380
C180
C180
C700
FF00
C000
C000
C000
ENDCHAR
STARTCHAR 03F8
ENCODING 1016
SWIDTH 600 0
DWIDTH 10 0
BBX 9 15 1 -3
BITMAP
C000
C000
C000
DE00
F700
C300
C380
C180
C380
E300
FF00
DE00
C000
C000
C000
ENDCHAR
STARTCHAR 03F9
ENCODING 1017
SWIDTH 780 0
DWIDTH 13 0
BBX 11 13 1 0
BITMAP
0400
3F80
7BC0
60C0
E0E0
C000
C000
C000
C000
E0E0
70C0
3FC0
1F00
ENDCHAR
STARTCHAR 03FA
ENCODING 1018
SWIDTH 900 0
DWIDTH 15 0
BBX 13 12 1 0
BITMAP
E038
F038
F078
F878
D8F8
D8D8
CCD8
CD98
C798
C718
C718
C318
ENDCHAR
STARTCHAR 03FB
ENCODING 1019
SWIDTH 780 0
DWIDTH 13 0
BBX 11 12 1 -3
BITMAP
E0E0
E1E0
F1E0
F3E0
DBE0
DBE0
CEE0
CEE0
CCE0
C000
C000
C000
ENDCHAR
STARTCHAR 03FC
ENCODING 1020
SWIDTH 600 0
DWIDTH 10 0
BBX 10 12 -1 -3
BITMAP
0F80
1F80
38C0
30C0
30C0
30C0
38C0
3FC0
3780
3000
FC00
3000
ENDCHAR
STARTCHAR 03FD
ENCODING 1021
SWIDTH 720 0
DWIDTH 12 0
BBX 10 12 1 0
BITMAP
3F00
7F80
E180
C1C0
00C0
00C0
00C0
00C0
C1C0
E180
7F80
3F00
ENDCHAR
STARTCHAR 03FE
ENCODING 1022
SWIDTH 780 0
DWIDTH 13 0
BBX 11 13 1 0
BITMAP
0400
3F80
7BC0
60C0
E0E0
C400
CE00
CE00
C000
E0E0
70C0
3FC0
1F00
ENDCHAR
STARTCHAR 03FF
ENCODING 1023
SWIDTH 780 0
DWIDTH 13 0
BBX 11 13 1 0
BITMAP
0C00
3F00
7F80
E1C0
C0C0
04E0
0CE0
0CE0
00E0
C0C0
E1C0
7F80
3F00
ENDCHAR
STARTCHAR 0400
ENCODING 1024
SWIDTH 600 0
DWIDTH 10 0
BBX 8 16 1 0
BITMAP
30
18
18
00
FF
FF
C0
C0
C0
FF
FF
C0
C0
C0
FF
FF
ENDCHAR
STARTCHAR 0401
ENCODING 1025
SWIDTH 600 0
DWIDTH 10 0
BBX 8 16 1 0
BITMAP
26
76
00
00
FF
FF
C0
C0
C0
FF
FF
C0
C0
C0
FF
FF
ENDCHAR
STARTCHAR 0402
ENCODING 1026
SWIDTH 840 0
DWIDTH 14 0
BBX 12 12 1 0
BITMAP
FFC0
FFC0
1C00
1C00
1C00
1FE0
1C70
1C30
1C30
1C30
1CF0
1CE0
ENDCHAR
STARTCHAR 0403
ENCODING 1027
SWIDTH 600 0
DWIDTH 10 0
BBX 8 16 1 0
BITMAP
0E
0C
18
00
FF
FF
C0
C0
C0
C0
C0
C0
C0
C0
C0
C0
ENDCHAR
STARTCHAR 0404
ENCODING 1028
SWIDTH 720 0
DWIDTH 12 0
BBX 10 13 1 0
BITMAP
0400
3F00
7380
E1C0
C0C0
C000
FC00
FC00
C000
C0C0
61C0
7F80
3F00
ENDCHAR
STARTCHAR 0405
ENCODING 1029
SWIDTH 660 0
DWIDTH 11 0
BBX 9 13 1 0
BITMAP
0800
7F00
F380
C180
C000
F000
7E00
0F80
0180
C180
C180
FF80
3F00
ENDCHAR
STARTCHAR 0406
ENCODING 1030
SWIDTH 300 0
DWIDTH 5 0
BBX 2 12 1 0
BITMAP
C0
C0
C0
C0
C0
C0
C0
C0
C0
C0
C0
C0
ENDCHAR
STARTCHAR 0407
ENCODING 1031
SWIDTH 300 0
DWIDTH 5 0
BBX 6 16 -1 0
BITMAP
4C
EC
00
00
30
30
30
30
30
30
30
30
30
30
30
30
ENDCHAR
STARTCHAR 0408
ENCODING 1032
SWIDTH 600 0
DWIDTH 10 0
BBX 7 12 1 0
BITMAP
06
06
06
06
06
06
06
06
06
C6
FE
7C
ENDCHAR
STARTCHAR 0409
ENCODING 1033
SWIDTH 1140 0
DWIDTH 19 0
BBX 17 12 1 0
BITMAP
3FC000
30C000
30C000
30C000
30FC00
30FF00
30C380
30C180
30C180
70C380
E0FF00
C0FE00
ENDCHAR
STARTCHAR 040A
ENCODING 1034
SWIDTH 1140 0
DWIDTH 19 0
BBX 17 12 1 0
BITMAP
C0C000
C0C000
C0C000
C0C000
FFFC00
FFFF00
C0C380
C0C180
C0C180
C0C180
C0FF80
C0FE00
ENDCHAR
STARTCHAR 040B
ENCODING 1035
SWIDTH 900 0
DWIDTH 15 0
BBX 13 12 1 0
BITMAP
FF80
1800
1800
1800
1FE0
1FF0
1838
1818
1818
1818
1818
1818
ENDCHAR
STARTCHAR 040C
ENCODING 1036
SWIDTH 720 0
DWIDTH 12 0
BBX 10 16 1 0
BITMAP
0600
0C00
0C00
0000
C1C0
C380
C700
CE00
DC00
FC00
FC00
EE00
C700
C300
C380
C1C0
ENDCHAR
STARTCHAR 040D
ENCODING 1037
SWIDTH 780 0
DWIDTH 13 0
BBX 10 16 1 0
BITMAP
1800
0C00
0C00
0000
C0C0
C1C0
C3C0
C3C0
C6C0
CEC0
CCC0
D8C0
F8C0
F0C0
E0C0
E0C0
ENDCHAR
STARTCHAR 040E
ENCODING 1038
SWIDTH 660 0
DWIDTH 11 0
BBX 11 15 0 0
BITMAP
1B00
0E00
8020
60C0
70C0
31C0
3980
1980
1B00
0F00
0E00
0600
0E00
3C00
3800
ENDCHAR
STARTCHAR 040F
ENCODING 1039
SWIDTH 720 0
DWIDTH 12 0
BBX 10 15 1 -3
BITMAP
C0C0
C0C0
C0C0
C0C0
C0C0
C0C0
C0C0
C0C0
C0C0
C0C0
FFC0
FFC0
0C00
0C00
0C00
ENDCHAR
STARTCHAR 0410
ENCODING 1040
SWIDTH 720 0
DWIDTH 12 0
BBX 12 12 0 0
BITMAP
0F00
0F00
0F80
1D80
1980
19C0
38C0
3FC0
3FE0
7060
6060
E070
ENDCHAR
STARTCHAR 0411
ENCODING 1041
SWIDTH 660 0
DWIDTH 11 0
BBX 9 12 1 0
BITMAP
FF00
FF00
C000
C000
FC00
FF00
C380
C180
C180
C180
FF80
FE00
ENDCHAR
STARTCHAR 0412
ENCODING 1042
SWIDTH 660 0
DWIDTH 11 0
BBX 9 12 1 0
BITMAP
FF00
C780
C180
C180
C300
FE00
C780
C180
C180
C180
FF80
FF00
ENDCHAR
STARTCHAR 0413
ENCODING 1043
SWIDTH 600 0
DWIDTH 10 0
BBX 8 12 1 0
BITMAP
FF
FF
C0
C0
C0
C0
C0
C0
C0
C0
C0
C0
ENDCHAR
STARTCHAR 0414
ENCODING 1044
SWIDTH 780 0
DWIDTH 13 0
BBX 13 15 0 -3
BITMAP
1FE0
1FE0
1860
1860
1860
1860
1860
1860
3860
3060
FFF8
FFF8
E038
E038
E038
ENDCHAR
STARTCHAR 0415
ENCODING 1045
SWIDTH 600 0
DWIDTH 10 0
BBX 8 12 1 0
BITMAP
FF
FF
C0
C0
C0
FF
FF
C0
C0
C0
FF
FF
ENDCHAR
STARTCHAR 0416
ENCODING 1046
SWIDTH 1080 0
DWIDTH 18 0
BBX 17 12 0 0
BITMAP
70C380
30C700
18C600
1CCE00
0CCC00
0FF800
0FFC00
1CCE00
18C600
38C700
70C300
E0C380
ENDCHAR
STARTCHAR 0417
ENCODING 1047
SWIDTH 660 0
DWIDTH 11 0
BBX 9 13 1 0
BITMAP
0800
7F00
6300
E380
0380
0300
1E00
1F00
0180
0180
E380
7F00
3E00
ENDCHAR
STARTCHAR 0418
ENCODING 1048
SWIDTH 780 0
DWIDTH 13 0
BBX 10 12 1 0
BITMAP
C0C0
C1C0
C3C0
C3C0
C6C0
CEC0
CCC0
D8C0
F8C0
F0C0
E0C0
E0C0
ENDCHAR
STARTCHAR 0419
ENCODING 1049
SWIDTH 780 0
DWIDTH 13 0
BBX 10 15 1 0
BITMAP
3B00
0E00
0000
C0C0
C1C0
C3C0
C3C0
C6C0
CEC0
CCC0
D8C0
F8C0
F0C0
E0C0
E0C0
ENDCHAR
STARTCHAR 041A
ENCODING 1050
SWIDTH 720 0
DWIDTH 12 0
BBX 11 12 1 0
BITMAP
C1E0
C380
C700
CE00
DC00
F800
FC00
CE00
C700
C300
C380
C1C0
ENDCHAR
STARTCHAR 041B
ENCODING 1051
SWIDTH 720 0
DWIDTH 12 0
BBX 11 12 0 0
BITMAP
1FE0
1860
1860
1860
1860
1860
1860
1860
3860
3060
F060
E060
ENDCHAR
STARTCHAR 041C
ENCODING 1052
SWIDTH 900 0
DWIDTH 15 0
BBX 13 12 1 0
BITMAP
E038
F038
F078
F878
D8F8
D8D8
CCD8
CD98
C798
C718
C718
C318
ENDCHAR
STARTCHAR 041D
ENCODING 1053
SWIDTH 780 0
DWIDTH 13 0
BBX 10 12 1 0
BITMAP
C0C0
C0C0
C0C0
C0C0
C0C0
FFC0
FFC0
C0C0
C0C0
C0C0
C0C0
C0C0
ENDCHAR
STARTCHAR 041E
ENCODING 1054
SWIDTH 780 0
DWIDTH 13 0
BBX 11 13 1 0
BITMAP
0400
3F80
7BC0
60E0
E060
C060
C060
C060
C060
E0E0
70C0
3FC0
1F00
ENDCHAR
STARTCHAR 041F
ENCODING 1055
SWIDTH 780 0
DWIDTH 13 0
BBX 10 12 1 0
BITMAP
FFC0
E0C0
E0C0
E0C0
E0C0
E0C0
E0C0
E0C0
E0C0
E0C0
E0C0
E0C0
ENDCHAR
STARTCHAR 0420
ENCODING 1056
SWIDTH 660 0
DWIDTH 11 0
BBX 9 12 1 0
BITMAP
FF00
C780
C180
C180
C180
C380
FF00
FE00
C000
C000
C000
C000
ENDCHAR
STARTCHAR 0421
ENCODING 1057
SWIDTH 780 0
DWIDTH 13 0
BBX 11 13 1 0
BITMAP
0400
3F80
7BC0
60C0
E0E0
C000
C000
C000
C000
E0E0
70C0
3FC0
1F00
ENDCHAR
STARTCHAR 0422
ENCODING 1058
SWIDTH 660 0
DWIDTH 11 0
BBX 10 12 1 0
BITMAP
FFC0
FFC0
1C00
1C00
1C00
1C00
1C00
1C00
1C00
1C00
1C00
1C00
ENDCHAR
STARTCHAR 0423
ENCODING 1059
SWIDTH 660 0
DWIDTH 11 0
BBX 11 12 0 0
BITMAP
E0E0
70C0
31C0
3980
1980
1B00
0F00
0E00
0600
0E00
3C00
3800
ENDCHAR
STARTCHAR 0424
ENCODING 1060
SWIDTH 840 0
DWIDTH 14 0
BBX 12 13 1 0
BITMAP
0600
0600
1FC0
7FE0
E670
C630
C630
C630
C630
E670
7FE0
1FC0
0600
ENDCHAR
STARTCHAR 0425
ENCODING 1061
SWIDTH 720 0
DWIDTH 12 0
BBX 11 12 0 0
BITMAP
70E0
30C0
3980
1B80
0F00
0F00
0F00
1F00
1980
39C0
70C0
E0E0
ENDCHAR
STARTCHAR 0426
ENCODING 1062
SWIDTH 780 0
DWIDTH 13 0
BBX 12 15 1 -3
BITMAP
C0C0
C0C0
C0C0
C0C0
C0C0
C0C0
C0C0
C0C0
C0C0
C0C0
FFF0
FFF0
0070
0070
0070
ENDCHAR
STARTCHAR 0427
ENCODING 1063
SWIDTH 780 0
DWIDTH 13 0
BBX 9 12 2 0
BITMAP
C180
C180
C180
C180
C180
E180
7F80
1D80
0180
0180
0180
0180
ENDCHAR
STARTCHAR 0428
ENCODING 1064
SWIDTH 1020 0
DWIDTH 17 0
BBX 14 12 2 0
BITMAP
C30C
C30C
C30C
C30C
C30C
C30C
C30C
C30C
C30C
C30C
FFFC
FFFC
ENDCHAR
STARTCHAR 0429
ENCODING 1065
SWIDTH 1080 0
DWIDTH 18 0
BBX 15 15 2 -3
BITMAP
C30C
C30C
C30C
C30C
C30C
C30C
C30C
C30C
C30C
C30C
FFFE
FFFE
0006
0006
0006
ENDCHAR
STARTCHAR 042A
ENCODING 1066
SWIDTH 840 0
DWIDTH 14 0
BBX 12 12 1 0
BITMAP
F800
1800
1800
1800
1F80
1FE0
1870
1830
1830
1870
1FE0
1FC0
ENDCHAR
STARTCHAR 042B
ENCODING 1067
SWIDTH 900 0
DWIDTH 15 0
BBX 13 12 1 0
BITMAP
C038
C038
C038
C038
FC38
FF38
C3B8
C1B8
C1B8
C1B8
FFB8
FE38
ENDCHAR
STARTCHAR 042C
ENCODING 1068
SWIDTH 660 0
DWIDTH 11 0
BBX 9 12 1 0
BITMAP
C000
C000
C000
C000
FC00
FF00
C380
C180
C180
C180
FF80
FE00
ENDCHAR
STARTCHAR 042D
ENCODING 1069
SWIDTH 720 0
DWIDTH 12 0
BBX 10 13 1 0
BITMAP
0800
7F00
7380
C180
C1C0
00C0
1FC0
1FC0
00C0
C1C0
E180
7F80
3E00
ENDCHAR
STARTCHAR 042E
ENCODING 1070
SWIDTH 1020 0
DWIDTH 17 0
BBX 16 13 1 0
BITMAP
0020
C1F8
C3FC
C70E
C606
C607
FE03
FE03
C607
C606
C70E
C3FC
C1F8
ENDCHAR
STARTCHAR 042F
ENCODING 1071
SWIDTH 660 0
DWIDTH 11 0
BBX 10 12 0 0
BITMAP
3FC0
7CC0
60C0
60C0
60C0
78C0
3FC0
18C0
38C0
30C0
70C0
E0C0
ENDCHAR
STARTCHAR 0430
ENCODING 1072
SWIDTH 600 0
DWIDTH 10 0
BBX 8 9 1 0
BITMAP
7E
E6
07
0F
FF
C3
C7
EF
7B
ENDCHAR
STARTCHAR 0431
ENCODING 1073
SWIDTH 600 0
DWIDTH 10 0
BBX 9 13 1 0
BITMAP
0100
3F00
7000
C000
DC00
FF00
E300
C300
C380
C300
C300
7F00
3E00
ENDCHAR
STARTCHAR 0432
ENCODING 1074
SWIDTH 600 0
DWIDTH 10 0
BBX 8 9 1 0
BITMAP
FE
CE
C7
C6
FE
C3
C3
FF
FE
ENDCHAR
STARTCHAR 0433
ENCODING 1075
SWIDTH 480 0
DWIDTH 8 0
BBX 6 9 1 0
BITMAP
FC
FC
C0
C0
C0
C0
C0
C0
C0
ENDCHAR
STARTCHAR 0434
ENCODING 1076
SWIDTH 660 0
DWIDTH 11 0
BBX 11 12 0 -3
BITMAP
3F80
3180
3180
3180
3180
3180
3180
FFE0
FFE0
C060
C060
C060
ENDCHAR
STARTCHAR 0435
ENCODING 1077
SWIDTH 600 0
DWIDTH 10 0
BBX 8 9 1 0
BITMAP
7E
E7
C3
FF
FF
C0
C3
7F
3E
ENDCHAR
STARTCHAR 0436
ENCODING 1078
SWIDTH 900 0
DWIDTH 15 0
BBX 13 9 1 0
BITMAP
E638
6670
3660
3FC0
1FC0
3EE0
7660
6670
C638
ENDCHAR
STARTCHAR 0437
ENCODING 1079
SWIDTH 540 0
DWIDTH 9 0
BBX 7 9 1 0
BITMAP
7C
C6
06
3C
3C
06
C6
EE
7C
ENDCHAR
STARTCHAR 0438
ENCODING 1080
SWIDTH 600 0
DWIDTH 10 0
BBX 8 9 1 0
BITMAP
C7
C7
CF
CF
DB
D3
F3
E3
E3
ENDCHAR
STARTCHAR 0439
ENCODING 1081
SWIDTH 600 0
DWIDTH 10 0
BBX 8 12 1 0
BITMAP
66
3C
00
C7
C7
CF
CF
DB
D3
F3
E3
E3
ENDCHAR
STARTCHAR 043A
ENCODING 1082
SWIDTH 600 0
DWIDTH 10 0
BBX 9 9 1 0
BITMAP
C780
C600
CC00
FC00
F800
DC00
CE00
C600
C380
ENDCHAR
STARTCHAR 043B
ENCODING 1083
SWIDTH 600 0
DWIDTH 10 0
BBX 9 9 0 0
BITMAP
3F80
3F80
3180
3180
3180
3180
3180
F180
E180
ENDCHAR
STARTCHAR 043C
ENCODING 1084
SWIDTH 780 0
DWIDTH 13 0
BBX 11 9 1 0
BITMAP
E0E0
E1E0
F1E0
D160
DB60
DB60
CE60
CE60
C460
ENDCHAR
STARTCHAR 043D
ENCODING 1085
SWIDTH 600 0
DWIDTH 10 0
BBX 8 9 1 0
BITMAP
C3
C3
C3
FF
FF
C3
C3
C3
C3
ENDCHAR
STARTCHAR 043E
ENCODING 1086
SWIDTH 600 0
DWIDTH 10 0
BBX 9 9 1 0
BITMAP
7E00
E700
C300
C380
C380
C380
C300
7F00
3E00
ENDCHAR
STARTCHAR 043F
ENCODING 1087
SWIDTH 600 0
DWIDTH 10 0
BBX 8 9 1 0
BITMAP
FF
FF
C3
C3
C3
C3
C3
C3
C3
ENDCHAR
STARTCHAR 0440
ENCODING 1088
SWIDTH 660 0
DWIDTH 11 0
BBX 9 12 1 -3
BITMAP
DE00
F700
E380
C180
C180
C180
E380
FF00
DE00
C000
C000
C000
ENDCHAR
STARTCHAR 0441
ENCODING 1089
SWIDTH 600 0
DWIDTH 10 0
BBX 8 9 1 0
BITMAP
7E
E7
C3
C0
C0
C0
C3
7F
3E
ENDCHAR
STARTCHAR 0442
ENCODING 1090
SWIDTH 540 0
DWIDTH 9 0
BBX 8 9 1 0
BITMAP
FF
FF
18
18
18
18
18
18
18
ENDCHAR
STARTCHAR 0443
ENCODING 1091
SWIDTH 600 0
DWIDTH 10 0
BBX 9 12 0 -3
BITMAP
E180
6180
7300
3300
3300
3600
1E00
1E00
0C00
0C00
1C00
7800
ENDCHAR
STARTCHAR 0444
ENCODING 1092
SWIDTH 780 0
DWIDTH 13 0
BBX 11 15 1 -3
BITMAP
0E00
0E00
0E00
7F80
7FC0
CEE0
CE60
CE60
CE60
EEE0
7FC0
3F80
0E00
0E00
0E00
ENDCHAR
STARTCHAR 0445
ENCODING 1093
SWIDTH 600 0
DWIDTH 10 0
BBX 8 9 1 0
BITMAP
C7
66
6C
3C
38
3C
6E
E6
C7
ENDCHAR
STARTCHAR 0446
ENCODING 1094
SWIDTH 720 0
DWIDTH 12 0
BBX 10 12 1 -3
BITMAP
C300
C300
C300
C300
C300
C300
C300
FFC0
FFC0
00C0
00C0
00C0
ENDCHAR
STARTCHAR 0447
ENCODING 1095
SWIDTH 600 0
DWIDTH 10 0
BBX 8 9 1 0
BITMAP
C3
C3
C3
C3
FF
7F
03
03
03
ENDCHAR
STARTCHAR 0448
ENCODING 1096
SWIDTH 840 0
DWIDTH 14 0
BBX 12 9 1 0
BITMAP
C630
C630
C630
C630
C630
C630
C630
FFF0
FFF0
ENDCHAR
STARTCHAR 0449
ENCODING 1097
SWIDTH 960 0
DWIDTH 16 0
BBX 14 12 1 -3
BITMAP
C630
C630
C630
C630
C630
C630
C630
FFFC
FFFC
000C
000C
000C
ENDCHAR
STARTCHAR 044A
ENCODING 1098
SWIDTH 720 0
DWIDTH 12 0
BBX 10 9 1 0
BITMAP
F000
F000
3000
3F80
3FC0
30C0
30C0
3FC0
3F00
ENDCHAR
STARTCHAR 044B
ENCODING 1099
SWIDTH 840 0
DWIDTH 14 0
BBX 11 9 1 0
BITMAP
C060
C060
C060
FE60
FF60
C360
C360
FF60
FE60
ENDCHAR
STARTCHAR 044C
ENCODING 1100
SWIDTH 600 0
DWIDTH 10 0
BBX 8 9 1 0
BITMAP
C0
C0
C0
FE
FF
C3
C3
FF
FE
ENDCHAR
STARTCHAR 044D
ENCODING 1101
SWIDTH 540 0
DWIDTH 9 0
BBX 8 9 1 0
BITMAP
7C
EE
C6
07
1F
07
C6
FE
7C
ENDCHAR
STARTCHAR 044E
ENCODING 1102
SWIDTH 840 0
DWIDTH 14 0
BBX 12 9 1 0
BITMAP
C7E0
CE60
CC30
DC30
FC30
CC30
CC30
CFE0
C7C0
ENDCHAR
STARTCHAR 044F
ENCODING 1103
SWIDTH 600 0
DWIDTH 10 0
BBX 8 9 1 0
BITMAP
7F
F3
C3
C3
7F
3F
63
E3
C3
ENDCHAR
STARTCHAR 0450
ENCODING 1104
SWIDTH 600 0
DWIDTH 10 0
BBX 8 13 1 0
BITMAP
70
10
18
00
7E
E7
C3
FF
FF
C0
C3
7F
3E
ENDCHAR
STARTCHAR 0451
ENCODING 1105
SWIDTH 600 0
DWIDTH 10 0
BBX 8 13 1 0
BITMAP
66
66
00
00
7E
E7
C3
FF
FF
C0
C3
7F
3E
ENDCHAR
STARTCHAR 0452
ENCODING 1106
SWIDTH 600 0
DWIDTH 10 0
BBX 10 15 -1 -3
BITMAP
3000
FC00
3000
3780
3DC0
38C0
30C0
30C0
30C0
30C0
30C0
30C0
00C0
00C0
03C0
ENDCHAR
STARTCHAR 0453
ENCODING 1107
SWIDTH 480 0
DWIDTH 8 0
BBX 6 13 1 0
BITMAP
1C
18
30
00
FC
FC
C0
C0
C0
C0
C0
C0
C0
ENDCHAR
STARTCHAR 0454
ENCODING 1108
SWIDTH 600 0
DWIDTH 10 0
BBX 9 9 0 0
BITMAP
3F00
7300
6180
6000
F800
6000
6380
7F00
3E00
ENDCHAR
STARTCHAR 0455
ENCODING 1109
SWIDTH 540 0
DWIDTH 9 0
BBX 8 9 1 0
BITMAP
7E
E6
C0
F0
7E
07
C7
EE
7C
ENDCHAR
STARTCHAR 0456
ENCODING 1110
SWIDTH 240 0
DWIDTH 4 0
BBX 2 13 1 0
BITMAP
C0
C0
00
00
C0
C0
C0
C0
C0
C0
C0
C0
C0
ENDCHAR
STARTCHAR 0457
ENCODING 1111
SWIDTH 240 0
DWIDTH 4 0
BBX 6 13 -1 0
BITMAP
4C
EC
00
00
30
30
30
30
30
30
30
30
30
ENDCHAR
STARTCHAR 0458
ENCODING 1112
SWIDTH 240 0
DWIDTH 4 0
BBX 3 16 0 -3
BITMAP
60
60
00
00
60
60
60
60
60
60
60
60
60
60
60
E0
ENDCHAR
STARTCHAR 0459
ENCODING 1113
SWIDTH 960 0
DWIDTH 16 0
BBX 14 9 1 0
BITMAP
3F00
3F00
3300
33F8
73FC
630C
630C
E3FC
C3F8
ENDCHAR
STARTCHAR 045A
ENCODING 1114
SWIDTH 960 0
DWIDTH 16 0
BBX 14 9 1 0
BITMAP
C300
C300
C300
FFF8
FFF8
C30C
C30C
C3F8
C3F0
ENDCHAR
STARTCHAR 045B
ENCODING 1115
SWIDTH 600 0
DWIDTH 10 0
BBX 10 12 -1 0
BITMAP
3000
FC00
3000
3780
3DC0
38C0
30C0
30C0
30C0
30C0
30C0
30C0
ENDCHAR
STARTCHAR 045C
ENCODING 1116
SWIDTH 600 0
DWIDTH 10 0
BBX 9 13 1 0
BITMAP
0C00
1800
1800
0080
C700
C600
CC00
FC00
F800
DC00
CE00
C600
C380
ENDCHAR
STARTCHAR 045D
ENCODING 1117
SWIDTH 600 0
DWIDTH 10 0
BBX 8 13 1 0
BITMAP
70
10
18
00
C7
C7
CF
CF
DB
D3
F3
E3
E3
ENDCHAR
STARTCHAR 045E
ENCODING 1118
SWIDTH 600 0
DWIDTH 10 0
BBX 9 15 0 -3
BITMAP
3300
1E00
8000
6180
6180
7300
3300
3300
3600
1E00
1E00
0C00
0C00
1C00
7800
ENDCHAR
STARTCHAR 045F
ENCODING 1119
SWIDTH 600 0
DWIDTH 10 0
BBX 8 12 1 -3
BITMAP
C3
C3
C3
C3
C3
C3
C3
FF
FF
18
18
18
ENDCHAR
STARTCHAR 0460
ENCODING 1120
SWIDTH 960 0
DWIDTH 16 0
BBX 14 12 1 0
BITMAP
C30C
C30C
C30C
C30C
C30C
C30C
C30C
C30C
C30C
E31C
7FF8
3CF0
ENDCHAR
STARTCHAR 0461
ENCODING 1121
SWIDTH 840 0
DWIDTH 14 0
BBX 12 9 1 0
BITMAP
C630
C630
C630
C630
C630
C630
C730
7FF0
7DE0
ENDCHAR
STARTCHAR 0462
ENCODING 1122
SWIDTH 660 0
DWIDTH 11 0
BBX 10 12 0 0
BITMAP
6000
F800
6000
6000
7E00
7F80
61C0
60C0
60C0
60C0
7FC0
7F00
ENDCHAR
STARTCHAR 0463
ENCODING 1123
SWIDTH 600 0
DWIDTH 10 0
BBX 10 14 0 0
BITMAP
3000
3000
3000
FC00
FC00
3000
3000
3000
3F80
3F80
30C0
31C0
3F80
3F00
ENDCHAR
STARTCHAR 0464
ENCODING 1124
SWIDTH 1020 0
DWIDTH 17 0
BBX 15 13 1 0
BITMAP
0040
C1F8
C3FC
C60E
C606
CE00
FFE0
FFE0
CE00
C606
C70E
C3FC
C1F8
ENDCHAR
STARTCHAR 0465
ENCODING 1125
SWIDTH 840 0
DWIDTH 14 0
BBX 12 9 1 0
BITMAP
C7E0
CE70
CC30
CC00
FF80
CC00
CC30
C7E0
C3C0
ENDCHAR
STARTCHAR 0466
ENCODING 1126
SWIDTH 720 0
DWIDTH 12 0
BBX 12 12 0 0
BITMAP
0600
0F00
0F00
0F00
1980
1980
39C0
3FC0
3FC0
76E0
6660
E670
ENDCHAR
STARTCHAR 0467
ENCODING 1127
SWIDTH 600 0
DWIDTH 10 0
BBX 9 9 1 0
BITMAP
1C00
3C00
3C00
3600
7600
7F00
7F00
DB00
DB80
ENDCHAR
STARTCHAR 0468
ENCODING 1128
SWIDTH 1020 0
DWIDTH 17 0
BBX 15 12 1 0
BITMAP
C0E0
C0E0
C1E0
C1B0
C1B0
C338
C318
FFF8
C7FC
C6CC
CECC
CCCE
ENDCHAR
STARTCHAR 0469
ENCODING 1129
SWIDTH 900 0
DWIDTH 15 0
BBX 13 9 1 0
BITMAP
C180
C3C0
C3C0
C3E0
C660
FFE0
FFF0
CDB0
DDB8
ENDCHAR
STARTCHAR 046A
ENCODING 1130
SWIDTH 900 0
DWIDTH 15 0
BBX 13 12 1 0
BITMAP
7FF0
3FE0
18E0
1CC0
0D80
1FC0
7FF0
E338
C318
C318
C318
C318
ENDCHAR
STARTCHAR 046B
ENCODING 1131
SWIDTH 780 0
DWIDTH 13 0
BBX 11 9 1 0
BITMAP
7FC0
3F80
1B00
1B00
7F80
FFC0
CEE0
CEE0
CEE0
ENDCHAR
STARTCHAR 046C
ENCODING 1132
SWIDTH 1260 0
DWIDTH 21 0
BBX 18 12 1 0
BITMAP
E3FF80
E1FF00
E0C700
E0E600
E06C00
FFFE00
FFFF80
E719C0
E618C0
E618C0
E618C0
E618C0
ENDCHAR
STARTCHAR 046D
ENCODING 1133
SWIDTH 1020 0
DWIDTH 17 0
BBX 15 9 1 0
BITMAP
C7FC
C3F8
C198
C0F0
FFFC
FFFE
C666
CE66
CE66
ENDCHAR
STARTCHAR 046E
ENCODING 1134
SWIDTH 600 0
DWIDTH 10 0
BBX 8 20 1 -4
BITMAP
62
3C
18
00
7C
7E
06
06
06
3C
3E
06
07
07
3E
FC
C0
C0
60
20
ENDCHAR
STARTCHAR 046F
ENCODING 1135
SWIDTH 540 0
DWIDTH 9 0
BBX 7 16 1 -4
BITMAP
6E
18
00
F8
FE
06
0E
78
0E
06
1E
FC
C0
C0
E0
20
ENDCHAR
STARTCHAR 0470
ENCODING 1136
SWIDTH 840 0
DWIDTH 14 0
BBX 12 12 1 0
BITMAP
C670
C670
C670
C670
C670
E660
76E0
3FC0
1F00
0600
0600
0600
ENDCHAR
STARTCHAR 0471
ENCODING 1137
SWIDTH 780 0
DWIDTH 13 0
BBX 12 13 1 -4
BITMAP
C660
C660
C660
C670
C670
C660
6660
7FC0
1F80
0600
0600
0600
0600
ENDCHAR
STARTCHAR 0472
ENCODING 1138
SWIDTH 780 0
DWIDTH 13 0
BBX 11 13 1 0
BITMAP
0400
3F80
7BC0
60E0
E060
C060
FFE0
C7E0
C060
E0E0
70C0
3FC0
1F00
ENDCHAR
STARTCHAR 0473
ENCODING 1139
SWIDTH 600 0
DWIDTH 10 0
BBX 9 9 1 0
BITMAP
7E00
E700
C300
C380
FF80
C380
C300
7F00
3E00
ENDCHAR
STARTCHAR 0474
ENCODING 1140
SWIDTH 780 0
DWIDTH 13 0
BBX 12 13 0 0
BITMAP
8010
6070
6070
70E0
30E0
30C0
38C0
1980
1980
0D80
0F00
0F00
0700
ENDCHAR
STARTCHAR 0475
ENCODING 1141
SWIDTH 600 0
DWIDTH 10 0
BBX 10 9 0 0
BITMAP
E1C0
61C0
7300
3300
3300
3E00
1E00
1E00
0C00
ENDCHAR
STARTCHAR 0476
ENCODING 1142
SWIDTH 780 0
DWIDTH 13 0
BBX 12 16 0 0
BITMAP
1200
0900
0500
8010
6070
6070
70E0
30E0
30C0
38C0
1980
1980
0D80
0F00
0F00
0700
ENDCHAR
STARTCHAR 0477
ENCODING 1143
SWIDTH 600 0
DWIDTH 10 0
BBX 10 13 0 0
BITMAP
2400
1200
1200
8000
61C0
61C0
7300
3300
3300
3E00
1E00
1E00
0C00
ENDCHAR
STARTCHAR 0478
ENCODING 1144
SWIDTH 1380 0
DWIDTH 23 0
BBX 22 16 1 -3
BITMAP
040000
3F8000
7BC000
60E004
E06618
C06618
C06338
C06330
C06330
E0E1F0
70C1E0
3FC1E0
1F00C0
0000C0
0001C0
000780
ENDCHAR
STARTCHAR 0479
ENCODING 1145
SWIDTH 1260 0
DWIDTH 21 0
BBX 20 15 1 -4
BITMAP
000070
0040F0
7E30C0
E73180
C31980
C39980
C39B00
C38F00
C30F00
7F0E00
3E0600
000600
000C00
003C00
003000
ENDCHAR
STARTCHAR 047A
ENCODING 1146
SWIDTH 780 0
DWIDTH 13 0
BBX 11 15 1 -1
BITMAP
0400
0400
3F80
7FC0
64C0
E0E0
C060
C060
C060
C060
E0E0
65C0
7F80
1F00
0400
ENDCHAR
STARTCHAR 047B
ENCODING 1147
SWIDTH 660 0
DWIDTH 11 0
BBX 8 11 1 -1
BITMAP
18
7E
FF
DB
C3
C3
C3
DB
7F
3E
18
ENDCHAR
STARTCHAR 047C
ENCODING 1148
SWIDTH 1020 0
DWIDTH 17 0
BBX 13 15 2 0
BITMAP
0F80
08C0
0200
7670
F078
C018
C018
C018
C718
C718
C718
C718
C718
FFF8
7DF0
ENDCHAR
STARTCHAR 047D
ENCODING 1149
SWIDTH 840 0
DWIDTH 14 0
BBX 7 11 4 1
BITMAP
7C
C6
30
20
70
78
78
78
78
78
70
ENDCHAR
STARTCHAR 047E
ENCODING 1150
SWIDTH 960 0
DWIDTH 16 0
BBX 14 15 1 0
BITMAP
1FE0
0300
0000
C30C
C30C
C30C
C30C
C30C
C30C
C30C
C30C
C30C
E31C
7FF8
3CF0
ENDCHAR
STARTCHAR 047F
ENCODING 1151
SWIDTH 840 0
DWIDTH 14 0
BBX 12 12 1 0
BITMAP
1FC0
0600
0000
C630
C630
C630
C630
C630
C630
C630
7FF0
7DE0
ENDCHAR
STARTCHAR 0480
ENCODING 1152
SWIDTH 660 0
DWIDTH 11 0
BBX 9 15 1 -3
BITMAP
3F00
7F80
E180
C180
C000
C000
C000
C000
C000
E000
7C00
3C00
0C00
0C00
0C00
ENDCHAR
STARTCHAR 0481
ENCODING 1153
SWIDTH 600 0
DWIDTH 10 0
BBX 8 12 1 -3
BITMAP
3C
7E
E7
C0
C0
C0
E0
78
38
18
18
18
ENDCHAR
STARTCHAR 0482
ENCODING 1154
SWIDTH 660 0
DWIDTH 11 0
BBX 9 11 1 0
BITMAP
0180
1300
3A00
0600
0F80
8880
7800
3800
3E00
2400
4000
ENDCHAR
STARTCHAR 0483
ENCODING 1155
SWIDTH 0 0
DWIDTH 0 0
BBX 6 3 -8 10
BITMAP
04
FC
80
ENDCHAR
STARTCHAR 0484
ENCODING 1156
SWIDTH 0 0
DWIDTH 0 0
BBX 6 2 -8 11
BITMAP
1C
E4
ENDCHAR
STARTCHAR 0485
ENCODING 1157
SWIDTH 0 0
DWIDTH 0 0
BBX 3 3 -6 11
BITMAP
C0
C0
60
ENDCHAR
STARTCHAR 0486
ENCODING 1158
SWIDTH 0 0
DWIDTH 0 0
BBX 2 3 -5 11
BITMAP
C0
C0
80
ENDCHAR
STARTCHAR 0487
ENCODING 1159
SWIDTH 0 0
DWIDTH 0 0
BBX 7 2 -9 11
BITMAP
78
CE
ENDCHAR
STARTCHAR 0488
ENCODING 1160
SWIDTH 0 0
DWIDTH 0 0
BBX 16 15 -13 -3
BITMAP
0380
0040
300C
4812
0000
0000
4002
A005
0000
0000
0000
781E
0000
0180
0240
ENDCHAR
STARTCHAR 0489
ENCODING 1161
SWIDTH 0 0
DWIDTH 0 0
BBX 16 15 -13 -3
BITMAP
0080
0080
1184
1818
0800
0000
0000
E007
1001
0000
0000
0818
3088
0084
0100
ENDCHAR
STARTCHAR 048A
ENCODING 1162
SWIDTH 780 0
DWIDTH 13 0
BBX 12 19 1 -4
BITMAP
3B00
0E00
0000
C0C0
C1C0
C3C0
C3C0
C6C0
CEC0
CCC0
D8C0
F8C0
F0C0
E0C0
E0F0
0030
0030
0030
0020
ENDCHAR
STARTCHAR 048B
ENCODING 1163
SWIDTH 720 0
DWIDTH 12 0
BBX 10 16 1 -4
BITMAP
6600
3C00
0000
C700
C700
CF00
CF00
DB00
D300
F300
E300
E3C0
00C0
00C0
00C0
0180
ENDCHAR
STARTCHAR 048C
ENCODING 1164
SWIDTH 660 0
DWIDTH 11 0
BBX 10 12 0 0
BITMAP
6000
F800
6000
6000
7E00
7F80
61C0
60C0
60C0
60C0
7FC0
7F00
ENDCHAR
STARTCHAR 048D
ENCODING 1165
SWIDTH 600 0
DWIDTH 10 0
BBX 10 14 0 0
BITMAP
3000
3000
FC00
3000
3000
3000
3000
3000
3F80
3F80
30C0
31C0
3F80
3F00
ENDCHAR
STARTCHAR 048E
ENCODING 1166
SWIDTH 660 0
DWIDTH 11 0
BBX 9 12 1 0
BITMAP
FF00
E780
E180
E180
ED80
E780
FF00
FF00
E100
E000
E000
E000
ENDCHAR
STARTCHAR 048F
ENCODING 1167
SWIDTH 600 0
DWIDTH 10 0
BBX 9 12 1 -3
BITMAP
DE00
F700
E380
C180
C180
C580
EF80
FF00
DF00
C100
C000
C000
ENDCHAR
STARTCHAR 0490
ENCODING 1168
SWIDTH 600 0
DWIDTH 10 0
BBX 8 15 1 0
BITMAP
03
03
03
FF
FF
C0
C0
C0
C0
C0
C0
C0
C0
C0
C0
ENDCHAR
STARTCHAR 0491
ENCODING 1169
SWIDTH 480 0
DWIDTH 8 0
BBX 6 12 1 0
BITMAP
0C
0C
0C
FC
FC
C0
C0
C0
C0
C0
C0
C0
ENDCHAR
STARTCHAR 0492
ENCODING 1170
SWIDTH 600 0
DWIDTH 10 0
BBX 10 12 -1 0
BITMAP
3FC0
3FC0
3000
3000
3000
FC00
3000
3000
3000
3000
3000
3000
ENDCHAR
STARTCHAR 0493
ENCODING 1171
SWIDTH 480 0
DWIDTH 8 0
BBX 8 9 -1 0
BITMAP
3F
3F
30
FC
30
30
30
30
30
ENDCHAR
STARTCHAR 0494
ENCODING 1172
SWIDTH 660 0
DWIDTH 11 0
BBX 10 15 1 -3
BITMAP
FF00
FF00
C000
C000
C000
FE00
FF00
C380
C180
C1C0
C1C0
C180
0180
0700
0600
ENDCHAR
STARTCHAR 0495
ENCODING 1173
SWIDTH 600 0
DWIDTH 10 0
BBX 8 11 1 -2
BITMAP
FC
FC
C0
E0
FC
CE
C7
C3
C7
0E
0C
ENDCHAR
STARTCHAR 0496
ENCODING 1174
SWIDTH 1080 0
DWIDTH 18 0
BBX 18 15 0 -3
BITMAP
70C380
30C700
18C600
1CCE00
0CCC00
0FF800
0FFC00
1CCE00
18C600
38C700
70C3C0
E0C3C0
0000C0
0000C0
0000C0
ENDCHAR
STARTCHAR 0497
ENCODING 1175
SWIDTH 900 0
DWIDTH 15 0
BBX 14 12 1 -3
BITMAP
E638
6670
3660
3FC0
1FC0
3EE0
7660
667C
C63C
000C
000C
000C
ENDCHAR
STARTCHAR 0498
ENCODING 1176
SWIDTH 660 0
DWIDTH 11 0
BBX 9 17 1 -4
BITMAP
0800
7F00
6300
E380
0380
0300
1E00
1F00
0180
0180
E380
7F00
3E00
0800
0400
0400
1800
ENDCHAR
STARTCHAR 0499
ENCODING 1177
SWIDTH 540 0
DWIDTH 9 0
BBX 7 13 1 -4
BITMAP
7C
C6
06
3C
3C
06
C6
EE
7C
10
08
18
30
ENDCHAR
STARTCHAR 049A
ENCODING 1178
SWIDTH 780 0
DWIDTH 13 0
BBX 11 15 1 -3
BITMAP
C1E0
C380
C700
CE00
DC00
F800
FC00
CE00
C700
C300
C3E0
C1E0
0060
0060
0060
ENDCHAR
STARTCHAR 049B
ENCODING 1179
SWIDTH 660 0
DWIDTH 11 0
BBX 9 12 1 -3
BITMAP
C780
C600
CC00
FC00
F800
DC00
CE00
C780
C380
0180
0180
0180
ENDCHAR
STARTCHAR 049C
ENCODING 1180
SWIDTH 720 0
DWIDTH 12 0
BBX 10 12 1 0
BITMAP
C1C0
C180
C380
DB00
DF00
FE00
FE00
DF00
DB80
C180
C1C0
C0C0
ENDCHAR
STARTCHAR 049D
ENCODING 1181
SWIDTH 660 0
DWIDTH 11 0
BBX 9 9 1 0
BITMAP
C380
C300
D700
FE00
FE00
D600
D300
C380
C180
ENDCHAR
STARTCHAR 04A0
ENCODING 1184
SWIDTH 840 0
DWIDTH 14 0
BBX 13 12 0 0
BITMAP
F838
1870
18E0
19C0
1B80
1F00
1F80
19C0
18E0
1860
1870
1838
ENDCHAR
STARTCHAR 04A1
ENCODING 1185
SWIDTH 780 0
DWIDTH 13 0
BBX 11 9 1 0
BITMAP
F8E0
F9C0
1980
1F80
1F00
1B80
19C0
18C0
18E0
ENDCHAR
STARTCHAR 04A2
ENCODING 1186
SWIDTH 840 0
DWIDTH 14 0
BBX 12 15 1 -3
BITMAP
C0C0
C0C0
C0C0
C0C0
C0C0
FFC0
FFC0
C0C0
C0C0
C0C0
C0F0
C0F0
0030
0030
0030
ENDCHAR
STARTCHAR 04A3
ENCODING 1187
SWIDTH 720 0
DWIDTH 12 0
BBX 10 12 1 -3
BITMAP
C300
C300
C300
FF00
FF00
C300
C300
C3C0
C3C0
00C0
00C0
00C0
ENDCHAR
STARTCHAR 04A4
ENCODING 1188
SWIDTH 1020 0
DWIDTH 17 0
BBX 15 12 1 0
BITMAP
C0FE
C0FE
C0C0
C0C0
C0C0
FFC0
FFC0
C0C0
C0C0
C0C0
C0C0
C0C0
ENDCHAR
STARTCHAR 04A5
ENCODING 1189
SWIDTH 720 0
DWIDTH 12 0
BBX 11 9 1 0
BITMAP
C3E0
C3E0
C300
FF00
FF00
C300
C300
C300
C300
ENDCHAR
STARTCHAR 04A6
ENCODING 1190
SWIDTH 1140 0
DWIDTH 19 0
BBX 17 15 1 -3
BITMAP
FFC000
C0C000
C0C000
C0C000
C0C000
C0FC00
C0FF00
C0C300
C0C380
C0C180
C0C180
C0C300
000300
000E00
000C00
ENDCHAR
STARTCHAR 04A7
ENCODING 1191
SWIDTH 960 0
DWIDTH 16 0
BBX 14 11 1 -2
BITMAP
FF00
FF00
C300
C3C0
C3F8
C31C
C30C
C30C
C30C
0018
0030
ENDCHAR
STARTCHAR 04A8
ENCODING 1192
SWIDTH 840 0
DWIDTH 14 0
BBX 12 13 1 0
BITMAP
0880
33E0
7760
E630
E630
C630
C630
C630
E630
E770
73E0
3FF0
1FF0
ENDCHAR
STARTCHAR 04A9
ENCODING 1193
SWIDTH 720 0
DWIDTH 12 0
BBX 10 9 1 0
BITMAP
7780
6D80
EDC0
CCC0
CCC0
CDC0
6D80
7F80
3FC0
ENDCHAR
STARTCHAR 04AA
ENCODING 1194
SWIDTH 780 0
DWIDTH 13 0
BBX 11 17 1 -4
BITMAP
0400
3F80
7BC0
60C0
E0E0
C000
C000
C000
C000
E0E0
70C0
3FC0
1F00
0400
0200
0200
0C00
ENDCHAR
STARTCHAR 04AB
ENCODING 1195
SWIDTH 600 0
DWIDTH 10 0
BBX 8 13 1 -4
BITMAP
7E
E7
C3
C0
C0
C0
C3
7F
3E
18
0C
0C
18
ENDCHAR
STARTCHAR 04AC
ENCODING 1196
SWIDTH 660 0
DWIDTH 11 0
BBX 10 15 1 -3
BITMAP
FFC0
FFC0
1C00
1C00
1C00
1C00
1C00
1C00
1C00
1C00
1F00
1F00
0300
0300
0300
ENDCHAR
STARTCHAR 04AD
ENCODING 1197
SWIDTH 540 0
DWIDTH 9 0
BBX 8 12 1 -3
BITMAP
FF
FF
18
18
18
18
18
1E
1E
06
06
06
ENDCHAR
STARTCHAR 04AE
ENCODING 1198
SWIDTH 720 0
DWIDTH 12 0
BBX 12 12 0 0
BITMAP
E070
70E0
31C0
1980
1F80
0F00
0F00
0600
0600
0600
0600
0600
ENDCHAR
STARTCHAR 04AF
ENCODING 1199
SWIDTH 540 0
DWIDTH 9 0
BBX 9 12 0 -3
BITMAP
E380
6300
6300
3700
3600
3600
1E00
1C00
1C00
0C00
0C00
0C00
ENDCHAR
STARTCHAR 04B0
ENCODING 1200
SWIDTH 720 0
DWIDTH 12 0
BBX 12 12 0 0
BITMAP
E070
70E0
31C0
1980
1F80
0F00
1F80
0600
0600
0600
0600
0600
ENDCHAR
STARTCHAR 04B1
ENCODING 1201
SWIDTH 540 0
DWIDTH 9 0
BBX 9 12 0 -3
BITMAP
E380
6300
6300
3700
3600
3600
1E00
1C00
3F00
0C00
0C00
0C00
ENDCHAR
STARTCHAR 04B2
ENCODING 1202
SWIDTH 720 0
DWIDTH 12 0
BBX 12 15 0 -3
BITMAP
70E0
30C0
3980
1B80
0F00
0F00
0F00
1F00
1980
39C0
70F0
E0F0
0030
0030
0030
ENDCHAR
STARTCHAR 04B3
ENCODING 1203
SWIDTH 600 0
DWIDTH 10 0
BBX 9 12 1 -3
BITMAP
C700
6600
6C00
3C00
3800
3C00
6E00
E780
C780
0180
0180
0180
ENDCHAR
STARTCHAR 04B4
ENCODING 1204
SWIDTH 960 0
DWIDTH 16 0
BBX 14 15 1 -3
BITMAP
FF38
1838
1838
1838
1838
1838
1838
1838
1838
1838
1FFC
1FFC
000C
000C
000C
ENDCHAR
STARTCHAR 04B5
ENCODING 1205
SWIDTH 720 0
DWIDTH 12 0
BBX 11 12 1 -3
BITMAP
FDC0
FDC0
31C0
31C0
31C0
31C0
31C0
3FE0
3FE0
0060
0060
0060
ENDCHAR
STARTCHAR 04B6
ENCODING 1206
SWIDTH 780 0
DWIDTH 13 0
BBX 11 15 2 -3
BITMAP
C180
C180
C180
C180
C180
E180
7F80
1D80
0180
0180
01E0
01E0
0060
0060
0060
ENDCHAR
STARTCHAR 04B7
ENCODING 1207
SWIDTH 720 0
DWIDTH 12 0
BBX 10 12 1 -3
BITMAP
C300
C300
C300
C300
FF00
7F00
0300
03C0
03C0
00C0
00C0
00C0
ENDCHAR
STARTCHAR 04B8
ENCODING 1208
SWIDTH 780 0
DWIDTH 13 0
BBX 9 12 2 0
BITMAP
C180
C180
C180
D980
D980
F980
7F80
1D80
1980
1980
0180
0180
ENDCHAR
STARTCHAR 04B9
ENCODING 1209
SWIDTH 600 0
DWIDTH 10 0
BBX 8 9 1 0
BITMAP
C3
C3
DB
DB
FF
7F
1B
03
03
ENDCHAR
STARTCHAR 04BA
ENCODING 1210
SWIDTH 780 0
DWIDTH 13 0
BBX 9 12 2 0
BITMAP
C000
C000
C000
C000
FE00
FF00
C380
C180
C180
C180
C180
C180
ENDCHAR
STARTCHAR 04BB
ENCODING 1211
SWIDTH 600 0
DWIDTH 10 0
BBX 8 12 1 0
BITMAP
C0
C0
C0
DE
F7
E3
C3
C3
C3
C3
C3
C3
ENDCHAR
STARTCHAR 04BC
ENCODING 1212
SWIDTH 840 0
DWIDTH 14 0
BBX 12 12 1 0
BITMAP
07C0
0FE0
1C30
D830
D830
7FF0
1FF0
1800
1800
1C00
0FE0
07F0
ENDCHAR
STARTCHAR 04BD
ENCODING 1213
SWIDTH 780 0
DWIDTH 13 0
BBX 12 9 0 0
BITMAP
07E0
0E60
CC30
7FF0
3FF0
0C00
0C30
0FF0
07E0
ENDCHAR
STARTCHAR 04BE
ENCODING 1214
SWIDTH 840 0
DWIDTH 14 0
BBX 12 16 1 -4
BITMAP
07C0
0FE0
1C30
D830
D830
7FF0
1FF0
1800
1800
1C00
0FE0
07F0
0180
0180
0180
0180
ENDCHAR
STARTCHAR 04BF
ENCODING 1215
SWIDTH 780 0
DWIDTH 13 0
BBX 12 13 0 -4
BITMAP
07E0
0E60
CC30
7FF0
3FF0
0C00
0C30
0FF0
07E0
0100
00C0
00C0
0180
ENDCHAR
STARTCHAR 04C0
ENCODING 1216
SWIDTH 300 0
DWIDTH 5 0
BBX 2 12 1 0
BITMAP
C0
C0
C0
C0
C0
C0
C0
C0
C0
C0
C0
C0
ENDCHAR
STARTCHAR 04C1
ENCODING 1217
SWIDTH 1080 0
DWIDTH 18 0
BBX 17 15 0 0
BITMAP
033000
01E000
000000
70C380
30C700
18C600
1CCE00
0CCC00
0FF800
0FFC00
1CCE00
18C600
38C700
70C300
E0C380
ENDCHAR
STARTCHAR 04C2
ENCODING 1218
SWIDTH 900 0
DWIDTH 15 0
BBX 13 12 1 0
BITMAP
1D80
0700
0000
E638
6670
3660
3FC0
1FC0
3EE0
7660
6670
C638
ENDCHAR
STARTCHAR 04C3
ENCODING 1219
SWIDTH 720 0
DWIDTH 12 0
BBX 10 15 1 -3
BITMAP
C1C0
C300
C700
CE00
CC00
FE00
FF80
C180
C1C0
C0C0
C0C0
C1C0
0180
0780
0600
ENDCHAR
STARTCHAR 04C4
ENCODING 1220
SWIDTH 600 0
DWIDTH 10 0
BBX 9 11 1 -2
BITMAP
C780
C600
CC00
FC00
FE00
FF00
C300
C180
C380
0700
0600
ENDCHAR
STARTCHAR 04C5
ENCODING 1221
SWIDTH 720 0
DWIDTH 12 0
BBX 13 16 0 -4
BITMAP
1FE0
1860
1860
1860
1860
1860
1860
1860
3860
3060
F060
E078
0018
0018
0010
0030
ENDCHAR
STARTCHAR 04C6
ENCODING 1222
SWIDTH 720 0
DWIDTH 12 0
BBX 11 13 0 -4
BITMAP
3F80
3F80
3180
3180
3180
3180
3180
F180
E1E0
0060
0060
0040
00C0
ENDCHAR
STARTCHAR 04C7
ENCODING 1223
SWIDTH 780 0
DWIDTH 13 0
BBX 10 16 1 -4
BITMAP
C0C0
C0C0
C0C0
C0C0
C0C0
FFC0
FFC0
C0C0
C0C0
C0C0
C0C0
C0C0
00C0
00C0
03C0
0300
ENDCHAR
STARTCHAR 04C8
ENCODING 1224
SWIDTH 600 0
DWIDTH 10 0
BBX 8 13 1 -4
BITMAP
C3
C3
C3
FF
FF
C3
C3
C3
C3
03
07
0E
0C
ENDCHAR
STARTCHAR 04C9
ENCODING 1225
SWIDTH 840 0
DWIDTH 14 0
BBX 12 16 1 -4
BITMAP
C0C0
C0C0
C0C0
C0C0
C0C0
FFC0
FFC0
C0C0
C0C0
C0C0
C0C0
C0F0
0030
0030
0030
0020
ENDCHAR
STARTCHAR 04CA
ENCODING 1226
SWIDTH 660 0
DWIDTH 11 0
BBX 10 13 1 -4
BITMAP
C300
C300
C300
FF00
FF00
C300
C300
C300
C3C0
00C0
00C0
0180
0080
ENDCHAR
STARTCHAR 04CB
ENCODING 1227
SWIDTH 780 0
DWIDTH 13 0
BBX 11 15 2 -3
BITMAP
C180
C180
C180
C180
C180
E180
7F80
1D80
0180
0180
01E0
01E0
0060
0060
0060
ENDCHAR
STARTCHAR 04CC
ENCODING 1228
SWIDTH 600 0
DWIDTH 10 0
BBX 8 12 1 -3
BITMAP
C3
C3
C3
C3
FF
7F
03
0F
0F
0C
0C
0C
ENDCHAR
STARTCHAR 04CD
ENCODING 1229
SWIDTH 900 0
DWIDTH 15 0
BBX 15 16 1 -4
BITMAP
E038
F038
F078
F878
D8F8
D8D8
CCD8
CD98
C798
C718
C718
C31E
0006
0006
0006
000C
ENDCHAR
STARTCHAR 04CE
ENCODING 1230
SWIDTH 840 0
DWIDTH 14 0
BBX 13 13 1 -4
BITMAP
E0E0
E1E0
F1E0
D160
DB60
DB60
CE60
CE60
C478
0018
0018
0030
0010
ENDCHAR
STARTCHAR 04CF
ENCODING 1231
SWIDTH 300 0
DWIDTH 5 0
BBX 2 12 1 0
BITMAP
C0
C0
C0
C0
C0
C0
C0
C0
C0
C0
C0
C0
ENDCHAR
STARTCHAR 04D0
ENCODING 1232
SWIDTH 720 0
DWIDTH 12 0
BBX 12 15 0 0
BITMAP
1980
0F00
0000
0F00
0F00
0F80
1D80
1980
19C0
38C0
3FC0
3FE0
7060
6060
E070
ENDCHAR
STARTCHAR 04D1
ENCODING 1233
SWIDTH 600 0
DWIDTH 10 0
BBX 8 12 1 0
BITMAP
66
3C
00
7E
E6
07
0F
FF
C3
C7
EF
7B
ENDCHAR
STARTCHAR 04D2
ENCODING 1234
SWIDTH 720 0
DWIDTH 12 0
BBX 12 16 0 0
BITMAP
1980
1D80
0000
0000
0F00
0F00
0F80
1D80
1980
19C0
38C0
3FC0
3FE0
7060
6060
E070
ENDCHAR
STARTCHAR 04D3
ENCODING 1235
SWIDTH 600 0
DWIDTH 10 0
BBX 8 13 1 0
BITMAP
66
66
00
00
7E
E6
07
0F
FF
C3
C7
EF
7B
ENDCHAR
STARTCHAR 04D4
ENCODING 1236
SWIDTH 1020 0
DWIDTH 17 0
BBX 16 12 0 0
BITMAP
03FF
07FF
06C0
0EC0
0CC0
1CFF
18FF
3FC0
3FC0
30C0
70FF
E0FF
ENDCHAR
STARTCHAR 04D5
ENCODING 1237
SWIDTH 960 0
DWIDTH 16 0
BBX 14 9 1 0
BITMAP
7DF0
E798
070C
0FFC
FFFC
C200
C70C
EFF8
79F0
ENDCHAR
STARTCHAR 04D6
ENCODING 1238
SWIDTH 600 0
DWIDTH 10 0
BBX 8 15 1 0
BITMAP
76
1C
00
FF
FF
C0
C0
C0
FF
FF
C0
C0
C0
FF
FF
ENDCHAR
STARTCHAR 04D7
ENCODING 1239
SWIDTH 600 0
DWIDTH 10 0
BBX 8 12 1 0
BITMAP
66
3C
00
7E
E7
C3
FF
FF
C0
C3
7F
3E
ENDCHAR
STARTCHAR 04D8
ENCODING 1240
SWIDTH 720 0
DWIDTH 12 0
BBX 10 13 1 0
BITMAP
1800
7F00
7780
01C0
00C0
00C0
FFC0
FFC0
C0C0
C1C0
E1C0
7F80
3F00
ENDCHAR
STARTCHAR 04D9
ENCODING 1241
SWIDTH 600 0
DWIDTH 10 0
BBX 8 9 1 0
BITMAP
7E
E7
03
03
FF
C3
C3
7E
3C
ENDCHAR
STARTCHAR 04DA
ENCODING 1242
SWIDTH 720 0
DWIDTH 12 0
BBX 10 16 1 0
BITMAP
3300
3300
0000
1800
7F00
7780
01C0
00C0
00C0
FFC0
FFC0
C0C0
C1C0
E1C0
7F80
3F00
ENDCHAR
STARTCHAR 04DB
ENCODING 1243
SWIDTH 600 0
DWIDTH 10 0
BBX 8 13 1 0
BITMAP
66
66
00
00
7E
E7
03
03
FF
C3
C3
7E
3C
ENDCHAR
STARTCHAR 04DC
ENCODING 1244
SWIDTH 1080 0
DWIDTH 18 0
BBX 17 16 0 0
BITMAP
033000
037000
000000
000000
70C380
30C700
18C600
1CCE00
0CCC00
0FF800
0FFC00
1CCE00
18C600
38C700
70C300
E0C380
ENDCHAR
STARTCHAR 04DD
ENCODING 1245
SWIDTH 900 0
DWIDTH 15 0
BBX 13 13 1 0
BITMAP
0980
1D80
0000
0000
E638
6670
3660
3FC0
1FC0
3EE0
7660
6670
C638
ENDCHAR
STARTCHAR 04DE
ENCODING 1246
SWIDTH 660 0
DWIDTH 11 0
BBX 9 16 1 0
BITMAP
3600
3700
0000
0800
7F00
6300
E380
0380
0300
1E00
1F00
0180
0180
E380
7F00
3E00
ENDCHAR
STARTCHAR 04DF
ENCODING 1247
SWIDTH 540 0
DWIDTH 9 0
BBX 7 13 1 0
BITMAP
6C
EC
00
00
7C
C6
06
3C
3C
06
C6
EE
7C
ENDCHAR
STARTCHAR 04E0
ENCODING 1248
SWIDTH 660 0
DWIDTH 11 0
BBX 9 12 1 0
BITMAP
7F80
7F00
0600
0C00
1C00
1E00
0700
0180
0180
C380
7F00
3E00
ENDCHAR
STARTCHAR 04E1
ENCODING 1249
SWIDTH 660 0
DWIDTH 11 0
BBX 9 12 1 -3
BITMAP
7F80
7F00
0600
0C00
1C00
1E00
0700
0180
0180
C380
7F00
3E00
ENDCHAR
STARTCHAR 04E2
ENCODING 1250
SWIDTH 780 0
DWIDTH 13 0
BBX 10 15 1 0
BITMAP
3F00
0000
0000
C0C0
C1C0
C3C0
C3C0
C6C0
CEC0
CCC0
D8C0
F8C0
F0C0
E0C0
E0C0
ENDCHAR
STARTCHAR 04E3
ENCODING 1251
SWIDTH 600 0
DWIDTH 10 0
BBX 8 12 1 0
BITMAP
7E
00
00
C7
C7
CF
CF
DB
D3
F3
E3
E3
ENDCHAR
STARTCHAR 04E4
ENCODING 1252
SWIDTH 780 0
DWIDTH 13 0
BBX 10 16 1 0
BITMAP
1300
3B00
0000
0000
C0C0
C1C0
C3C0
C3C0
C6C0
CEC0
CCC0
D8C0
F8C0
F0C0
E0C0
E0C0
ENDCHAR
STARTCHAR 04E5
ENCODING 1253
SWIDTH 600 0
DWIDTH 10 0
BBX 8 13 1 0
BITMAP
66
76
00
00
C7
C7
CF
CF
DB
D3
F3
E3
E3
ENDCHAR
STARTCHAR 04E6
ENCODING 1254
SWIDTH 780 0
DWIDTH 13 0
BBX 11 16 1 0
BITMAP
1900
1B80
0000
0400
3F80
7BC0
60E0
E060
C060
C060
C060
C060
E0E0
70C0
3FC0
1F00
ENDCHAR
STARTCHAR 04E7
ENCODING 1255
SWIDTH 600 0
DWIDTH 10 0
BBX 9 13 1 0
BITMAP
6600
7600
0000
0000
7E00
E700
C300
C380
C380
C380
C300
7F00
3E00
ENDCHAR
STARTCHAR 04E8
ENCODING 1256
SWIDTH 780 0
DWIDTH 13 0
BBX 11 13 1 0
BITMAP
0400
3F80
7BC0
60E0
E060
C060
FFE0
C7E0
C060
E0E0
70C0
3FC0
1F00
ENDCHAR
STARTCHAR 04E9
ENCODING 1257
SWIDTH 600 0
DWIDTH 10 0
BBX 9 9 1 0
BITMAP
7E00
E700
C300
C380
FF80
C380
C300
7F00
3E00
ENDCHAR
STARTCHAR 04EA
ENCODING 1258
SWIDTH 780 0
DWIDTH 13 0
BBX 11 16 1 0
BITMAP
1900
1B80
0000
0400
3F80
7BC0
60E0
E060
C060
FFE0
C7E0
C060
E0E0
70C0
3FC0
1F00
ENDCHAR
STARTCHAR 04EB
ENCODING 1259
SWIDTH 600 0
DWIDTH 10 0
BBX 9 13 1 0
BITMAP
6600
7600
0000
0000
7E00
E700
C300
C380
FF80
C380
C300
7F00
3E00
ENDCHAR
STARTCHAR 04EC
ENCODING 1260
SWIDTH 720 0
DWIDTH 12 0
BBX 10 16 1 0
BITMAP
3300
3700
0000
0800
7F00
7380
C180
C1C0
00C0
1FC0
1FC0
00C0
C1C0
E180
7F80
3E00
ENDCHAR
STARTCHAR 04ED
ENCODING 1261
SWIDTH 540 0
DWIDTH 9 0
BBX 8 13 1 0
BITMAP
64
6E
00
00
7C
EE
C6
07
1F
07
C6
FE
7C
ENDCHAR
STARTCHAR 04EE
ENCODING 1262
SWIDTH 660 0
DWIDTH 11 0
BBX 11 15 0 0
BITMAP
1F00
0000
8020
60C0
70C0
31C0
3980
1980
1B00
0F00
0E00
0600
0E00
3C00
3800
ENDCHAR
STARTCHAR 04EF
ENCODING 1263
SWIDTH 600 0
DWIDTH 10 0
BBX 9 15 0 -3
BITMAP
3F00
0000
8000
6180
6180
7300
3300
3300
3600
1E00
1E00
0C00
0C00
1C00
7800
ENDCHAR
STARTCHAR 04F0
ENCODING 1264
SWIDTH 660 0
DWIDTH 11 0
BBX 11 16 0 0
BITMAP
1B00
1B80
0000
8020
60C0
70C0
31C0
3980
1980
1B00
0F00
0E00
0600
0E00
3C00
3800
ENDCHAR
STARTCHAR 04F1
ENCODING 1265
SWIDTH 600 0
DWIDTH 10 0
BBX 9 16 0 -3
BITMAP
3300
3300
0000
8000
6180
6180
7300
3300
3300
3600
1E00
1E00
0C00
0C00
1C00
7800
ENDCHAR
STARTCHAR 04F2
ENCODING 1266
SWIDTH 660 0
DWIDTH 11 0
BBX 11 16 0 0
BITMAP
0EC0
0D80
1B00
8020
60C0
70C0
31C0
3980
1980
1B00
0F00
0E00
0600
0E00
3C00
3800
ENDCHAR
STARTCHAR 04F3
ENCODING 1267
SWIDTH 600 0
DWIDTH 10 0
BBX 9 16 0 -3
BITMAP
0D80
1B00
3600
8000
6180
6180
7300
3300
3300
3600
1E00
1E00
0C00
0C00
1C00
7800
ENDCHAR
STARTCHAR 04F4
ENCODING 1268
SWIDTH 780 0
DWIDTH 13 0
BBX 9 16 2 0
BITMAP
2600
7600
0000
0000
C180
C180
C180
C180
C180
E180
7F80
1D80
0180
0180
0180
0180
ENDCHAR
STARTCHAR 04F5
ENCODING 1269
SWIDTH 600 0
DWIDTH 10 0
BBX 8 13 1 0
BITMAP
66
66
00
00
C3
C3
C3
C3
FF
7F
03
03
03
ENDCHAR
STARTCHAR 04F6
ENCODING 1270
SWIDTH 600 0
DWIDTH 10 0
BBX 8 15 1 -3
BITMAP
FF
FF
C0
C0
C0
C0
C0
C0
C0
C0
F8
F8
38
38
38
ENDCHAR
STARTCHAR 04F7
ENCODING 1271
SWIDTH 480 0
DWIDTH 8 0
BBX 6 12 1 -3
BITMAP
FC
FC
C0
C0
C0
C0
C0
F0
F0
30
30
30
ENDCHAR
STARTCHAR 04F8
ENCODING 1272
SWIDTH 900 0
DWIDTH 15 0
BBX 13 16 1 0
BITMAP
0CC0
0DC0
0000
0000
E018
E018
E018
E018
FC18
FF18
E398
E198
E198
E198
FF98
FE18
ENDCHAR
STARTCHAR 04F9
ENCODING 1273
SWIDTH 840 0
DWIDTH 14 0
BBX 11 13 1 0
BITMAP
1900
1B80
0000
0000
C060
C060
C060
FE60
FF60
C360
C360
FF60
FE60
ENDCHAR
STARTCHAR 04FA
ENCODING 1274
SWIDTH 600 0
DWIDTH 10 0
BBX 10 16 -1 -4
BITMAP
3FC0
3FC0
3000
3000
3000
FC00
3000
3000
3000
3000
3E00
3E00
0E00
0C00
3C00
3800
ENDCHAR
STARTCHAR 04FB
ENCODING 1275
SWIDTH 480 0
DWIDTH 8 0
BBX 8 13 -1 -4
BITMAP
3F
3F
30
FC
30
30
30
30
30
30
30
F0
C0
ENDCHAR
STARTCHAR 04FC
ENCODING 1276
SWIDTH 720 0
DWIDTH 12 0
BBX 12 16 0 -4
BITMAP
70E0
30C0
3980
1B80
0F00
0F00
0F00
1F00
1980
39C0
70F0
E0F0
0030
0030
00F0
00C0
ENDCHAR
STARTCHAR 04FD
ENCODING 1277
SWIDTH 540 0
DWIDTH 9 0
BBX 8 13 1 -4
BITMAP
C7
6E
6C
3C
38
3C
6C
E6
C6
03
07
0E
1C
ENDCHAR
STARTCHAR 04FE
ENCODING 1278
SWIDTH 720 0
DWIDTH 12 0
BBX 11 12 0 0
BITMAP
70E0
30C0
3980
1B80
0F00
1F80
0F00
1F00
1980
39C0
70C0
E0E0
ENDCHAR
STARTCHAR 04FF
ENCODING 1279
SWIDTH 600 0
DWIDTH 10 0
BBX 8 9 1 0
BITMAP
C7
66
6C
3C
7E
3C
6E
E6
C7
ENDCHAR
STARTCHAR 052F
ENCODING 1327
SWIDTH 720 0
DWIDTH 12 0
BBX 11 12 0 -3
BITMAP
3F80
3F80
3180
3180
3180
3180
3180
F1E0
E1E0
0060
0060
0060
ENDCHAR
STARTCHAR 146B
ENCODING 5227
SWIDTH 420 0
DWIDTH 7 0
BBX 6 8 0 4
BITMAP
7C
44
C4
44
6C
34
04
04
ENDCHAR
STARTCHAR 1D43
ENCODING 7491
SWIDTH 420 0
DWIDTH 7 0
BBX 6 6 0 6
BITMAP
7C
2C
7C
CC
CC
7C
ENDCHAR
STARTCHAR 1D47
ENCODING 7495
SWIDTH 420 0
DWIDTH 7 0
BBX 6 8 1 6
BITMAP
80
80
B8
CC
8C
8C
D8
B8
ENDCHAR
STARTCHAR 1D48
ENCODING 7496
SWIDTH 420 0
DWIDTH 7 0
BBX 6 8 0 6
BITMAP
04
04
7C
44
C4
44
6C
34
ENDCHAR
STARTCHAR 1D49
ENCODING 7497
SWIDTH 420 0
DWIDTH 7 0
BBX 6 6 0 6
BITMAP
7C
44
FC
C0
6C
38
ENDCHAR
STARTCHAR 1D4D
ENCODING 7501
SWIDTH 420 0
DWIDTH 7 0
BBX 6 8 0 4
BITMAP
7C
44
C4
44
7C
34
44
7C
ENDCHAR
STARTCHAR 1D4F
ENCODING 7503
SWIDTH 420 0
DWIDTH 7 0
BBX 6 8 1 6
BITMAP
80
80
98
B0
E0
F0
98
9C
ENDCHAR
STARTCHAR 1D50
ENCODING 7504
SWIDTH 600 0
DWIDTH 10 0
BBX 9 6 1 6
BITMAP
FF00
9980
9980
9980
9980
9980
ENDCHAR
STARTCHAR 1D52
ENCODING 7506
SWIDTH 420 0
DWIDTH 7 0
BBX 6 6 0 6
BITMAP
7C
44
C4
44
6C
38
ENDCHAR
STARTCHAR 1D56
ENCODING 7510
SWIDTH 420 0
DWIDTH 7 0
BBX 6 8 1 4
BITMAP
F8
CC
8C
8C
D8
B8
80
80
ENDCHAR
STARTCHAR 1D57
ENCODING 7511
SWIDTH 240 0
DWIDTH 4 0
BBX 4 8 0 6
BITMAP
60
60
F0
60
60
60
70
30
ENDCHAR
STARTCHAR 1D58
ENCODING 7512
SWIDTH 420 0
DWIDTH 7 0
BBX 5 6 1 6
BITMAP
88
88
88
88
F8
68
ENDCHAR
STARTCHAR 1D5B
ENCODING 7515
SWIDTH 420 0
DWIDTH 7 0
BBX 6 6 0 6
BITMAP
CC
6C
68
28
38
30
ENDCHAR
STARTCHAR 1D62
ENCODING 7522
SWIDTH 180 0
DWIDTH 3 0
BBX 1 9 1 -2
BITMAP
80
80
00
80
80
80
80
80
80
ENDCHAR
STARTCHAR 1D63
ENCODING 7523
SWIDTH 300 0
DWIDTH 5 0
BBX 4 6 1 -2
BITMAP
F0
C0
80
80
80
80
ENDCHAR
STARTCHAR 1D64
ENCODING 7524
SWIDTH 420 0
DWIDTH 7 0
BBX 5 6 1 -2
BITMAP
88
88
88
88
F8
68
ENDCHAR
STARTCHAR 1D65
ENCODING 7525
SWIDTH 420 0
DWIDTH 7 0
BBX 6 6 0 -2
BITMAP
CC
6C
68
28
38
30
ENDCHAR
STARTCHAR 1D9C
ENCODING 7580
SWIDTH 420 0
DWIDTH 7 0
BBX 6 6 0 6
BITMAP
7C
44
C0
40
6C
38
ENDCHAR
STARTCHAR 1DA0
ENCODING 7584
SWIDTH 240 0
DWIDTH 4 0
BBX 4 9 0 6
BITMAP
30
70
60
F0
60
60
60
60
60
ENDCHAR
STARTCHAR 1DBB
ENCODING 7611
SWIDTH 360 0
DWIDTH 6 0
BBX 5 6 1 6
BITMAP
F8
30
20
60
F8
F8
ENDCHAR
STARTCHAR 1DBF
ENCODING 7615
SWIDTH 480 0
DWIDTH 8 0
BBX 6 9 1 5
BITMAP
78
CC
CC
FC
FC
CC
CC
78
30
ENDCHAR
STARTCHAR 1DC0
ENCODING 7616
SWIDTH 0 0
DWIDTH 0 0
BBX 9 3 -10 10
BITMAP
3900
5B80
ED00
ENDCHAR
STARTCHAR 1DC1
ENCODING 7617
SWIDTH 0 0
DWIDTH 0 0
BBX 9 3 -10 10
BITMAP
4E00
ED00
5B80
ENDCHAR
STARTCHAR 1DC2
ENCODING 7618
SWIDTH 0 0
DWIDTH 0 0
BBX 3 4 -7 -5
BITMAP
E0
60
40
20
ENDCHAR
STARTCHAR 1DC3
ENCODING 7619
SWIDTH 0 0
DWIDTH 0 0
BBX 5 3 -7 10
BITMAP
08
F8
60
ENDCHAR
STARTCHAR 1DC4
ENCODING 7620
SWIDTH 0 0
DWIDTH 0 0
BBX 6 3 -7 10
BITMAP
0C
F8
F0
ENDCHAR
STARTCHAR 1DC5
ENCODING 7621
SWIDTH 0 0
DWIDTH 0 0
BBX 7 3 -9 10
BITMAP
E0
7E
3E
ENDCHAR
STARTCHAR 1DC6
ENCODING 7622
SWIDTH 0 0
DWIDTH 0 0
BBX 7 3 -8 10
BITMAP
F8
FC
0E
ENDCHAR
STARTCHAR 1DC7
ENCODING 7623
SWIDTH 0 0
DWIDTH 0 0
BBX 6 3 -8 10
BITMAP
7C
7C
C0
ENDCHAR
STARTCHAR 1DC8
ENCODING 7624
SWIDTH 0 0
DWIDTH 0 0
BBX 8 3 -9 10
BITMAP
CE
7E
33
ENDCHAR
STARTCHAR 1DC9
ENCODING 7625
SWIDTH 0 0
DWIDTH 0 0
BBX 7 3 -8 10
BITMAP
76
FC
9C
ENDCHAR
STARTCHAR 1DCA
ENCODING 7626
SWIDTH 0 0
DWIDTH 0 0
BBX 2 4 -6 -5
BITMAP
C0
80
80
80
ENDCHAR
STARTCHAR 1DCB
ENCODING 7627
SWIDTH 0 0
DWIDTH 0 0
BBX 10 3 -10 10
BITMAP
8FC0
FFC0
7000
ENDCHAR
STARTCHAR 1DCC
ENCODING 7628
SWIDTH 0 0
DWIDTH 0 0
BBX 11 3 -11 10
BITMAP
FE60
FFE0
0180
ENDCHAR
STARTCHAR 1DCD
ENCODING 7629
SWIDTH 0 0
DWIDTH 0 0
BBX 14 3 -7 10
BITMAP
0300
3FE0
E03C
ENDCHAR
STARTCHAR 1DCE
ENCODING 7630
SWIDTH 0 0
DWIDTH 0 0
BBX 3 4 -7 8
BITMAP
E0
60
60
C0
ENDCHAR
STARTCHAR 1DCF
ENCODING 7631
SWIDTH 0 0
DWIDTH 0 0
BBX 4 4 -7 -5
BITMAP
C0
F0
20
20
ENDCHAR
STARTCHAR 1DD0
ENCODING 7632
SWIDTH 0 0
DWIDTH 0 0
BBX 6 3 -7 -4
BITMAP
40
F4
FC
ENDCHAR
STARTCHAR 1DD1
ENCODING 7633
SWIDTH 0 0
DWIDTH 0 0
BBX 5 4 -8 9
BITMAP
10
E8
F8
10
ENDCHAR
STARTCHAR 1DD2
ENCODING 7634
SWIDTH 0 0
DWIDTH 0 0
BBX 5 6 -8 10
BITMAP
70
C8
C8
78
18
30
ENDCHAR
STARTCHAR 1DD3
ENCODING 7635
SWIDTH 0 0
DWIDTH 0 0
BBX 6 2 -8 10
BITMAP
A4
FC
ENDCHAR
STARTCHAR 1DD4
ENCODING 7636
SWIDTH 0 0
DWIDTH 0 0
BBX 7 5 -9 10
BITMAP
24
5A
7E
D8
6E
ENDCHAR
STARTCHAR 1DD5
ENCODING 7637
SWIDTH 0 0
DWIDTH 0 0
BBX 8 5 -9 10
BITMAP
24
DA
73
D2
EE
ENDCHAR
STARTCHAR 1DD6
ENCODING 7638
SWIDTH 0 0
DWIDTH 0 0
BBX 7 5 -9 10
BITMAP
66
D4
74
9C
F8
ENDCHAR
STARTCHAR 1DD7
ENCODING 7639
SWIDTH 0 0
DWIDTH 0 0
BBX 4 7 -7 8
BITMAP
60
F0
80
90
F0
60
60
ENDCHAR
STARTCHAR 1DD8
ENCODING 7640
SWIDTH 0 0
DWIDTH 0 0
BBX 5 6 -8 10
BITMAP
30
18
78
C8
48
70
ENDCHAR
STARTCHAR 1DD9
ENCODING 7641
SWIDTH 0 0
DWIDTH 0 0
BBX 5 6 -8 10
BITMAP
38
38
78
C8
48
70
ENDCHAR
STARTCHAR 1DDA
ENCODING 7642
SWIDTH 0 0
DWIDTH 0 0
BBX 4 7 -7 8
BITMAP
50
B0
90
90
F0
90
E0
ENDCHAR
STARTCHAR 1DDB
ENCODING 7643
SWIDTH 0 0
DWIDTH 0 0
BBX 5 5 -8 10
BITMAP
70
48
D8
48
78
ENDCHAR
STARTCHAR 1DDC
ENCODING 7644
SWIDTH 0 0
DWIDTH 0 0
BBX 4 7 -7 10
BITMAP
80
80
90
A0
E0
A0
B0
ENDCHAR
STARTCHAR 1DDD
ENCODING 7645
SWIDTH 0 0
DWIDTH 0 0
BBX 1 7 -6 10
BITMAP
80
80
80
80
80
80
80
ENDCHAR
STARTCHAR 1DDE
ENCODING 7646
SWIDTH 0 0
DWIDTH 0 0
BBX 4 5 -7 10
BITMAP
C0
C0
C0
C0
F0
ENDCHAR
STARTCHAR 1DDF
ENCODING 7647
SWIDTH 0 0
DWIDTH 0 0
BBX 6 5 -8 10
BITMAP
CC
CC
DC
BC
AC
ENDCHAR
STARTCHAR 1DE0
ENCODING 7648
SWIDTH 0 0
DWIDTH 0 0
BBX 4 5 -7 10
BITMAP
A0
D0
90
90
90
ENDCHAR
STARTCHAR 1DE1
ENCODING 7649
SWIDTH 0 0
DWIDTH 0 0
BBX 5 5 -8 10
BITMAP
C8
E8
E8
D8
D8
ENDCHAR
STARTCHAR 1DE2
ENCODING 7650
SWIDTH 0 0
DWIDTH 0 0
BBX 4 5 -7 10
BITMAP
E0
B0
E0
B0
90
ENDCHAR
STARTCHAR 1DE3
ENCODING 7651
SWIDTH 0 0
DWIDTH 0 0
BBX 4 5 -7 10
BITMAP
40
B0
20
60
30
ENDCHAR
STARTCHAR 1DE4
ENCODING 7652
SWIDTH 0 0
DWIDTH 0 0
BBX 4 5 -7 10
BITMAP
60
B0
E0
30
E0
ENDCHAR
STARTCHAR 1DE5
ENCODING 7653
SWIDTH 0 0
DWIDTH 0 0
BBX 3 7 -6 10
BITMAP
60
C0
80
80
80
80
80
ENDCHAR
STARTCHAR 1DE6
ENCODING 7654
SWIDTH 0 0
DWIDTH 0 0
BBX 4 5 -7 10
BITMAP
F0
20
60
C0
F0
ENDCHAR
STARTCHAR 1DE7
ENCODING 7655
SWIDTH 0 0
DWIDTH 0 0
BBX 5 5 -8 10
BITMAP
28
58
D8
D8
68
ENDCHAR
STARTCHAR 1DE8
ENCODING 7656
SWIDTH 0 0
DWIDTH 0 0
BBX 4 7 -7 10
BITMAP
80
80
E0
B0
90
90
E0
ENDCHAR
STARTCHAR 1DE9
ENCODING 7657
SWIDTH 0 0
DWIDTH 0 0
BBX 4 8 -7 8
BITMAP
E0
90
E0
90
90
F0
80
80
ENDCHAR
STARTCHAR 1DEA
ENCODING 7658
SWIDTH 0 0
DWIDTH 0 0
BBX 4 5 -7 10
BITMAP
40
B0
F0
90
E0
ENDCHAR
STARTCHAR 1DEB
ENCODING 7659
SWIDTH 0 0
DWIDTH 0 0
BBX 4 7 -7 10
BITMAP
30
60
E0
40
40
40
40
ENDCHAR
STARTCHAR 1DEC
ENCODING 7660
SWIDTH 0 0
DWIDTH 0 0
BBX 3 7 -7 10
BITMAP
40
40
60
E0
E0
40
40
ENDCHAR
STARTCHAR 1DED
ENCODING 7661
SWIDTH 0 0
DWIDTH 0 0
BBX 5 7 -8 8
BITMAP
30
58
48
48
70
C0
80
ENDCHAR
STARTCHAR 1DEE
ENCODING 7662
SWIDTH 0 0
DWIDTH 0 0
BBX 4 7 -7 8
BITMAP
A0
D0
90
90
F0
80
80
ENDCHAR
STARTCHAR 1DEF
ENCODING 7663
SWIDTH 0 0
DWIDTH 0 0
BBX 4 9 -7 8
BITMAP
30
60
40
40
40
40
40
40
C0
ENDCHAR
STARTCHAR 1DF0
ENCODING 7664
SWIDTH 0 0
DWIDTH 0 0
BBX 5 7 -8 8
BITMAP
48
48
48
48
78
C0
80
ENDCHAR
STARTCHAR 1DF1
ENCODING 7665
SWIDTH 0 0
DWIDTH 0 0
BBX 6 5 -8 10
BITMAP
A4
BC
B8
D8
48
ENDCHAR
STARTCHAR 1DF2
ENCODING 7666
SWIDTH 0 0
DWIDTH 0 0
BBX 4 6 -7 10
BITMAP
B0
60
B0
70
90
F0
ENDCHAR
STARTCHAR 1DF3
ENCODING 7667
SWIDTH 0 0
DWIDTH 0 0
BBX 4 6 -7 10
BITMAP
B0
60
B0
90
90
E0
ENDCHAR
STARTCHAR 1DF4
ENCODING 7668
SWIDTH 0 0
DWIDTH 0 0
BBX 4 6 -7 10
BITMAP
B0
90
90
90
90
F0
ENDCHAR
STARTCHAR 1DF5
ENCODING 7669
SWIDTH 0 0
DWIDTH 0 0
BBX 4 4 -7 9
BITMAP
20
20
F0
F0
ENDCHAR
STARTCHAR 1DFC
ENCODING 7676
SWIDTH 0 0
DWIDTH 0 0
BBX 12 3 -6 -4
BITMAP
3F80
E0E0
8030
ENDCHAR
STARTCHAR 1DFD
ENCODING 7677
SWIDTH 0 0
DWIDTH 0 0
BBX 6 4 -8 -4
BITMAP
44
FC
44
FC
ENDCHAR
STARTCHAR 1DFE
ENCODING 7678
SWIDTH 0 0
DWIDTH 0 0
BBX 7 6 -8 10
BITMAP
06
3E
F0
F0
3E
06
ENDCHAR
STARTCHAR 1DFF
ENCODING 7679
SWIDTH 0 0
DWIDTH 0 0
BBX 11 4 -10 -5
BITMAP
E660
1B40
F180
8000
ENDCHAR
STARTCHAR 1E00
ENCODING 7680
SWIDTH 720 0
DWIDTH 12 0
BBX 12 15 0 -3
BITMAP
0F00
0F00
0F80
1D80
1980
19C0
38C0
3FC0
3FE0
7060
6060
E070
0000
0F00
0600
ENDCHAR
STARTCHAR 1E01
ENCODING 7681
SWIDTH 600 0
DWIDTH 10 0
BBX 8 12 1 -3
BITMAP
7E
E6
07
0F
FF
C3
C7
EF
7B
10
28
38
ENDCHAR
STARTCHAR 1E02
ENCODING 7682
SWIDTH 660 0
DWIDTH 11 0
BBX 9 16 1 0
BITMAP
1800
1C00
0000
0000
FF00
C780
C180
C180
C300
FE00
C780
C180
C180
C180
FF80
FF00
ENDCHAR
STARTCHAR 1E03
ENCODING 7683
SWIDTH 660 0
DWIDTH 11 0
BBX 9 13 1 0
BITMAP
0C00
CC00
C000
C000
DF00
F700
E380
C180
C180
C180
E380
FF00
DE00
ENDCHAR
STARTCHAR 1E04
ENCODING 7684
SWIDTH 660 0
DWIDTH 11 0
BBX 9 15 1 -3
BITMAP
FF00
C780
C180
C180
C300
FE00
C780
C180
C180
C180
FF80
FF00
0000
1800
1C00
ENDCHAR
STARTCHAR 1E05
ENCODING 7685
SWIDTH 660 0
DWIDTH 11 0
BBX 9 15 1 -3
BITMAP
C000
C000
C000
DF00
F700
E380
C180
C180
C180
E380
FF00
DE00
0000
0C00
1C00
ENDCHAR
STARTCHAR 1E06
ENCODING 7686
SWIDTH 660 0
DWIDTH 11 0
BBX 9 15 1 -3
BITMAP
FF00
C780
C180
C180
C300
FE00
C780
C180
C180
C180
FF80
FF00
0000
0000
7E00
ENDCHAR
STARTCHAR 1E07
ENCODING 7687
SWIDTH 660 0
DWIDTH 11 0
BBX 9 15 1 -3
BITMAP
C000
C000
C000
DF00
F700
E380
C180
C180
C180
E380
FF00
DE00
0000
0000
3E00
ENDCHAR
STARTCHAR 1E08
ENCODING 7688
SWIDTH 780 0
DWIDTH 13 0
BBX 11 20 1 -4
BITMAP
0300
0600
0400
0400
3F80
7BC0
60C0
E0E0
C000
C000
C000
C000
E0E0
70C0
3FC0
1F00
0400
0200
0200
0C00
ENDCHAR
STARTCHAR 1E09
ENCODING 7689
SWIDTH 600 0
DWIDTH 10 0
BBX 8 17 1 -4
BITMAP
0E
0C
18
00
7E
E7
C3
C0
C0
C0
C3
7F
3E
18
0C
0C
18
ENDCHAR
STARTCHAR 1E0A
ENCODING 7690
SWIDTH 720 0
DWIDTH 12 0
BBX 10 16 1 0
BITMAP
1800
1800
0000
0000
FF00
FF80
C1C0
C0C0
C0C0
C0C0
C0C0
C0C0
C0C0
C180
FF80
FE00
ENDCHAR
STARTCHAR 1E0B
ENCODING 7691
SWIDTH 660 0
DWIDTH 11 0
BBX 9 15 1 0
BITMAP
1800
1800
0000
0380
0380
0380
7F80
F780
C380
C380
C380
C380
E380
7F80
7B80
ENDCHAR
STARTCHAR 1E0C
ENCODING 7692
SWIDTH 720 0
DWIDTH 12 0
BBX 10 15 1 -3
BITMAP
FF00
FF80
C1C0
C0C0
C0C0
C0C0
C0C0
C0C0
C0C0
C180
FF80
FE00
0000
1800
1C00
ENDCHAR
STARTCHAR 1E0D
ENCODING 7693
SWIDTH 660 0
DWIDTH 11 0
BBX 9 15 1 -3
BITMAP
0380
0380
0380
7F80
F780
C380
C380
C380
C380
E380
7F80
7B80
0000
1800
1C00
ENDCHAR
STARTCHAR 1E0E
ENCODING 7694
SWIDTH 720 0
DWIDTH 12 0
BBX 10 15 1 -3
BITMAP
FF00
FF80
C1C0
C0C0
C0C0
C0C0
C0C0
C0C0
C0C0
C180
FF80
FE00
0000
0000
7E00
ENDCHAR
STARTCHAR 1E0F
ENCODING 7695
SWIDTH 660 0
DWIDTH 11 0
BBX 9 15 1 -3
BITMAP
0380
0380
0380
7F80
F780
C380
C380
C380
C380
E380
7F80
7B80
0000
0000
7E00
ENDCHAR
STARTCHAR 1E10
ENCODING 7696
SWIDTH 720 0
DWIDTH 12 0
BBX 10 16 1 -4
BITMAP
FF00
FF80
C1C0
C0C0
C0C0
C0C0
C0C0
C0C0
C0C0
C180
FF80
FE00
0000
1800
1800
1000
ENDCHAR
STARTCHAR 1E11
ENCODING 7697
SWIDTH 660 0
DWIDTH 11 0
BBX 9 16 1 -4
BITMAP
0380
0380
0380
7F80
F780
C380
C380
C380
C380
E380
7F80
7B80
0000
1800
1800
3000
ENDCHAR
STARTCHAR 1E12
ENCODING 7698
SWIDTH 720 0
DWIDTH 12 0
BBX 10 16 1 -4
BITMAP
FF00
FF80
C1C0
C0C0
C0C0
C0C0
C0C0
C0C0
C0C0
C180
FF80
FE00
0000
1C00
3600
6600
ENDCHAR
STARTCHAR 1E13
ENCODING 7699
SWIDTH 660 0
DWIDTH 11 0
BBX 9 16 1 -4
BITMAP
0380
0380
0380
7F80
F780
C380
C380
C380
C380
E380
7F80
7B80
0000
1C00
3400
6600
ENDCHAR
STARTCHAR 1E14
ENCODING 7700
SWIDTH 600 0
DWIDTH 10 0
BBX 8 18 1 0
BITMAP
70
18
00
7E
00
00
FF
FF
C0
C0
C0
FF
FF
C0
C0
C0
FF
FF
ENDCHAR
STARTCHAR 1E15
ENCODING 7701
SWIDTH 600 0
DWIDTH 10 0
BBX 8 15 1 0
BITMAP
70
18
00
7E
00
00
7E
E7
C3
FF
FF
C0
C3
7F
3E
ENDCHAR
STARTCHAR 1E16
ENCODING 7702
SWIDTH 600 0
DWIDTH 10 0
BBX 8 18 1 0
BITMAP
0E
18
00
7E
00
00
FF
FF
C0
C0
C0
FF
FF
C0
C0
C0
FF
FF
ENDCHAR
STARTCHAR 1E17
ENCODING 7703
SWIDTH 600 0
DWIDTH 10 0
BBX 8 16 1 0
BITMAP
0E
0C
18
00
7E
00
00
7E
E7
C3
FF
FF
C0
C3
7F
3E
ENDCHAR
STARTCHAR 1E18
ENCODING 7704
SWIDTH 600 0
DWIDTH 10 0
BBX 8 16 1 -4
BITMAP
FF
FF
C0
C0
C0
FF
FF
C0
C0
C0
FF
FF
00
1C
34
66
ENDCHAR
STARTCHAR 1E19
ENCODING 7705
SWIDTH 600 0
DWIDTH 10 0
BBX 8 13 1 -4
BITMAP
7E
E7
C3
FF
FF
C0
C3
7F
3E
00
18
3C
66
ENDCHAR
STARTCHAR 1E1A
ENCODING 7706
SWIDTH 600 0
DWIDTH 10 0
BBX 8 16 1 -4
BITMAP
FF
FF
C0
C0
C0
FF
FF
C0
C0
C0
FF
FF
00
33
3E
64
ENDCHAR
STARTCHAR 1E1B
ENCODING 7707
SWIDTH 600 0
DWIDTH 10 0
BBX 8 13 1 -4
BITMAP
7E
E7
C3
FF
FF
C0
C3
7F
3E
00
33
3E
64
ENDCHAR
STARTCHAR 1E1C
ENCODING 7708
SWIDTH 600 0
DWIDTH 10 0
BBX 8 19 1 -4
BITMAP
76
1C
00
FF
FF
C0
C0
C0
FF
FF
C0
C0
C0
FF
FF
18
0C
0C
18
ENDCHAR
STARTCHAR 1E1D
ENCODING 7709
SWIDTH 600 0
DWIDTH 10 0
BBX 8 16 1 -4
BITMAP
66
3C
00
7E
E7
C3
FF
FF
C0
C3
7F
3E
18
0C
0C
18
ENDCHAR
STARTCHAR 1E1E
ENCODING 7710
SWIDTH 600 0
DWIDTH 10 0
BBX 8 16 1 0
BITMAP
18
1C
00
00
FF
FF
C0
C0
C0
FF
FF
C0
C0
C0
C0
C0
ENDCHAR
STARTCHAR 1E1F
ENCODING 7711
SWIDTH 360 0
DWIDTH 6 0
BBX 6 16 0 0
BITMAP
18
38
00
1C
3C
30
30
FC
30
30
30
30
30
30
30
30
ENDCHAR
STARTCHAR 1E20
ENCODING 7712
SWIDTH 780 0
DWIDTH 13 0
BBX 11 15 1 0
BITMAP
1F00
0000
0400
3F80
7BC0
60C0
E0E0
C000
C000
C3E0
C060
E0E0
70C0
3FC0
1F00
ENDCHAR
STARTCHAR 1E21
ENCODING 7713
SWIDTH 660 0
DWIDTH 11 0
BBX 9 16 1 -4
BITMAP
7E00
0000
0000
7F80
F780
C380
C380
C380
C380
E380
7F80
3B80
0380
E300
7F00
1C00
ENDCHAR
STARTCHAR 1E22
ENCODING 7714
SWIDTH 780 0
DWIDTH 13 0
BBX 10 16 1 0
BITMAP
0C00
0E00
0000
0000
C0C0
C0C0
C0C0
C0C0
C0C0
FFC0
FFC0
C0C0
C0C0
C0C0
C0C0
C0C0
ENDCHAR
STARTCHAR 1E23
ENCODING 7715
SWIDTH 600 0
DWIDTH 10 0
BBX 8 16 1 0
BITMAP
C0
C0
00
00
C0
C0
C0
DE
F7
E3
C3
C3
C3
C3
C3
C3
ENDCHAR
STARTCHAR 1E24
ENCODING 7716
SWIDTH 780 0
DWIDTH 13 0
BBX 10 15 1 -3
BITMAP
C0C0
C0C0
C0C0
C0C0
C0C0
FFC0
FFC0
C0C0
C0C0
C0C0
C0C0
C0C0
0000
0C00
0E00
ENDCHAR
STARTCHAR 1E25
ENCODING 7717
SWIDTH 600 0
DWIDTH 10 0
BBX 8 15 1 -3
BITMAP
C0
C0
C0
DE
F7
E3
C3
C3
C3
C3
C3
C3
00
18
18
ENDCHAR
STARTCHAR 1E26
ENCODING 7718
SWIDTH 780 0
DWIDTH 13 0
BBX 10 16 1 0
BITMAP
1300
3B00
0000
0000
C0C0
C0C0
C0C0
C0C0
C0C0
FFC0
FFC0
C0C0
C0C0
C0C0
C0C0
C0C0
ENDCHAR
STARTCHAR 1E27
ENCODING 7719
SWIDTH 600 0
DWIDTH 10 0
BBX 10 16 -1 0
BITMAP
4C00
EC00
0000
0000
3000
3000
3000
3780
3DC0
38C0
30C0
30C0
30C0
30C0
30C0
30C0
ENDCHAR
STARTCHAR 1E28
ENCODING 7720
SWIDTH 780 0
DWIDTH 13 0
BBX 10 16 1 -4
BITMAP
C0C0
C0C0
C0C0
C0C0
C0C0
FFC0
FFC0
C0C0
C0C0
C0C0
C0C0
C0C0
4000
2000
6000
C000
ENDCHAR
STARTCHAR 1E29
ENCODING 7721
SWIDTH 600 0
DWIDTH 10 0
BBX 8 16 1 -4
BITMAP
C0
C0
C0
DE
F7
E3
C3
C3
C3
C3
C3
C3
C0
60
60
C0
ENDCHAR
STARTCHAR 1E2A
ENCODING 7722
SWIDTH 780 0
DWIDTH 13 0
BBX 10 15 1 -3
BITMAP
C0C0
C0C0
C0C0
C0C0
C0C0
FFC0
FFC0
C0C0
C0C0
C0C0
C0C0
C0C0
2000
1300
1E00
ENDCHAR
STARTCHAR 1E2B
ENCODING 7723
SWIDTH 600 0
DWIDTH 10 0
BBX 8 15 1 -3
BITMAP
C0
C0
C0
DE
F7
E3
C3
C3
C3
C3
C3
C3
00
66
3C
ENDCHAR
STARTCHAR 1E2C
ENCODING 7724
SWIDTH 300 0
DWIDTH 5 0
BBX 6 16 0 -4
BITMAP
60
60
60
60
60
60
60
60
60
60
60
60
00
4C
FC
90
ENDCHAR
STARTCHAR 1E2D
ENCODING 7725
SWIDTH 240 0
DWIDTH 4 0
BBX 6 17 0 -4
BITMAP
60
60
00
00
60
60
60
60
60
60
60
60
60
00
4C
F8
90
ENDCHAR
STARTCHAR 1E2E
ENCODING 7726
SWIDTH 300 0
DWIDTH 5 0
BBX 6 18 -1 0
BITMAP
0C
30
00
EC
4C
00
30
30
30
30
30
30
30
30
30
30
30
30
ENDCHAR
STARTCHAR 1E2F
ENCODING 7727
SWIDTH 240 0
DWIDTH 4 0
BBX 6 16 -1 0
BITMAP
1C
18
30
4C
EC
00
00
30
30
30
30
30
30
30
30
30
ENDCHAR
STARTCHAR 1E30
ENCODING 7728
SWIDTH 720 0
DWIDTH 12 0
BBX 10 16 1 0
BITMAP
0600
0C00
0C00
0000
C1C0
C380
C700
CE00
DC00
FC00
FC00
EE00
C700
C300
C380
C1C0
ENDCHAR
STARTCHAR 1E31
ENCODING 7729
SWIDTH 600 0
DWIDTH 10 0
BBX 9 16 1 0
BITMAP
7000
6000
C000
0000
C000
C000
C000
C700
CE00
DC00
F800
F800
FC00
CE00
C600
C380
ENDCHAR
STARTCHAR 1E32
ENCODING 7730
SWIDTH 720 0
DWIDTH 12 0
BBX 10 15 1 -3
BITMAP
C1C0
C380
C700
CE00
DC00
FC00
FC00
EE00
C700
C300
C380
C1C0
0000
0C00
1C00
ENDCHAR
STARTCHAR 1E33
ENCODING 7731
SWIDTH 600 0
DWIDTH 10 0
BBX 9 15 1 -3
BITMAP
C000
C000
C000
C700
CE00
DC00
F800
F800
FC00
CE00
C600
C380
0000
1800
1800
ENDCHAR
STARTCHAR 1E34
ENCODING 7732
SWIDTH 720 0
DWIDTH 12 0
BBX 10 15 1 -3
BITMAP
C1C0
C380
C700
CE00
DC00
FC00
FC00
EE00
C700
C300
C380
C1C0
0000
0000
3F00
ENDCHAR
STARTCHAR 1E35
ENCODING 7733
SWIDTH 600 0
DWIDTH 10 0
BBX 9 15 1 -3
BITMAP
C000
C000
C000
C700
CE00
DC00
F800
F800
FC00
CE00
C600
C380
0000
0000
7E00
ENDCHAR
STARTCHAR 1E36
ENCODING 7734
SWIDTH 600 0
DWIDTH 10 0
BBX 8 15 1 -3
BITMAP
C0
C0
C0
C0
C0
C0
C0
C0
C0
C0
FF
FF
00
18
18
ENDCHAR
STARTCHAR 1E37
ENCODING 7735
SWIDTH 240 0
DWIDTH 4 0
BBX 2 15 1 -3
BITMAP
C0
C0
C0
C0
C0
C0
C0
C0
C0
C0
C0
C0
00
C0
C0
ENDCHAR
STARTCHAR 1E38
ENCODING 7736
SWIDTH 600 0
DWIDTH 10 0
BBX 10 18 -1 -3
BITMAP
FC00
0000
0000
3000
3000
3000
3000
3000
3000
3000
3000
3000
3000
3FC0
3FC0
0000
0600
0600
ENDCHAR
STARTCHAR 1E39
ENCODING 7737
SWIDTH 240 0
DWIDTH 4 0
BBX 6 18 -1 -3
BITMAP
FC
00
00
30
30
30
30
30
30
30
30
30
30
30
30
00
30
30
ENDCHAR
STARTCHAR 1E3A
ENCODING 7738
SWIDTH 600 0
DWIDTH 10 0
BBX 8 15 1 -3
BITMAP
C0
C0
C0
C0
C0
C0
C0
C0
C0
C0
FF
FF
00
00
7E
ENDCHAR
STARTCHAR 1E3B
ENCODING 7739
SWIDTH 240 0
DWIDTH 4 0
BBX 6 15 -1 -3
BITMAP
30
30
30
30
30
30
30
30
30
30
30
30
00
00
FC
ENDCHAR
STARTCHAR 1E3C
ENCODING 7740
SWIDTH 600 0
DWIDTH 10 0
BBX 8 16 1 -4
BITMAP
C0
C0
C0
C0
C0
C0
C0
C0
C0
C0
FF
FF
00
18
3C
66
ENDCHAR
STARTCHAR 1E3D
ENCODING 7741
SWIDTH 240 0
DWIDTH 4 0
BBX 6 16 -1 -4
BITMAP
30
30
30
30
30
30
30
30
30
30
30
30
00
38
68
CC
ENDCHAR
STARTCHAR 1E3E
ENCODING 7742
SWIDTH 900 0
DWIDTH 15 0
BBX 13 16 1 0
BITMAP
0180
0300
0300
0000
E038
F038
F078
F878
D8F8
D8D8
CCD8
CD98
C798
C718
C718
C318
ENDCHAR
STARTCHAR 1E3F
ENCODING 7743
SWIDTH 900 0
DWIDTH 15 0
BBX 13 13 1 0
BITMAP
0180
0300
0200
0000
DEF0
FFB8
C718
C318
C318
C318
C318
C318
C318
ENDCHAR
STARTCHAR 1E40
ENCODING 7744
SWIDTH 900 0
DWIDTH 15 0
BBX 13 16 1 0
BITMAP
0300
0700
0000
0000
E038
F038
F078
F878
D8F8
D8D8
CCD8
CD98
C798
C718
C718
C318
ENDCHAR
STARTCHAR 1E41
ENCODING 7745
SWIDTH 900 0
DWIDTH 15 0
BBX 13 13 1 0
BITMAP
0300
0700
0000
0000
DEF0
FFB8
C718
C318
C318
C318
C318
C318
C318
ENDCHAR
STARTCHAR 1E42
ENCODING 7746
SWIDTH 900 0
DWIDTH 15 0
BBX 13 15 1 -3
BITMAP
E038
F038
F078
F878
D8F8
D8D8
CCD8
CD98
C798
C718
C718
C318
0000
0300
0700
ENDCHAR
STARTCHAR 1E43
ENCODING 7747
SWIDTH 900 0
DWIDTH 15 0
BBX 13 12 1 -3
BITMAP
DEF0
FFB8
C718
C318
C318
C318
C318
C318
C318
0000
0300
0700
ENDCHAR
STARTCHAR 1E44
ENCODING 7748
SWIDTH 780 0
DWIDTH 13 0
BBX 10 16 1 0
BITMAP
0C00
0E00
0000
0000
E0C0
F0C0
F0C0
F8C0
DCC0
CCC0
C6C0
C7C0
C3C0
C1C0
C1C0
C0C0
ENDCHAR
STARTCHAR 1E45
ENCODING 7749
SWIDTH 600 0
DWIDTH 10 0
BBX 8 13 1 0
BITMAP
18
18
00
00
DE
F7
E3
C3
C3
C3
C3
C3
C3
ENDCHAR
STARTCHAR 1E46
ENCODING 7750
SWIDTH 780 0
DWIDTH 13 0
BBX 10 15 1 -3
BITMAP
E0C0
F0C0
F0C0
F8C0
DCC0
CCC0
C6C0
C7C0
C3C0
C1C0
C1C0
C0C0
0000
0C00
0E00
ENDCHAR
STARTCHAR 1E47
ENCODING 7751
SWIDTH 600 0
DWIDTH 10 0
BBX 8 12 1 -3
BITMAP
DE
F7
E3
C3
C3
C3
C3
C3
C3
00
18
18
ENDCHAR
STARTCHAR 1E48
ENCODING 7752
SWIDTH 780 0
DWIDTH 13 0
BBX 10 15 1 -3
BITMAP
E0C0
F0C0
F0C0
F8C0
DCC0
CCC0
C6C0
C7C0
C3C0
C1C0
C1C0
C0C0
0000
0000
3F00
ENDCHAR
STARTCHAR 1E49
ENCODING 7753
SWIDTH 600 0
DWIDTH 10 0
BBX 8 12 1 -3
BITMAP
DE
F7
E3
C3
C3
C3
C3
C3
C3
00
00
7E
ENDCHAR
STARTCHAR 1E4A
ENCODING 7754
SWIDTH 780 0
DWIDTH 13 0
BBX 10 16 1 -4
BITMAP
E0C0
F0C0
F0C0
F8C0
DCC0
CCC0
C6C0
C7C0
C3C0
C1C0
C1C0
C0C0
0000
0E00
1B00
3300
ENDCHAR
STARTCHAR 1E4B
ENCODING 7755
SWIDTH 600 0
DWIDTH 10 0
BBX 8 13 1 -4
BITMAP
DE
F7
E3
C3
C3
C3
C3
C3
C3
00
1C
34
66
ENDCHAR
STARTCHAR 1E4C
ENCODING 7756
SWIDTH 780 0
DWIDTH 13 0
BBX 11 18 1 0
BITMAP
0300
0600
0980
1F00
1200
0400
3F80
7BC0
60E0
E060
C060
C060
C060
C060
E0E0
70C0
3FC0
1F00
ENDCHAR
STARTCHAR 1E4D
ENCODING 7757
SWIDTH 600 0
DWIDTH 10 0
BBX 9 16 1 0
BITMAP
0E00
0C00
1800
3200
7E00
4400
0000
7E00
E700
C300
C380
C380
C380
C300
7F00
3E00
ENDCHAR
STARTCHAR 1E4E
ENCODING 7758
SWIDTH 780 0
DWIDTH 13 0
BBX 11 17 1 0
BITMAP
1B80
1100
0D00
1200
0400
3F80
7BC0
60E0
E060
C060
C060
C060
C060
E0E0
70C0
3FC0
1F00
ENDCHAR
STARTCHAR 1E4F
ENCODING 7759
SWIDTH 600 0
DWIDTH 10 0
BBX 9 15 1 0
BITMAP
6600
6600
3200
7E00
4400
0000
7E00
E700
C300
C380
C380
C380
C300
7F00
3E00
ENDCHAR
STARTCHAR 1E50
ENCODING 7760
SWIDTH 780 0
DWIDTH 13 0
BBX 11 18 1 0
BITMAP
1800
0E00
0000
1F00
0000
0400
3F80
7BC0
60E0
E060
C060
C060
C060
C060
E0E0
70C0
3FC0
1F00
ENDCHAR
STARTCHAR 1E51
ENCODING 7761
SWIDTH 600 0
DWIDTH 10 0
BBX 9 15 1 0
BITMAP
7000
1800
0000
7E00
0000
0000
7E00
E700
C300
C380
C380
C380
C300
7F00
3E00
ENDCHAR
STARTCHAR 1E52
ENCODING 7762
SWIDTH 780 0
DWIDTH 13 0
BBX 11 18 1 0
BITMAP
0300
0600
0000
1F00
0000
0400
3F80
7BC0
60E0
E060
C060
C060
C060
C060
E0E0
70C0
3FC0
1F00
ENDCHAR
STARTCHAR 1E53
ENCODING 7763
SWIDTH 600 0
DWIDTH 10 0
BBX 9 16 1 0
BITMAP
0600
0C00
1800
0000
7E00
0000
0000
7E00
E700
C300
C380
C380
C380
C300
7F00
3E00
ENDCHAR
STARTCHAR 1E54
ENCODING 7764
SWIDTH 660 0
DWIDTH 11 0
BBX 9 16 1 0
BITMAP
0600
0C00
0800
0000
FF00
C780
C180
C180
C180
C380
FF00
FE00
C000
C000
C000
C000
ENDCHAR
STARTCHAR 1E55
ENCODING 7765
SWIDTH 660 0
DWIDTH 11 0
BBX 9 16 1 -3
BITMAP
0600
0C00
0800
0000
DE00
F700
E380
C180
C180
C180
E380
FF00
DE00
C000
C000
C000
ENDCHAR
STARTCHAR 1E56
ENCODING 7766
SWIDTH 660 0
DWIDTH 11 0
BBX 9 16 1 0
BITMAP
1800
1C00
0000
0000
FF00
C780
C180
C180
C180
C380
FF00
FE00
C000
C000
C000
C000
ENDCHAR
STARTCHAR 1E57
ENCODING 7767
SWIDTH 660 0
DWIDTH 11 0
BBX 9 16 1 -3
BITMAP
0C00
1C00
0000
0000
DE00
F700
E380
C180
C180
C180
E380
FF00
DE00
C000
C000
C000
ENDCHAR
STARTCHAR 1E58
ENCODING 7768
SWIDTH 660 0
DWIDTH 11 0
BBX 10 16 1 0
BITMAP
1800
1C00
0000
0000
FF00
C780
C180
C180
C180
C380
FF00
C600
C700
C300
C380
C1C0
ENDCHAR
STARTCHAR 1E59
ENCODING 7769
SWIDTH 420 0
DWIDTH 7 0
BBX 5 13 1 0
BITMAP
30
70
00
00
D8
F8
E0
C0
C0
C0
C0
C0
C0
ENDCHAR
STARTCHAR 1E5A
ENCODING 7770
SWIDTH 660 0
DWIDTH 11 0
BBX 10 15 1 -3
BITMAP
FF00
C780
C180
C180
C180
C380
FF00
C600
C700
C300
C380
C1C0
0000
0C00
1C00
ENDCHAR
STARTCHAR 1E5B
ENCODING 7771
SWIDTH 420 0
DWIDTH 7 0
BBX 5 12 1 -3
BITMAP
D8
F8
E0
C0
C0
C0
C0
C0
C0
00
C0
C0
ENDCHAR
STARTCHAR 1E5C
ENCODING 7772
SWIDTH 660 0
DWIDTH 11 0
BBX 10 18 1 -3
BITMAP
3E00
0000
0000
FF00
C780
C180
C180
C180
C380
FF00
C600
C700
C300
C380
C1C0
0000
0C00
1C00
ENDCHAR
STARTCHAR 1E5D
ENCODING 7773
SWIDTH 420 0
DWIDTH 7 0
BBX 6 15 1 -3
BITMAP
FC
00
00
D8
F8
E0
C0
C0
C0
C0
C0
C0
00
C0
C0
ENDCHAR
STARTCHAR 1E5E
ENCODING 7774
SWIDTH 660 0
DWIDTH 11 0
BBX 10 15 1 -3
BITMAP
FF00
C780
C180
C180
C180
C380
FF00
C600
C700
C300
C380
C1C0
0000
0000
3F00
ENDCHAR
STARTCHAR 1E5F
ENCODING 7775
SWIDTH 420 0
DWIDTH 7 0
BBX 7 12 -1 -3
BITMAP
36
3E
38
30
30
30
30
30
30
00
00
FC
ENDCHAR
STARTCHAR 1E60
ENCODING 7776
SWIDTH 660 0
DWIDTH 11 0
BBX 9 16 1 0
BITMAP
0C00
1C00
0000
0800
7F00
F380
C180
C000
F000
7E00
0F80
0180
C180
C180
FF80
3F00
ENDCHAR
STARTCHAR 1E61
ENCODING 7777
SWIDTH 540 0
DWIDTH 9 0
BBX 8 13 1 0
BITMAP
18
38
00
00
7E
E6
C0
F0
7E
07
C7
EE
7C
ENDCHAR
STARTCHAR 1E62
ENCODING 7778
SWIDTH 660 0
DWIDTH 11 0
BBX 9 16 1 -3
BITMAP
0800
7F00
F380
C180
C000
F000
7E00
0F80
0180
C180
C180
FF80
3F00
0000
0C00
1C00
ENDCHAR
STARTCHAR 1E63
ENCODING 7779
SWIDTH 540 0
DWIDTH 9 0
BBX 8 12 1 -3
BITMAP
7E
E6
C0
F0
7E
07
C7
EE
7C
00
18
38
ENDCHAR
STARTCHAR 1E64
ENCODING 7780
SWIDTH 660 0
DWIDTH 11 0
BBX 9 17 1 0
BITMAP
3000
3600
0C00
0000
0800
7F00
F380
C180
C000
F000
7E00
0F80
0180
C180
C180
FF80
3F00
ENDCHAR
STARTCHAR 1E65
ENCODING 7781
SWIDTH 540 0
DWIDTH 9 0
BBX 8 16 1 0
BITMAP
10
18
00
0E
0C
18
00
7E
E6
C0
F0
7E
07
C7
EE
7C
ENDCHAR
STARTCHAR 1E66
ENCODING 7782
SWIDTH 660 0
DWIDTH 11 0
BBX 9 18 1 0
BITMAP
1C00
4800
3700
1C00
0000
0800
7F00
F380
C180
C000
F000
7E00
0F80
0180
C180
C180
FF80
3F00
ENDCHAR
STARTCHAR 1E67
ENCODING 7783
SWIDTH 540 0
DWIDTH 9 0
BBX 8 16 1 0
BITMAP
10
18
10
66
3C
18
00
7E
E6
C0
F0
7E
07
C7
EE
7C
ENDCHAR
STARTCHAR 1E68
ENCODING 7784
SWIDTH 660 0
DWIDTH 11 0
BBX 9 19 1 -3
BITMAP
0C00
1C00
0000
0800
7F00
F380
C180
C000
F000
7E00
0F80
0180
C180
C180
FF80
3F00
0000
0C00
1C00
ENDCHAR
STARTCHAR 1E69
ENCODING 7785
SWIDTH 540 0
DWIDTH 9 0
BBX 8 16 1 -3
BITMAP
18
38
00
00
7E
E6
C0
F0
7E
07
C7
EE
7C
00
18
38
ENDCHAR
STARTCHAR 1E6A
ENCODING 7786
SWIDTH 660 0
DWIDTH 11 0
BBX 10 16 1 0
BITMAP
0C00
1C00
0000
0000
FFC0
FFC0
1C00
1C00
1C00
1C00
1C00
1C00
1C00
1C00
1C00
1C00
ENDCHAR
STARTCHAR 1E6B
ENCODING 7787
SWIDTH 360 0
DWIDTH 6 0
BBX 6 15 0 0
BITMAP
30
30
00
30
30
30
FC
30
30
30
30
30
30
3C
1C
ENDCHAR
STARTCHAR 1E6C
ENCODING 7788
SWIDTH 660 0
DWIDTH 11 0
BBX 10 15 1 -3
BITMAP
FFC0
FFC0
1C00
1C00
1C00
1C00
1C00
1C00
1C00
1C00
1C00
1C00
0000
0C00
1C00
ENDCHAR
STARTCHAR 1E6D
ENCODING 7789
SWIDTH 360 0
DWIDTH 6 0
BBX 6 15 0 -3
BITMAP
30
30
30
FC
30
30
30
30
30
30
3C
1C
00
18
38
ENDCHAR
STARTCHAR 1E6E
ENCODING 7790
SWIDTH 660 0
DWIDTH 11 0
BBX 10 15 1 -3
BITMAP
FFC0
FFC0
1C00
1C00
1C00
1C00
1C00
1C00
1C00
1C00
1C00
1C00
0000
0000
3F00
ENDCHAR
STARTCHAR 1E6F
ENCODING 7791
SWIDTH 360 0
DWIDTH 6 0
BBX 7 15 0 -3
BITMAP
30
30
30
FC
30
30
30
30
30
30
3C
1C
00
00
7E
ENDCHAR
STARTCHAR 1E70
ENCODING 7792
SWIDTH 660 0
DWIDTH 11 0
BBX 10 16 1 -4
BITMAP
FFC0
FFC0
1C00
1C00
1C00
1C00
1C00
1C00
1C00
1C00
1C00
1C00
0000
1C00
3600
6300
ENDCHAR
STARTCHAR 1E71
ENCODING 7793
SWIDTH 360 0
DWIDTH 6 0
BBX 7 16 0 -4
BITMAP
30
30
30
FC
30
30
30
30
30
30
3C
1C
00
38
6C
C6
ENDCHAR
STARTCHAR 1E72
ENCODING 7794
SWIDTH 720 0
DWIDTH 12 0
BBX 10 15 1 -3
BITMAP
C0C0
C0C0
C0C0
C0C0
C0C0
C0C0
C0C0
C0C0
E0C0
61C0
7F80
3F00
0000
3980
3B80
ENDCHAR
STARTCHAR 1E73
ENCODING 7795
SWIDTH 600 0
DWIDTH 10 0
BBX 8 12 1 -3
BITMAP
C3
C3
C3
C3
C3
C3
E3
7F
7B
00
33
73
ENDCHAR
STARTCHAR 1E74
ENCODING 7796
SWIDTH 720 0
DWIDTH 12 0
BBX 10 16 1 -4
BITMAP
C0C0
C0C0
C0C0
C0C0
C0C0
C0C0
C0C0
C0C0
E0C0
61C0
7F80
3F00
0000
0980
1F00
1200
ENDCHAR
STARTCHAR 1E75
ENCODING 7797
SWIDTH 600 0
DWIDTH 10 0
BBX 8 13 1 -4
BITMAP
C3
C3
C3
C3
C3
C3
E3
7F
7B
00
19
3F
24
ENDCHAR
STARTCHAR 1E76
ENCODING 7798
SWIDTH 720 0
DWIDTH 12 0
BBX 10 16 1 -4
BITMAP
C0C0
C0C0
C0C0
C0C0
C0C0
C0C0
C0C0
C0C0
E0C0
61C0
7F80
3F00
0000
0E00
1A00
3300
ENDCHAR
STARTCHAR 1E77
ENCODING 7799
SWIDTH 600 0
DWIDTH 10 0
BBX 8 13 1 -4
BITMAP
C3
C3
C3
C3
C3
C3
E3
7F
7B
00
1C
36
63
ENDCHAR
STARTCHAR 1E78
ENCODING 7800
SWIDTH 720 0
DWIDTH 12 0
BBX 10 18 1 0
BITMAP
0700
0C00
1900
3F00
3200
0000
C0C0
C0C0
C0C0
C0C0
C0C0
C0C0
C0C0
C0C0
E0C0
61C0
7F80
3F00
ENDCHAR
STARTCHAR 1E79
ENCODING 7801
SWIDTH 600 0
DWIDTH 10 0
BBX 8 16 1 0
BITMAP
0E
0C
18
32
7E
44
00
C3
C3
C3
C3
C3
C3
E3
7F
7B
ENDCHAR
STARTCHAR 1E7A
ENCODING 7802
SWIDTH 720 0
DWIDTH 12 0
BBX 10 18 1 0
BITMAP
3300
1300
3F00
3F00
0000
0000
C0C0
C0C0
C0C0
C0C0
C0C0
C0C0
C0C0
C0C0
E0C0
61C0
7F80
3F00
ENDCHAR
STARTCHAR 1E7B
ENCODING 7803
SWIDTH 600 0
DWIDTH 10 0
BBX 8 15 1 0
BITMAP
66
66
00
7E
00
00
C3
C3
C3
C3
C3
C3
E3
7F
7B
ENDCHAR
STARTCHAR 1E7C
ENCODING 7804
SWIDTH 720 0
DWIDTH 12 0
BBX 12 16 0 0
BITMAP
0C80
1F80
1100
8000
6070
6060
70E0
30E0
30C0
39C0
1980
1980
0D80
0F00
0F00
0700
ENDCHAR
STARTCHAR 1E7D
ENCODING 7805
SWIDTH 600 0
DWIDTH 10 0
BBX 9 13 0 0
BITMAP
1900
3F00
2200
8000
6180
6180
7300
3300
3300
3E00
1E00
1E00
0C00
ENDCHAR
STARTCHAR 1E7E
ENCODING 7806
SWIDTH 720 0
DWIDTH 12 0
BBX 12 15 0 -3
BITMAP
E070
6060
70E0
30E0
30C0
39C0
1980
1980
0D80
0F00
0F00
0700
0000
0600
0600
ENDCHAR
STARTCHAR 1E7F
ENCODING 7807
SWIDTH 600 0
DWIDTH 10 0
BBX 9 12 0 -3
BITMAP
E180
6180
7300
3300
3300
3E00
1E00
1E00
0C00
0000
0C00
0C00
ENDCHAR
STARTCHAR 1E80
ENCODING 7808
SWIDTH 1020 0
DWIDTH 17 0
BBX 17 16 0 0
BITMAP
030000
018000
008000
800000
61C380
61C300
61C300
736700
336600
336600
332600
1E3E00
1E3C00
1E3C00
1C1C00
0C1800
ENDCHAR
STARTCHAR 1E81
ENCODING 7809
SWIDTH 840 0
DWIDTH 14 0
BBX 14 13 0 0
BITMAP
0E00
0200
0300
8000
631C
6398
6798
7798
36B0
34F0
3CF0
1C70
1860
ENDCHAR
STARTCHAR 1E82
ENCODING 7810
SWIDTH 1020 0
DWIDTH 17 0
BBX 17 16 0 0
BITMAP
006000
00C000
008000
800000
61C380
61C300
61C300
736700
336600
336600
332600
1E3E00
1E3C00
1E3C00
1C1C00
0C1800
ENDCHAR
STARTCHAR 1E83
ENCODING 7811
SWIDTH 840 0
DWIDTH 14 0
BBX 14 13 0 0
BITMAP
01C0
0180
0300
8000
631C
6398
6798
7798
36B0
34F0
3CF0
1C70
1860
ENDCHAR
STARTCHAR 1E84
ENCODING 7812
SWIDTH 1020 0
DWIDTH 17 0
BBX 17 16 0 0
BITMAP
036000
037000
000000
800000
61C380
61C300
61C300
736700
336600
336600
332600
1E3E00
1E3C00
1E3C00
1C1C00
0C1800
ENDCHAR
STARTCHAR 1E85
ENCODING 7813
SWIDTH 840 0
DWIDTH 14 0
BBX 14 13 0 0
BITMAP
0CC0
0CC0
0000
8000
631C
6398
6798
7798
36B0
34F0
3CF0
1C70
1860
ENDCHAR
STARTCHAR 1E86
ENCODING 7814
SWIDTH 1020 0
DWIDTH 17 0
BBX 17 16 0 0
BITMAP
00C000
01C000
000000
800000
61C380
61C300
61C300
736700
336600
336600
332600
1E3E00
1E3C00
1E3C00
1C1C00
0C1800
ENDCHAR
STARTCHAR 1E87
ENCODING 7815
SWIDTH 840 0
DWIDTH 14 0
BBX 14 13 0 0
BITMAP
0300
0300
0000
8000
631C
6398
6798
7798
36B0
34F0
3CF0
1C70
1860
ENDCHAR
STARTCHAR 1E88
ENCODING 7816
SWIDTH 1020 0
DWIDTH 17 0
BBX 17 15 0 -3
BITMAP
E1C380
61C300
61C300
736700
336600
336600
332600
1E3E00
1E3C00
1E3C00
1C1C00
0C1800
000000
00C000
01C000
ENDCHAR
STARTCHAR 1E89
ENCODING 7817
SWIDTH 840 0
DWIDTH 14 0
BBX 14 12 0 -3
BITMAP
E31C
6398
6798
7798
36B0
34F0
3CF0
1C70
1860
0000
0300
0300
ENDCHAR
STARTCHAR 1E8A
ENCODING 7818
SWIDTH 720 0
DWIDTH 12 0
BBX 11 16 0 0
BITMAP
0600
0600
0000
0000
70E0
30C0
3980
1B80
0F00
0F00
0F00
1F00
1980
39C0
70C0
E0E0
ENDCHAR
STARTCHAR 1E8B
ENCODING 7819
SWIDTH 600 0
DWIDTH 10 0
BBX 8 13 1 0
BITMAP
18
18
00
00
C7
66
6C
3C
38
3C
6E
E6
C7
ENDCHAR
STARTCHAR 1E8C
ENCODING 7820
SWIDTH 720 0
DWIDTH 12 0
BBX 11 16 0 0
BITMAP
1980
1B80
0000
0000
70E0
30C0
3980
1B80
0F00
0F00
0F00
1F00
1980
39C0
70C0
E0E0
ENDCHAR
STARTCHAR 1E8D
ENCODING 7821
SWIDTH 600 0
DWIDTH 10 0
BBX 8 13 1 0
BITMAP
64
6E
00
00
C7
66
6C
3C
38
3C
6E
E6
C7
ENDCHAR
STARTCHAR 1E8E
ENCODING 7822
SWIDTH 720 0
DWIDTH 12 0
BBX 12 16 0 0
BITMAP
0600
0600
0000
8010
6060
70E0
31C0
1980
1F80
0F00
0F00
0600
0600
0600
0600
0600
ENDCHAR
STARTCHAR 1E8F
ENCODING 7823
SWIDTH 600 0
DWIDTH 10 0
BBX 9 16 0 -3
BITMAP
0C00
0C00
0000
8000
6180
6180
7300
3300
3300
3600
1E00
1E00
0C00
0C00
1C00
7800
ENDCHAR
STARTCHAR 1E90
ENCODING 7824
SWIDTH 660 0
DWIDTH 11 0
BBX 9 16 1 0
BITMAP
1C00
3600
6300
0000
FF80
FF80
0300
0600
0E00
0C00
1800
3800
7000
6000
FF80
FF80
ENDCHAR
STARTCHAR 1E91
ENCODING 7825
SWIDTH 600 0
DWIDTH 10 0
BBX 8 13 1 0
BITMAP
38
2C
66
00
FE
FE
0C
1C
38
30
60
FF
FF
ENDCHAR
STARTCHAR 1E92
ENCODING 7826
SWIDTH 660 0
DWIDTH 11 0
BBX 9 15 1 -3
BITMAP
FF80
FF80
0300
0600
0E00
0C00
1800
3800
7000
6000
FF80
FF80
0000
0C00
1C00
ENDCHAR
STARTCHAR 1E93
ENCODING 7827
SWIDTH 600 0
DWIDTH 10 0
BBX 8 12 1 -3
BITMAP
FE
FE
0C
1C
38
30
60
FF
FF
00
18
38
ENDCHAR
STARTCHAR 1E94
ENCODING 7828
SWIDTH 660 0
DWIDTH 11 0
BBX 9 15 1 -3
BITMAP
FF80
FF80
0300
0600
0E00
0C00
1800
3800
7000
6000
FF80
FF80
0000
0000
3E00
ENDCHAR
STARTCHAR 1E95
ENCODING 7829
SWIDTH 600 0
DWIDTH 10 0
BBX 8 12 1 -3
BITMAP
FE
FE
0C
1C
38
30
60
FF
FF
00
00
7E
ENDCHAR
STARTCHAR 1E96
ENCODING 7830
SWIDTH 600 0
DWIDTH 10 0
BBX 8 15 1 -3
BITMAP
C0
C0
C0
DE
F7
E3
C3
C3
C3
C3
C3
C3
00
00
7E
ENDCHAR
STARTCHAR 1E97
ENCODING 7831
SWIDTH 360 0
DWIDTH 6 0
BBX 6 15 0 0
BITMAP
CC
DC
00
30
30
30
FC
30
30
30
30
30
30
3C
1C
ENDCHAR
STARTCHAR 1E98
ENCODING 7832
SWIDTH 840 0
DWIDTH 14 0
BBX 14 14 0 0
BITMAP
0780
0480
0680
0300
8000
631C
6398
6798
7798
36B0
34F0
3CF0
1C70
1860
ENDCHAR
STARTCHAR 1E99
ENCODING 7833
SWIDTH 600 0
DWIDTH 10 0
BBX 9 17 0 -3
BITMAP
1E00
1200
1600
0C00
8000
6180
6180
7300
3300
3300
3600
1E00
1E00
0C00
0C00
1C00
7800
ENDCHAR
STARTCHAR 1E9A
ENCODING 7834
SWIDTH 600 0
DWIDTH 10 0
BBX 8 14 1 0
BITMAP
10
08
08
10
00
7E
E6
07
0F
FF
C3
C7
EF
7B
ENDCHAR
STARTCHAR 1E9B
ENCODING 7835
SWIDTH 360 0
DWIDTH 6 0
BBX 4 16 2 0
BITMAP
60
E0
00
70
F0
C0
C0
C0
C0
C0
C0
C0
C0
C0
C0
C0
ENDCHAR
STARTCHAR 1E9C
ENCODING 7836
SWIDTH 360 0
DWIDTH 6 0
BBX 6 13 0 0
BITMAP
1C
3C
30
30
38
F8
F0
30
30
30
30
30
30
ENDCHAR
STARTCHAR 1E9D
ENCODING 7837
SWIDTH 360 0
DWIDTH 6 0
BBX 6 13 0 0
BITMAP
1C
3C
30
FC
30
30
30
30
30
30
30
30
30
ENDCHAR
STARTCHAR 1E9E
ENCODING 7838
SWIDTH 720 0
DWIDTH 12 0
BBX 10 13 1 0
BITMAP
0800
7F00
6380
E380
C700
C600
CF80
C1C0
C0C0
C0C0
C0C0
CFC0
DF80
ENDCHAR
STARTCHAR 1E9F
ENCODING 7839
SWIDTH 600 0
DWIDTH 10 0
BBX 9 13 1 0
BITMAP
3E00
7E00
6000
7000
3E00
3F00
6300
E380
C180
E380
6300
7F00
3E00
ENDCHAR
STARTCHAR 1EA0
ENCODING 7840
SWIDTH 720 0
DWIDTH 12 0
BBX 12 15 0 -3
BITMAP
0F00
0F00
0F80
1D80
1980
19C0
38C0
3FC0
3FE0
7060
6060
E070
0000
0600
0600
ENDCHAR
STARTCHAR 1EA1
ENCODING 7841
SWIDTH 600 0
DWIDTH 10 0
BBX 8 12 1 -3
BITMAP
7E
E6
07
0F
FF
C3
C7
EF
7B
00
18
18
ENDCHAR
STARTCHAR 1EA2
ENCODING 7842
SWIDTH 720 0
DWIDTH 12 0
BBX 12 17 0 0
BITMAP
0600
0300
0700
0600
0000
0F00
0F00
0F80
1D80
1980
19C0
38C0
3FC0
3FE0
7060
6060
E070
ENDCHAR
STARTCHAR 1EA3
ENCODING 7843
SWIDTH 600 0
DWIDTH 10 0
BBX 8 14 1 0
BITMAP
18
0C
1C
18
00
7E
E6
07
0F
FF
C3
C7
EF
7B
ENDCHAR
STARTCHAR 1EA4
ENCODING 7844
SWIDTH 720 0
DWIDTH 12 0
BBX 12 17 0 0
BITMAP
0030
0060
0F00
1980
0000
0F00
0F00
0F80
1D80
1980
19C0
38C0
3FC0
3FE0
7060
6060
E070
ENDCHAR
STARTCHAR 1EA5
ENCODING 7845
SWIDTH 600 0
DWIDTH 10 0
BBX 10 14 1 0
BITMAP
00C0
0180
3E00
6600
0000
7E00
E600
0700
0F00
FF00
C300
C700
EF00
7B00
ENDCHAR
STARTCHAR 1EA6
ENCODING 7846
SWIDTH 720 0
DWIDTH 12 0
BBX 12 17 0 0
BITMAP
E000
2000
1F00
1980
0000
0F00
0F00
0F80
1D80
1980
19C0
38C0
3FC0
3FE0
7060
6060
E070
ENDCHAR
STARTCHAR 1EA7
ENCODING 7847
SWIDTH 600 0
DWIDTH 10 0
BBX 10 14 -1 0
BITMAP
C000
6000
1F00
1980
0000
1F80
3980
01C0
03C0
3FC0
30C0
31C0
3BC0
1EC0
ENDCHAR
STARTCHAR 1EA8
ENCODING 7848
SWIDTH 720 0
DWIDTH 12 0
BBX 12 17 0 0
BITMAP
00E0
00E0
0F00
1980
0000
0F00
0F00
0F80
1D80
1980
19C0
38C0
3FC0
3FE0
7060
6060
E070
ENDCHAR
STARTCHAR 1EA9
ENCODING 7849
SWIDTH 600 0
DWIDTH 10 0
BBX 9 14 1 0
BITMAP
0380
0380
3C00
6600
0000
7E00
E600
0700
0F00
FF00
C300
C700
EF00
7B00
ENDCHAR
STARTCHAR 1EAA
ENCODING 7850
SWIDTH 720 0
DWIDTH 12 0
BBX 12 17 0 0
BITMAP
0F00
0000
0F00
1980
0000
0F00
0F00
0F80
1D80
1980
19C0
38C0
3FC0
3FE0
7060
6060
E070
ENDCHAR
STARTCHAR 1EAB
ENCODING 7851
SWIDTH 600 0
DWIDTH 10 0
BBX 8 14 1 0
BITMAP
3C
00
3C
66
00
7E
E6
07
0F
FF
C3
C7
EF
7B
ENDCHAR
STARTCHAR 1EAC
ENCODING 7852
SWIDTH 720 0
DWIDTH 12 0
BBX 12 19 0 -3
BITMAP
0700
0F00
1980
0000
0F00
0F00
0F80
1D80
1980
19C0
38C0
3FC0
3FE0
7060
6060
E070
0000
0600
0600
ENDCHAR
STARTCHAR 1EAD
ENCODING 7853
SWIDTH 600 0
DWIDTH 10 0
BBX 8 16 1 -3
BITMAP
18
3C
66
00
7E
E6
07
0F
FF
C3
C7
EF
7B
00
18
18
ENDCHAR
STARTCHAR 1EAE
ENCODING 7854
SWIDTH 720 0
DWIDTH 12 0
BBX 12 17 0 0
BITMAP
0300
0600
1980
0F00
0000
0F00
0F00
0F80
1D80
1980
19C0
38C0
3FC0
3FE0
7060
6060
E070
ENDCHAR
STARTCHAR 1EAF
ENCODING 7855
SWIDTH 600 0
DWIDTH 10 0
BBX 8 14 1 0
BITMAP
0C
18
66
3C
00
7E
E6
07
0F
FF
C3
C7
EF
7B
ENDCHAR
STARTCHAR 1EB0
ENCODING 7856
SWIDTH 720 0
DWIDTH 12 0
BBX 12 17 0 0
BITMAP
0C00
0600
1980
0700
0000
0F00
0F00
0F80
1D80
1980
19C0
38C0
3FC0
3FE0
7060
6060
E070
ENDCHAR
STARTCHAR 1EB1
ENCODING 7857
SWIDTH 600 0
DWIDTH 10 0
BBX 8 14 1 0
BITMAP
30
18
66
3C
00
7E
E6
07
0F
FF
C3
C7
EF
7B
ENDCHAR
STARTCHAR 1EB2
ENCODING 7858
SWIDTH 720 0
DWIDTH 12 0
BBX 12 18 0 0
BITMAP
0700
0300
0600
1980
0F00
0000
0F00
0F00
0F80
1D80
1980
19C0
38C0
3FC0
3FE0
7060
6060
E070
ENDCHAR
STARTCHAR 1EB3
ENCODING 7859
SWIDTH 600 0
DWIDTH 10 0
BBX 8 15 1 0
BITMAP
18
0C
18
66
3C
00
7E
E6
07
0F
FF
C3
C7
EF
7B
ENDCHAR
STARTCHAR 1EB4
ENCODING 7860
SWIDTH 720 0
DWIDTH 12 0
BBX 12 18 0 0
BITMAP
0180
0F00
0000
1980
0F00
0000
0F00
0F00
0F80
1D80
1980
19C0
38C0
3FC0
3FE0
7060
6060
E070
ENDCHAR
STARTCHAR 1EB5
ENCODING 7861
SWIDTH 600 0
DWIDTH 10 0
BBX 8 15 1 0
BITMAP
04
3C
00
66
3C
00
7E
E6
07
0F
FF
C3
C7
EF
7B
ENDCHAR
STARTCHAR 1EB6
ENCODING 7862
SWIDTH 720 0
DWIDTH 12 0
BBX 12 18 0 -3
BITMAP
1980
0F00
0000
0F00
0F00
0F80
1D80
1980
19C0
38C0
3FC0
3FE0
7060
6060
E070
0000
0600
0600
ENDCHAR
STARTCHAR 1EB7
ENCODING 7863
SWIDTH 600 0
DWIDTH 10 0
BBX 8 15 1 -3
BITMAP
66
3C
00
7E
E6
07
0F
FF
C3
C7
EF
7B
00
18
18
ENDCHAR
STARTCHAR 1EB8
ENCODING 7864
SWIDTH 600 0
DWIDTH 10 0
BBX 8 15 1 -3
BITMAP
FF
FF
C0
C0
C0
FF
FF
C0
C0
C0
FF
FF
00
18
18
ENDCHAR
STARTCHAR 1EB9
ENCODING 7865
SWIDTH 600 0
DWIDTH 10 0
BBX 8 12 1 -3
BITMAP
7E
E7
C3
FF
FF
C0
C3
7F
3E
00
18
18
ENDCHAR
STARTCHAR 1EBA
ENCODING 7866
SWIDTH 600 0
DWIDTH 10 0
BBX 8 17 1 0
BITMAP
18
0C
1C
18
00
FF
FF
C0
C0
C0
FF
FF
C0
C0
C0
FF
FF
ENDCHAR
STARTCHAR 1EBB
ENCODING 7867
SWIDTH 600 0
DWIDTH 10 0
BBX 8 14 1 0
BITMAP
18
0C
1C
18
00
7E
E7
C3
FF
FF
C0
C3
7F
3E
ENDCHAR
STARTCHAR 1EBC
ENCODING 7868
SWIDTH 600 0
DWIDTH 10 0
BBX 8 16 1 0
BITMAP
32
7E
44
00
FF
FF
C0
C0
C0
FF
FF
C0
C0
C0
FF
FF
ENDCHAR
STARTCHAR 1EBD
ENCODING 7869
SWIDTH 600 0
DWIDTH 10 0
BBX 8 13 1 0
BITMAP
32
7E
44
00
7E
E7
C3
FF
FF
C0
C3
7F
3E
ENDCHAR
STARTCHAR 1EBE
ENCODING 7870
SWIDTH 600 0
DWIDTH 10 0
BBX 10 17 1 0
BITMAP
00C0
0180
3C00
6600
0000
FF00
FF00
C000
C000
C000
FF00
FF00
C000
C000
C000
FF00
FF00
ENDCHAR
STARTCHAR 1EBF
ENCODING 7871
SWIDTH 600 0
DWIDTH 10 0
BBX 10 14 1 0
BITMAP
00C0
0180
3C00
6600
0000
7E00
E700
C300
FF00
FF00
C000
C300
7F00
3E00
ENDCHAR
STARTCHAR 1EC0
ENCODING 7872
SWIDTH 600 0
DWIDTH 10 0
BBX 9 17 0 0
BITMAP
C000
4000
3E00
3300
0000
7F80
7F80
6000
6000
6000
7F80
7F80
6000
6000
6000
7F80
7F80
ENDCHAR
STARTCHAR 1EC1
ENCODING 7873
SWIDTH 600 0
DWIDTH 10 0
BBX 10 14 -1 0
BITMAP
C000
6000
1F00
1980
0000
1F80
39C0
30C0
3FC0
3FC0
3000
30C0
1FC0
0F80
ENDCHAR
STARTCHAR 1EC2
ENCODING 7874
SWIDTH 600 0
DWIDTH 10 0
BBX 9 17 1 0
BITMAP
0380
0180
3C00
6200
0000
FF00
FF00
C000
C000
C000
FF00
FF00
C000
C000
C000
FF00
FF00
ENDCHAR
STARTCHAR 1EC3
ENCODING 7875
SWIDTH 600 0
DWIDTH 10 0
BBX 9 14 1 0
BITMAP
0380
0380
3C00
6600
0000
7E00
E700
C300
FF00
FF00
C000
C300
7F00
3E00
ENDCHAR
STARTCHAR 1EC4
ENCODING 7876
SWIDTH 600 0
DWIDTH 10 0
BBX 8 17 1 0
BITMAP
3C
00
3C
62
00
FF
FF
C0
C0
C0
FF
FF
C0
C0
C0
FF
FF
ENDCHAR
STARTCHAR 1EC5
ENCODING 7877
SWIDTH 600 0
DWIDTH 10 0
BBX 8 14 1 0
BITMAP
3C
00
3C
66
00
7E
E7
C3
FF
FF
C0
C3
7F
3E
ENDCHAR
STARTCHAR 1EC6
ENCODING 7878
SWIDTH 600 0
DWIDTH 10 0
BBX 8 19 1 -3
BITMAP
1C
34
66
00
FF
FF
C0
C0
C0
FF
FF
C0
C0
C0
FF
FF
00
18
18
ENDCHAR
STARTCHAR 1EC7
ENCODING 7879
SWIDTH 600 0
DWIDTH 10 0
BBX 8 16 1 -3
BITMAP
18
3C
66
00
7E
E7
C3
FF
FF
C0
C3
7F
3E
00
18
18
ENDCHAR
STARTCHAR 1EC8
ENCODING 7880
SWIDTH 300 0
DWIDTH 5 0
BBX 3 17 1 0
BITMAP
E0
60
E0
40
00
C0
C0
C0
C0
C0
C0
C0
C0
C0
C0
C0
C0
ENDCHAR
STARTCHAR 1EC9
ENCODING 7881
SWIDTH 240 0
DWIDTH 4 0
BBX 3 14 1 0
BITMAP
C0
60
E0
C0
00
C0
C0
C0
C0
C0
C0
C0
C0
C0
ENDCHAR
STARTCHAR 1ECA
ENCODING 7882
SWIDTH 300 0
DWIDTH 5 0
BBX 3 15 1 -3
BITMAP
C0
C0
C0
C0
C0
C0
C0
C0
C0
C0
C0
C0
00
C0
E0
ENDCHAR
STARTCHAR 1ECB
ENCODING 7883
SWIDTH 240 0
DWIDTH 4 0
BBX 2 16 1 -3
BITMAP
C0
C0
00
00
C0
C0
C0
C0
C0
C0
C0
C0
C0
00
C0
C0
ENDCHAR
STARTCHAR 1ECC
ENCODING 7884
SWIDTH 780 0
DWIDTH 13 0
BBX 11 16 1 -3
BITMAP
0400
3F80
7BC0
60E0
E060
C060
C060
C060
C060
E0E0
70C0
3FC0
1F00
0000
0600
0E00
ENDCHAR
STARTCHAR 1ECD
ENCODING 7885
SWIDTH 600 0
DWIDTH 10 0
BBX 9 12 1 -3
BITMAP
7E00
E700
C300
C380
C380
C380
C300
7F00
3E00
0000
1800
1800
ENDCHAR
STARTCHAR 1ECE
ENCODING 7886
SWIDTH 780 0
DWIDTH 13 0
BBX 11 17 1 0
BITMAP
0600
0300
0600
0400
0400
3F80
7BC0
60E0
E060
C060
C060
C060
C060
E0E0
70C0
3FC0
1F00
ENDCHAR
STARTCHAR 1ECF
ENCODING 7887
SWIDTH 600 0
DWIDTH 10 0
BBX 9 14 1 0
BITMAP
1800
0C00
1C00
1800
0000
7E00
E700
C300
C380
C380
C380
C300
7F00
3E00
ENDCHAR
STARTCHAR 1ED0
ENCODING 7888
SWIDTH 780 0
DWIDTH 13 0
BBX 11 17 1 0
BITMAP
0060
00C0
0E00
3180
0400
3F80
7BC0
60E0
E060
C060
C060
C060
C060
E0E0
70C0
3FC0
1F00
ENDCHAR
STARTCHAR 1ED1
ENCODING 7889
SWIDTH 600 0
DWIDTH 10 0
BBX 10 14 1 0
BITMAP
00C0
0180
3C00
6600
0000
7E00
E700
C300
C380
C380
C380
C300
7F00
3E00
ENDCHAR
STARTCHAR 1ED2
ENCODING 7890
SWIDTH 780 0
DWIDTH 13 0
BBX 11 17 1 0
BITMAP
C000
6000
0E00
3180
0400
3F80
7BC0
60E0
E060
C060
C060
C060
C060
E0E0
70C0
3FC0
1F00
ENDCHAR
STARTCHAR 1ED3
ENCODING 7891
SWIDTH 600 0
DWIDTH 10 0
BBX 11 14 -1 0
BITMAP
E000
2000
1F00
1980
0000
1F80
39C0
30C0
30E0
30E0
30E0
30C0
1FC0
0F80
ENDCHAR
STARTCHAR 1ED4
ENCODING 7892
SWIDTH 780 0
DWIDTH 13 0
BBX 11 17 1 0
BITMAP
00C0
04C0
0A00
3180
0400
3F80
7BC0
60E0
E060
C060
C060
C060
C060
E0E0
70C0
3FC0
1F00
ENDCHAR
STARTCHAR 1ED5
ENCODING 7893
SWIDTH 600 0
DWIDTH 10 0
BBX 9 14 1 0
BITMAP
0380
0380
3C00
6200
0000
7E00
E700
C300
C380
C380
C380
C300
7F00
3E00
ENDCHAR
STARTCHAR 1ED6
ENCODING 7894
SWIDTH 780 0
DWIDTH 13 0
BBX 11 17 1 0
BITMAP
1F00
0000
0E00
3180
0400
3F80
7BC0
60E0
E060
C060
C060
C060
C060
E0E0
70C0
3FC0
1F00
ENDCHAR
STARTCHAR 1ED7
ENCODING 7895
SWIDTH 600 0
DWIDTH 10 0
BBX 9 14 1 0
BITMAP
3C00
0000
3C00
6200
0000
7E00
E700
C300
C380
C380
C380
C300
7F00
3E00
ENDCHAR
STARTCHAR 1ED8
ENCODING 7896
SWIDTH 780 0
DWIDTH 13 0
BBX 11 19 1 -3
BITMAP
0E00
1B00
3180
0400
3F80
7BC0
60E0
E060
C060
C060
C060
C060
E0E0
70C0
3FC0
1F00
0000
0600
0E00
ENDCHAR
STARTCHAR 1ED9
ENCODING 7897
SWIDTH 600 0
DWIDTH 10 0
BBX 9 16 1 -3
BITMAP
1C00
3400
6600
0000
7E00
E700
C300
C380
C380
C380
C300
7F00
3E00
0000
1800
1800
ENDCHAR
STARTCHAR 1EDA
ENCODING 7898
SWIDTH 840 0
DWIDTH 14 0
BBX 12 16 1 0
BITMAP
0300
0600
0400
0410
3F90
7BF0
60E0
E060
C060
C060
C060
C060
E0E0
70C0
3FC0
1F00
ENDCHAR
STARTCHAR 1EDB
ENCODING 7899
SWIDTH 660 0
DWIDTH 11 0
BBX 10 13 1 0
BITMAP
0E00
0C00
1800
00C0
7E80
E780
C300
C380
C380
C380
C300
7F00
3E00
ENDCHAR
STARTCHAR 1EDC
ENCODING 7900
SWIDTH 840 0
DWIDTH 14 0
BBX 12 16 1 0
BITMAP
1800
0C00
0400
0410
3F90
7BF0
60E0
E060
C060
C060
C060
C060
E0E0
70C0
3FC0
1F00
ENDCHAR
STARTCHAR 1EDD
ENCODING 7901
SWIDTH 660 0
DWIDTH 11 0
BBX 10 13 1 0
BITMAP
3000
1800
1800
00C0
7E80
E780
C300
C380
C380
C380
C300
7F00
3E00
ENDCHAR
STARTCHAR 1EDE
ENCODING 7902
SWIDTH 840 0
DWIDTH 14 0
BBX 12 17 1 0
BITMAP
0600
0300
0600
0400
0410
3F90
7BF0
60E0
E060
C060
C060
C060
C060
E0E0
70C0
3FC0
1F00
ENDCHAR
STARTCHAR 1EDF
ENCODING 7903
SWIDTH 660 0
DWIDTH 11 0
BBX 10 14 1 0
BITMAP
1800
0C00
1C00
1800
00C0
7E80
E780
C300
C380
C380
C380
C300
7F00
3E00
ENDCHAR
STARTCHAR 1EE0
ENCODING 7904
SWIDTH 840 0
DWIDTH 14 0
BBX 12 16 1 0
BITMAP
0980
1F00
3200
0410
3F90
7BF0
60E0
E060
C060
C060
C060
C060
E0E0
70C0
3FC0
1F00
ENDCHAR
STARTCHAR 1EE1
ENCODING 7905
SWIDTH 660 0
DWIDTH 11 0
BBX 10 13 1 0
BITMAP
3200
7E00
4400
00C0
7E80
E780
C300
C380
C380
C380
C300
7F00
3E00
ENDCHAR
STARTCHAR 1EE2
ENCODING 7906
SWIDTH 840 0
DWIDTH 14 0
BBX 12 16 1 -3
BITMAP
0410
3F90
7BF0
60E0
E060
C060
C060
C060
C060
E0E0
70C0
3FC0
1F00
0000
0600
0E00
ENDCHAR
STARTCHAR 1EE3
ENCODING 7907
SWIDTH 660 0
DWIDTH 11 0
BBX 10 13 1 -3
BITMAP
00C0
7E80
E780
C300
C380
C380
C380
C300
7F00
3E00
0000
1800
1800
ENDCHAR
STARTCHAR 1EE4
ENCODING 7908
SWIDTH 720 0
DWIDTH 12 0
BBX 10 15 1 -3
BITMAP
C0C0
C0C0
C0C0
C0C0
C0C0
C0C0
C0C0
C0C0
E0C0
61C0
7F80
3F00
0000
0C00
0E00
ENDCHAR
STARTCHAR 1EE5
ENCODING 7909
SWIDTH 600 0
DWIDTH 10 0
BBX 8 12 1 -3
BITMAP
C3
C3
C3
C3
C3
C3
E3
7F
7B
00
18
1C
ENDCHAR
STARTCHAR 1EE6
ENCODING 7910
SWIDTH 720 0
DWIDTH 12 0
BBX 10 17 1 0
BITMAP
0C00
0600
0E00
0C00
0000
C0C0
C0C0
C0C0
C0C0
C0C0
C0C0
C0C0
C0C0
E0C0
61C0
7F80
3F00
ENDCHAR
STARTCHAR 1EE7
ENCODING 7911
SWIDTH 600 0
DWIDTH 10 0
BBX 8 14 1 0
BITMAP
18
0C
1C
18
00
C3
C3
C3
C3
C3
C3
E3
7F
7B
ENDCHAR
STARTCHAR 1EE8
ENCODING 7912
SWIDTH 900 0
DWIDTH 15 0
BBX 13 16 1 0
BITMAP
0700
0600
0C00
0008
C0D8
C0F8
C0F0
C0C0
C0C0
C0C0
C0C0
C0C0
E0C0
61C0
7F80
3F00
ENDCHAR
STARTCHAR 1EE9
ENCODING 7913
SWIDTH 720 0
DWIDTH 12 0
BBX 11 13 1 0
BITMAP
0E00
0C00
1800
0060
C360
C3C0
C300
C300
C300
C300
E300
7F00
7B00
ENDCHAR
STARTCHAR 1EEA
ENCODING 7914
SWIDTH 900 0
DWIDTH 15 0
BBX 13 16 1 0
BITMAP
1800
0C00
0C00
0008
C0D8
C0F8
C0F0
C0C0
C0C0
C0C0
C0C0
C0C0
E0C0
61C0
7F80
3F00
ENDCHAR
STARTCHAR 1EEB
ENCODING 7915
SWIDTH 720 0
DWIDTH 12 0
BBX 11 13 1 0
BITMAP
3000
1800
1800
0060
C360
C3C0
C300
C300
C300
C300
E300
7F00
7B00
ENDCHAR
STARTCHAR 1EEC
ENCODING 7916
SWIDTH 900 0
DWIDTH 15 0
BBX 13 17 1 0
BITMAP
0C00
0600
0E00
0C00
0008
C0D8
C0F8
C0F0
C0C0
C0C0
C0C0
C0C0
C0C0
E0C0
61C0
7F80
3F00
ENDCHAR
STARTCHAR 1EED
ENCODING 7917
SWIDTH 720 0
DWIDTH 12 0
BBX 11 14 1 0
BITMAP
1800
0C00
1C00
1800
0060
C360
C3C0
C300
C300
C300
C300
E300
7F00
7B00
ENDCHAR
STARTCHAR 1EEE
ENCODING 7918
SWIDTH 900 0
DWIDTH 15 0
BBX 13 16 1 0
BITMAP
1900
3F00
2200
0008
C0D8
C0F8
C0F0
C0C0
C0C0
C0C0
C0C0
C0C0
E0C0
61C0
7F80
3F00
ENDCHAR
STARTCHAR 1EEF
ENCODING 7919
SWIDTH 720 0
DWIDTH 12 0
BBX 11 13 1 0
BITMAP
3200
7E00
4400
0060
C360
C3C0
C300
C300
C300
C300
E300
7F00
7B00
ENDCHAR
STARTCHAR 1EF0
ENCODING 7920
SWIDTH 900 0
DWIDTH 15 0
BBX 13 16 1 -3
BITMAP
0008
C0D8
C0F8
C0F0
C0C0
C0C0
C0C0
C0C0
C0C0
E0C0
61C0
7F80
3F00
0000
0C00
0E00
ENDCHAR
STARTCHAR 1EF1
ENCODING 7921
SWIDTH 720 0
DWIDTH 12 0
BBX 11 13 1 -3
BITMAP
0060
C360
C3C0
C300
C300
C300
C300
E300
7F00
7B00
0000
1800
1C00
ENDCHAR
STARTCHAR 1EF2
ENCODING 7922
SWIDTH 720 0
DWIDTH 12 0
BBX 12 16 0 0
BITMAP
1C00
0400
0600
8010
6060
70E0
31C0
1980
1F80
0F00
0F00
0600
0600
0600
0600
0600
ENDCHAR
STARTCHAR 1EF3
ENCODING 7923
SWIDTH 600 0
DWIDTH 10 0
BBX 9 16 0 -3
BITMAP
3800
1800
0C00
8000
6180
6180
7300
3300
3300
3600
1E00
1E00
0C00
0C00
1C00
7800
ENDCHAR
STARTCHAR 1EF4
ENCODING 7924
SWIDTH 720 0
DWIDTH 12 0
BBX 12 15 0 -3
BITMAP
E070
70E0
31C0
1980
1F80
0F00
0F00
0600
0600
0600
0600
0600
0000
0600
0600
ENDCHAR
STARTCHAR 1EF5
ENCODING 7925
SWIDTH 600 0
DWIDTH 10 0
BBX 9 12 0 -3
BITMAP
E180
6180
7300
3300
3300
3600
1E00
1E00
0C00
0C00
1D80
7B80
ENDCHAR
STARTCHAR 1EF6
ENCODING 7926
SWIDTH 720 0
DWIDTH 12 0
BBX 12 17 0 0
BITMAP
0600
0300
0700
0600
8010
6060
70E0
31C0
1980
1F80
0F00
0F00
0600
0600
0600
0600
0600
ENDCHAR
STARTCHAR 1EF7
ENCODING 7927
SWIDTH 600 0
DWIDTH 10 0
BBX 9 17 0 -3
BITMAP
0C00
0600
0E00
0C00
8000
6180
6180
7300
3300
3300
3600
1E00
1E00
0C00
0C00
1C00
7800
ENDCHAR
STARTCHAR 1EF8
ENCODING 7928
SWIDTH 720 0
DWIDTH 12 0
BBX 12 16 0 0
BITMAP
0C80
1F80
1100
8010
6060
70E0
31C0
1980
1F80
0F00
0F00
0600
0600
0600
0600
0600
ENDCHAR
STARTCHAR 1EF9
ENCODING 7929
SWIDTH 600 0
DWIDTH 10 0
BBX 9 16 0 -3
BITMAP
1900
3F00
2200
8000
6180
6180
7300
3300
3300
3600
1E00
1E00
0C00
0C00
1C00
7800
ENDCHAR
STARTCHAR 1EFA
ENCODING 7930
SWIDTH 900 0
DWIDTH 15 0
BBX 11 12 2 0
BITMAP
DC00
DC00
DC00
DC00
DC00
DC00
DC00
DC00
DC00
DC00
FFE0
FFE0
ENDCHAR
STARTCHAR 1EFB
ENCODING 7931
SWIDTH 660 0
DWIDTH 11 0
BBX 9 12 1 0
BITMAP
3600
FF80
3600
3600
3600
3600
3600
3600
3600
3600
3600
3600
ENDCHAR
STARTCHAR 1EFC
ENCODING 7932
SWIDTH 600 0
DWIDTH 10 0
BBX 8 12 1 0
BITMAP
0C
3C
70
60
E4
CF
C3
C3
C3
E3
7F
3E
ENDCHAR
STARTCHAR 1EFD
ENCODING 7933
SWIDTH 600 0
DWIDTH 10 0
BBX 8 13 1 0
BITMAP
0C
1C
38
70
60
E4
CE
C3
C3
C3
E3
7F
3E
ENDCHAR
STARTCHAR 1EFE
ENCODING 7934
SWIDTH 780 0
DWIDTH 13 0
BBX 11 12 1 0
BITMAP
60E0
70C0
31C0
1980
1B80
0F00
7F00
FE00
CE00
CC00
FC00
7800
ENDCHAR
STARTCHAR 1EFF
ENCODING 7935
SWIDTH 660 0
DWIDTH 11 0
BBX 10 13 1 -4
BITMAP
71C0
3180
3380
3B00
1B00
1F00
7E00
FE00
CE00
CC00
CC00
F800
3000
ENDCHAR
STARTCHAR 1F00
ENCODING 7936
SWIDTH 660 0
DWIDTH 11 0
BBX 9 13 1 0
BITMAP
0800
1800
0800
0000
7D80
E780
C380
C300
C300
C300
C380
7F80
3D80
ENDCHAR
STARTCHAR 1F01
ENCODING 7937
SWIDTH 660 0
DWIDTH 11 0
BBX 9 13 1 0
BITMAP
1000
1800
0800
0000
7D80
E780
C380
C300
C300
C300
C380
7F80
3D80
ENDCHAR
STARTCHAR 1F02
ENCODING 7938
SWIDTH 660 0
DWIDTH 11 0
BBX 9 13 1 0
BITMAP
3C00
2400
6200
0000
7D80
E780
C380
C300
C300
C300
C380
7F80
3D80
ENDCHAR
STARTCHAR 1F03
ENCODING 7939
SWIDTH 660 0
DWIDTH 11 0
BBX 9 13 1 0
BITMAP
7C00
3400
2000
0000
7D80
E780
C380
C300
C300
C300
C380
7F80
3D80
ENDCHAR
STARTCHAR 1F04
ENCODING 7940
SWIDTH 660 0
DWIDTH 11 0
BBX 9 13 1 0
BITMAP
1600
1400
2000
0000
7D80
E780
C380
C300
C300
C300
C380
7F80
3D80
ENDCHAR
STARTCHAR 1F05
ENCODING 7941
SWIDTH 660 0
DWIDTH 11 0
BBX 9 13 1 0
BITMAP
2600
3400
1800
0000
7D80
E780
C380
C300
C300
C300
C380
7F80
3D80
ENDCHAR
STARTCHAR 1F06
ENCODING 7942
SWIDTH 660 0
DWIDTH 11 0
BBX 9 15 1 0
BITMAP
3A00
2400
0800
0800
1800
0000
7D80
E780
C380
C300
C300
C300
C380
7F80
3D80
ENDCHAR
STARTCHAR 1F07
ENCODING 7943
SWIDTH 660 0
DWIDTH 11 0
BBX 9 15 1 0
BITMAP
3400
2C00
1800
0800
0800
0000
7D80
E780
C380
C300
C300
C300
C380
7F80
3D80
ENDCHAR
STARTCHAR 1F08
ENCODING 7944
SWIDTH 720 0
DWIDTH 12 0
BBX 12 12 0 0
BITMAP
2F00
6F00
2F80
1D80
1980
19C0
38C0
3FC0
3FE0
7060
6060
E070
ENDCHAR
STARTCHAR 1F09
ENCODING 7945
SWIDTH 720 0
DWIDTH 12 0
BBX 12 12 0 0
BITMAP
2F00
3F00
2F80
1D80
1980
19C0
38C0
3FC0
3FE0
7060
6060
E070
ENDCHAR
STARTCHAR 1F0A
ENCODING 7946
SWIDTH 720 0
DWIDTH 12 0
BBX 14 12 -2 0
BITMAP
5BC0
4BC0
87E0
0760
0660
0670
0E30
0FF0
0FF8
1C18
1818
381C
ENDCHAR
STARTCHAR 1F0B
ENCODING 7947
SWIDTH 720 0
DWIDTH 12 0
BBX 13 12 -1 0
BITMAP
B780
9780
4FC0
0EC0
0CC0
0CE0
1C60
1FE0
1FF0
3830
3030
7038
ENDCHAR
STARTCHAR 1F0C
ENCODING 7948
SWIDTH 720 0
DWIDTH 12 0
BBX 13 12 -1 0
BITMAP
DF80
F780
87C0
0EC0
0CC0
0CE0
1C60
1FE0
1FF0
3830
3030
7038
ENDCHAR
STARTCHAR 1F0D
ENCODING 7949
SWIDTH 720 0
DWIDTH 12 0
BBX 14 12 -2 0
BITMAP
CFC0
73C0
43E0
0760
0660
0670
0E30
0FF0
0FF8
1C18
1818
381C
ENDCHAR
STARTCHAR 1F0E
ENCODING 7950
SWIDTH 720 0
DWIDTH 12 0
BBX 12 14 0 0
BITMAP
D800
B000
2F00
2F00
4F80
1D80
1980
19C0
38C0
3FC0
3FE0
7060
6060
E070
ENDCHAR
STARTCHAR 1F0F
ENCODING 7951
SWIDTH 720 0
DWIDTH 12 0
BBX 12 14 0 0
BITMAP
D000
B000
6F00
2F00
2F80
1D80
1980
19C0
38C0
3FC0
3FE0
7060
6060
E070
ENDCHAR
STARTCHAR 1F10
ENCODING 7952
SWIDTH 600 0
DWIDTH 10 0
BBX 8 13 1 0
BITMAP
08
18
10
00
7E
E7
C0
F8
78
C0
C3
FF
7E
ENDCHAR
STARTCHAR 1F11
ENCODING 7953
SWIDTH 600 0
DWIDTH 10 0
BBX 8 13 1 0
BITMAP
10
18
10
00
7E
E7
C0
F8
78
C0
C3
FF
7E
ENDCHAR
STARTCHAR 1F12
ENCODING 7954
SWIDTH 600 0
DWIDTH 10 0
BBX 8 13 1 0
BITMAP
2C
64
40
00
7E
E7
C0
F8
78
C0
C3
FF
7E
ENDCHAR
STARTCHAR 1F13
ENCODING 7955
SWIDTH 600 0
DWIDTH 10 0
BBX 8 13 1 0
BITMAP
78
6C
20
00
7E
E7
C0
F8
78
C0
C3
FF
7E
ENDCHAR
STARTCHAR 1F14
ENCODING 7956
SWIDTH 600 0
DWIDTH 10 0
BBX 8 13 1 0
BITMAP
36
3C
20
00
7E
E7
C0
F8
78
C0
C3
FF
7E
ENDCHAR
STARTCHAR 1F15
ENCODING 7957
SWIDTH 600 0
DWIDTH 10 0
BBX 8 13 1 0
BITMAP
26
3C
20
00
7E
E7
C0
F8
78
C0
C3
FF
7E
ENDCHAR
STARTCHAR 1F18
ENCODING 7960
SWIDTH 780 0
DWIDTH 13 0
BBX 11 12 1 0
BITMAP
DFE0
9FE0
9800
1800
1800
1FC0
1FC0
1800
1800
1800
1FE0
1FE0
ENDCHAR
STARTCHAR 1F19
ENCODING 7961
SWIDTH 780 0
DWIDTH 13 0
BBX 11 12 1 0
BITMAP
9FE0
9FE0
5800
1800
1800
1FC0
1FC0
1800
1800
1800
1FE0
1FE0
ENDCHAR
STARTCHAR 1F1A
ENCODING 7962
SWIDTH 960 0
DWIDTH 16 0
BBX 14 12 1 0
BITMAP
F3FC
CBFC
8300
0300
0300
03FC
03FC
0300
0300
0300
03FC
03FC
ENDCHAR
STARTCHAR 1F1B
ENCODING 7963
SWIDTH 900 0
DWIDTH 15 0
BBX 13 12 1 0
BITMAP
B7F8
97F8
4F00
0700
0700
07F8
07F8
0700
0700
0700
07F8
07F8
ENDCHAR
STARTCHAR 1F1C
ENCODING 7964
SWIDTH 960 0
DWIDTH 16 0
BBX 14 12 1 0
BITMAP
DFF8
F7F8
8700
0700
0700
07F8
07F8
0700
0700
0700
07FC
07FC
ENDCHAR
STARTCHAR 1F1D
ENCODING 7965
SWIDTH 960 0
DWIDTH 16 0
BBX 14 12 1 0
BITMAP
9BFC
93FC
6300
0300
0300
03F8
03F8
0300
0300
0300
03FC
03FC
ENDCHAR
STARTCHAR 1F20
ENCODING 7968
SWIDTH 600 0
DWIDTH 10 0
BBX 8 16 1 -3
BITMAP
0C
18
08
00
DE
F7
E3
C3
C3
C3
C3
C3
C3
03
03
03
ENDCHAR
STARTCHAR 1F21
ENCODING 7969
SWIDTH 600 0
DWIDTH 10 0
BBX 8 16 1 -3
BITMAP
10
18
08
00
DE
F7
E3
C3
C3
C3
C3
C3
C3
03
03
03
ENDCHAR
STARTCHAR 1F22
ENCODING 7970
SWIDTH 600 0
DWIDTH 10 0
BBX 8 16 1 -3
BITMAP
3C
26
60
00
DE
F7
E3
C3
C3
C3
C3
C3
C3
03
03
03
ENDCHAR
STARTCHAR 1F23
ENCODING 7971
SWIDTH 600 0
DWIDTH 10 0
BBX 8 16 1 -3
BITMAP
6C
34
20
00
DE
F7
E3
C3
C3
C3
C3
C3
C3
03
03
03
ENDCHAR
STARTCHAR 1F24
ENCODING 7972
SWIDTH 600 0
DWIDTH 10 0
BBX 8 16 1 -3
BITMAP
16
14
20
00
DE
F7
E3
C3
C3
C3
C3
C3
C3
03
03
03
ENDCHAR
STARTCHAR 1F25
ENCODING 7973
SWIDTH 600 0
DWIDTH 10 0
BBX 8 16 1 -3
BITMAP
26
34
18
00
DE
F7
E3
C3
C3
C3
C3
C3
C3
03
03
03
ENDCHAR
STARTCHAR 1F26
ENCODING 7974
SWIDTH 600 0
DWIDTH 10 0
BBX 8 18 1 -3
BITMAP
3A
24
08
08
18
00
DE
F7
E3
C3
C3
C3
C3
C3
C3
03
03
03
ENDCHAR
STARTCHAR 1F27
ENCODING 7975
SWIDTH 600 0
DWIDTH 10 0
BBX 8 18 1 -3
BITMAP
36
2C
08
08
08
00
DE
F7
E3
C3
C3
C3
C3
C3
C3
03
03
03
ENDCHAR
STARTCHAR 1F28
ENCODING 7976
SWIDTH 900 0
DWIDTH 15 0
BBX 13 12 1 0
BITMAP
5818
D818
9818
1818
1818
1FF8
1FF8
1818
1818
1818
1818
1818
ENDCHAR
STARTCHAR 1F29
ENCODING 7977
SWIDTH 900 0
DWIDTH 15 0
BBX 13 12 1 0
BITMAP
D818
D818
5818
1818
1818
1FF8
1FF8
1818
1818
1818
1818
1818
ENDCHAR
STARTCHAR 1F2A
ENCODING 7978
SWIDTH 1140 0
DWIDTH 19 0
BBX 16 12 1 0
BITMAP
5B03
CB03
8303
0303
0303
03FF
03FF
0303
0303
0303
0303
0303
ENDCHAR
STARTCHAR 1F2B
ENCODING 7979
SWIDTH 1080 0
DWIDTH 18 0
BBX 16 12 1 0
BITMAP
F303
DB03
4303
0303
0303
03FF
03FF
0303
0303
0303
0303
0303
ENDCHAR
STARTCHAR 1F2C
ENCODING 7980
SWIDTH 1080 0
DWIDTH 18 0
BBX 16 12 1 0
BITMAP
5B03
D303
A303
0303
0303
03FF
03FF
0303
0303
0303
0303
0303
ENDCHAR
STARTCHAR 1F2D
ENCODING 7981
SWIDTH 1080 0
DWIDTH 18 0
BBX 16 12 1 0
BITMAP
DB03
D303
4303
0303
0303
03FF
03FF
0303
0303
0303
0303
0303
ENDCHAR
STARTCHAR 1F2E
ENCODING 7982
SWIDTH 1020 0
DWIDTH 17 0
BBX 15 14 1 0
BITMAP
E800
9000
2606
2606
6606
0606
0606
07FE
07FE
0606
0606
0606
0606
0606
ENDCHAR
STARTCHAR 1F2F
ENCODING 7983
SWIDTH 1020 0
DWIDTH 17 0
BBX 15 14 1 0
BITMAP
E800
9000
2606
2606
1606
0606
0606
07FE
07FE
0606
0606
0606
0606
0606
ENDCHAR
STARTCHAR 1F30
ENCODING 7984
SWIDTH 300 0
DWIDTH 5 0
BBX 4 13 1 0
BITMAP
60
C0
40
00
C0
C0
C0
C0
C0
C0
C0
F0
70
ENDCHAR
STARTCHAR 1F31
ENCODING 7985
SWIDTH 300 0
DWIDTH 5 0
BBX 4 13 1 0
BITMAP
C0
C0
40
00
C0
C0
C0
C0
C0
C0
C0
F0
70
ENDCHAR
STARTCHAR 1F32
ENCODING 7986
SWIDTH 300 0
DWIDTH 5 0
BBX 6 13 -1 0
BITMAP
78
4C
C0
00
30
30
30
30
30
30
30
3C
1C
ENDCHAR
STARTCHAR 1F33
ENCODING 7987
SWIDTH 300 0
DWIDTH 5 0
BBX 6 13 -1 0
BITMAP
D8
68
40
00
30
30
30
30
30
30
30
3C
1C
ENDCHAR
STARTCHAR 1F34
ENCODING 7988
SWIDTH 300 0
DWIDTH 5 0
BBX 5 13 0 0
BITMAP
58
D0
40
00
60
60
60
60
60
60
60
78
38
ENDCHAR
STARTCHAR 1F35
ENCODING 7989
SWIDTH 300 0
DWIDTH 5 0
BBX 5 13 0 0
BITMAP
D8
D0
40
00
60
60
60
60
60
60
60
78
38
ENDCHAR
STARTCHAR 1F36
ENCODING 7990
SWIDTH 300 0
DWIDTH 5 0
BBX 5 15 0 0
BITMAP
E8
90
20
20
60
00
60
60
60
60
60
60
60
78
38
ENDCHAR
STARTCHAR 1F37
ENCODING 7991
SWIDTH 300 0
DWIDTH 5 0
BBX 5 15 0 0
BITMAP
D8
B0
20
20
20
00
60
60
60
60
60
60
60
78
38
ENDCHAR
STARTCHAR 1F38
ENCODING 7992
SWIDTH 420 0
DWIDTH 7 0
BBX 5 12 1 0
BITMAP
58
D8
98
18
18
18
18
18
18
18
18
18
ENDCHAR
STARTCHAR 1F39
ENCODING 7993
SWIDTH 420 0
DWIDTH 7 0
BBX 5 12 1 0
BITMAP
D8
D8
58
18
18
18
18
18
18
18
18
18
ENDCHAR
STARTCHAR 1F3A
ENCODING 7994
SWIDTH 600 0
DWIDTH 10 0
BBX 8 12 1 0
BITMAP
5B
CB
83
03
03
03
03
03
03
03
03
03
ENDCHAR
STARTCHAR 1F3B
ENCODING 7995
SWIDTH 600 0
DWIDTH 10 0
BBX 8 12 1 0
BITMAP
F7
DF
47
07
07
07
07
07
07
07
07
07
ENDCHAR
STARTCHAR 1F3C
ENCODING 7996
SWIDTH 600 0
DWIDTH 10 0
BBX 8 12 1 0
BITMAP
5F
D7
A7
07
07
07
07
07
07
07
07
07
ENDCHAR
STARTCHAR 1F3D
ENCODING 7997
SWIDTH 600 0
DWIDTH 10 0
BBX 8 12 1 0
BITMAP
DB
D3
43
03
03
03
03
03
03
03
03
03
ENDCHAR
STARTCHAR 1F3E
ENCODING 7998
SWIDTH 540 0
DWIDTH 9 0
BBX 7 14 1 0
BITMAP
E8
90
2E
2E
6E
0E
0E
0E
0E
0E
0E
0E
0E
0E
ENDCHAR
STARTCHAR 1F3F
ENCODING 7999
SWIDTH 540 0
DWIDTH 9 0
BBX 7 14 1 0
BITMAP
E8
90
2E
2E
1E
0E
0E
0E
0E
0E
0E
0E
0E
0E
ENDCHAR
STARTCHAR 1F40
ENCODING 8000
SWIDTH 600 0
DWIDTH 10 0
BBX 9 13 1 0
BITMAP
0800
1800
0800
0000
7E00
E700
C300
C380
C380
C380
C300
7F00
3E00
ENDCHAR
STARTCHAR 1F41
ENCODING 8001
SWIDTH 600 0
DWIDTH 10 0
BBX 9 13 1 0
BITMAP
1000
1800
0800
0000
7E00
E700
C300
C380
C380
C380
C300
7F00
3E00
ENDCHAR
STARTCHAR 1F42
ENCODING 8002
SWIDTH 600 0
DWIDTH 10 0
BBX 9 13 1 0
BITMAP
3C00
2400
6200
0000
7E00
E700
C300
C380
C380
C380
C300
7F00
3E00
ENDCHAR
STARTCHAR 1F43
ENCODING 8003
SWIDTH 600 0
DWIDTH 10 0
BBX 9 13 1 0
BITMAP
7C00
3400
2000
0000
7E00
E700
C300
C380
C380
C380
C300
7F00
3E00
ENDCHAR
STARTCHAR 1F44
ENCODING 8004
SWIDTH 600 0
DWIDTH 10 0
BBX 9 13 1 0
BITMAP
1600
1400
2000
0000
7E00
E700
C300
C380
C380
C380
C300
7F00
3E00
ENDCHAR
STARTCHAR 1F45
ENCODING 8005
SWIDTH 600 0
DWIDTH 10 0
BBX 9 13 1 0
BITMAP
2600
3400
1800
0000
7E00
E700
C300
C380
C380
C380
C300
7F00
3E00
ENDCHAR
STARTCHAR 1F48
ENCODING 8008
SWIDTH 840 0
DWIDTH 14 0
BBX 13 13 0 0
BITMAP
0100
4FE0
DEF0
9838
3818
3018
3018
3018
3018
3838
1C30
0FF0
07C0
ENDCHAR
STARTCHAR 1F49
ENCODING 8009
SWIDTH 840 0
DWIDTH 14 0
BBX 13 13 1 0
BITMAP
0100
8FC0
9FF0
7830
3038
3038
7018
7018
3038
3030
3870
1FE0
0FC0
ENDCHAR
STARTCHAR 1F4A
ENCODING 8010
SWIDTH 1020 0
DWIDTH 17 0
BBX 16 13 0 0
BITMAP
2020
59FC
CBDE
8307
0703
0603
0603
0603
0603
0703
0387
01FE
00F8
ENDCHAR
STARTCHAR 1F4B
ENCODING 8011
SWIDTH 960 0
DWIDTH 16 0
BBX 16 13 0 0
BITMAP
0020
B1F8
93FC
4F0E
0606
0E07
0E07
0E07
0E07
0606
070E
03FC
01F8
ENDCHAR
STARTCHAR 1F4C
ENCODING 8012
SWIDTH 960 0
DWIDTH 16 0
BBX 15 13 0 0
BITMAP
0040
5BF8
D7BC
AE0C
0C0E
0C06
0C06
0C06
0C06
0E0E
061C
07F8
01F0
ENDCHAR
STARTCHAR 1F4D
ENCODING 8013
SWIDTH 960 0
DWIDTH 16 0
BBX 15 13 0 0
BITMAP
0040
9BF8
D7BC
660E
0E06
0C06
0C06
0C06
0C06
0E0E
070C
03FC
01F0
ENDCHAR
STARTCHAR 1F50
ENCODING 8016
SWIDTH 600 0
DWIDTH 10 0
BBX 8 13 1 0
BITMAP
08
18
10
00
C6
C7
C3
C3
C3
C3
C7
7E
7C
ENDCHAR
STARTCHAR 1F51
ENCODING 8017
SWIDTH 600 0
DWIDTH 10 0
BBX 8 13 1 0
BITMAP
10
18
10
00
C6
C7
C3
C3
C3
C3
C7
7E
7C
ENDCHAR
STARTCHAR 1F52
ENCODING 8018
SWIDTH 600 0
DWIDTH 10 0
BBX 8 13 1 0
BITMAP
2C
64
40
00
C6
C7
C3
C3
C3
C3
C7
7E
7C
ENDCHAR
STARTCHAR 1F53
ENCODING 8019
SWIDTH 600 0
DWIDTH 10 0
BBX 8 13 1 0
BITMAP
78
6C
20
00
C6
C7
C3
C3
C3
C3
C7
7E
7C
ENDCHAR
STARTCHAR 1F54
ENCODING 8020
SWIDTH 600 0
DWIDTH 10 0
BBX 8 13 1 0
BITMAP
36
3C
20
00
C6
C7
C3
C3
C3
C3
C7
7E
7C
ENDCHAR
STARTCHAR 1F55
ENCODING 8021
SWIDTH 600 0
DWIDTH 10 0
BBX 8 13 1 0
BITMAP
26
3C
20
00
C6
C7
C3
C3
C3
C3
C7
7E
7C
ENDCHAR
STARTCHAR 1F56
ENCODING 8022
SWIDTH 600 0
DWIDTH 10 0
BBX 8 15 1 0
BITMAP
36
2C
08
18
10
00
C6
C7
C3
C3
C3
C3
C7
7E
7C
ENDCHAR
STARTCHAR 1F57
ENCODING 8023
SWIDTH 600 0
DWIDTH 10 0
BBX 8 15 1 0
BITMAP
34
48
10
18
08
00
C6
C7
C3
C3
C3
C3
C7
7E
7C
ENDCHAR
STARTCHAR 1F59
ENCODING 8025
SWIDTH 900 0
DWIDTH 15 0
BBX 13 12 1 0
BITMAP
B838
D830
8C60
0EE0
06C0
07C0
0380
0380
0380
0380
0380
0380
ENDCHAR
STARTCHAR 1F5B
ENCODING 8027
SWIDTH 1080 0
DWIDTH 18 0
BBX 16 12 1 0
BITMAP
BF07
D30E
838C
0198
01D8
00F0
00F0
0060
0060
0060
0060
0060
ENDCHAR
STARTCHAR 1F5D
ENCODING 8029
SWIDTH 1140 0
DWIDTH 19 0
BBX 18 12 0 0
BITMAP
DF81C0
50C380
40E300
006600
007E00
003C00
003C00
001800
001800
001800
001800
001800
ENDCHAR
STARTCHAR 1F5F
ENCODING 8031
SWIDTH 1020 0
DWIDTH 17 0
BBX 17 14 0 0
BITMAP
680000
940080
230300
338600
118E00
00CC00
00DC00
007800
007800
003000
003000
003000
003000
003000
ENDCHAR
STARTCHAR 1F60
ENCODING 8032
SWIDTH 900 0
DWIDTH 15 0
BBX 13 13 1 0
BITMAP
0300
0300
0200
0000
7030
6030
E738
E718
E718
E718
6738
7FF0
3DE0
ENDCHAR
STARTCHAR 1F61
ENCODING 8033
SWIDTH 900 0
DWIDTH 15 0
BBX 13 13 1 0
BITMAP
0600
0200
0200
0000
7030
6030
E738
E718
E718
E718
6738
7FF0
3DE0
ENDCHAR
STARTCHAR 1F62
ENCODING 8034
SWIDTH 900 0
DWIDTH 15 0
BBX 13 13 1 0
BITMAP
0F80
0C80
0800
0000
7030
6030
E738
E718
E718
E718
6738
7FF0
3DE0
ENDCHAR
STARTCHAR 1F63
ENCODING 8035
SWIDTH 900 0
DWIDTH 15 0
BBX 13 13 1 0
BITMAP
0B00
0D00
0480
0000
7030
6030
E738
E718
E718
E718
6738
7FF0
3DE0
ENDCHAR
STARTCHAR 1F64
ENCODING 8036
SWIDTH 900 0
DWIDTH 15 0
BBX 13 13 1 0
BITMAP
06C0
0700
0400
0000
7030
6030
E738
E718
E718
E718
6738
7FF0
3DE0
ENDCHAR
STARTCHAR 1F65
ENCODING 8037
SWIDTH 900 0
DWIDTH 15 0
BBX 13 13 1 0
BITMAP
0CC0
0500
0400
0000
7030
6030
E738
E718
E718
E718
6738
7FF0
3DE0
ENDCHAR
STARTCHAR 1F66
ENCODING 8038
SWIDTH 900 0
DWIDTH 15 0
BBX 13 15 1 0
BITMAP
0680
0980
0300
0300
0200
0000
7030
6030
E738
E718
E718
E718
6738
7FF0
3DE0
ENDCHAR
STARTCHAR 1F67
ENCODING 8039
SWIDTH 900 0
DWIDTH 15 0
BBX 13 15 1 0
BITMAP
0E80
0900
0200
0200
0100
0000
7030
6030
E738
E718
E718
E718
6738
7FF0
3DE0
ENDCHAR
STARTCHAR 1F68
ENCODING 8040
SWIDTH 840 0
DWIDTH 14 0
BBX 13 13 0 0
BITMAP
0100
CFE0
9FF0
B830
3038
3018
7018
3018
3038
3830
1CE0
7CF8
7CF8
ENDCHAR
STARTCHAR 1F69
ENCODING 8041
SWIDTH 900 0
DWIDTH 15 0
BBX 14 13 0 0
BITMAP
0180
C7E0
6FF0
5C38
1818
381C
381C
381C
1818
1C38
0E70
3E7C
3E7C
ENDCHAR
STARTCHAR 1F6A
ENCODING 8042
SWIDTH 1020 0
DWIDTH 17 0
BBX 16 13 0 0
BITMAP
2020
D1FC
CBDE
8307
0703
0603
0603
0603
0703
0307
018E
07CF
07CF
ENDCHAR
STARTCHAR 1F6B
ENCODING 8043
SWIDTH 1020 0
DWIDTH 17 0
BBX 16 13 0 0
BITMAP
0060
B1FC
93FE
4F0E
0607
0E03
0E03
0E07
0606
0706
039C
0F9F
0F9F
ENDCHAR
STARTCHAR 1F6C
ENCODING 8044
SWIDTH 960 0
DWIDTH 16 0
BBX 16 13 0 0
BITMAP
0840
D3F8
F7BC
860E
0E06
0C06
0C07
0C06
0E06
060E
039C
0F9F
0F9F
ENDCHAR
STARTCHAR 1F6D
ENCODING 8045
SWIDTH 1020 0
DWIDTH 17 0
BBX 16 13 0 0
BITMAP
0060
99F8
93FC
670E
0607
0E07
0E03
0E07
0606
070E
039C
0F9F
0F9F
ENDCHAR
STARTCHAR 1F6E
ENCODING 8046
SWIDTH 960 0
DWIDTH 16 0
BBX 15 14 0 0
BITMAP
D800
B0C0
23F0
67FC
4E1C
0C0E
1C0E
1C06
1C0E
0C0C
0E0C
0738
1F3E
1F3E
ENDCHAR
STARTCHAR 1F6F
ENCODING 8047
SWIDTH 960 0
DWIDTH 16 0
BBX 15 14 0 0
BITMAP
D800
B040
23F8
27FC
2E0C
0C0E
0C06
0C06
0C06
0C0E
0E0C
0718
0F3E
0F3E
ENDCHAR
STARTCHAR 1F70
ENCODING 8048
SWIDTH 660 0
DWIDTH 11 0
BBX 9 13 1 0
BITMAP
3000
1800
0800
0000
7D80
E780
C380
C300
C300
C300
C380
7F80
3D80
ENDCHAR
STARTCHAR 1F71
ENCODING 8049
SWIDTH 660 0
DWIDTH 11 0
BBX 9 13 1 0
BITMAP
0E00
0800
1800
0000
7D80
E780
C380
C300
C300
C300
C380
7F80
3D80
ENDCHAR
STARTCHAR 1F72
ENCODING 8050
SWIDTH 600 0
DWIDTH 10 0
BBX 8 13 1 0
BITMAP
30
10
08
00
7E
E7
C0
F8
78
C0
C3
FF
7E
ENDCHAR
STARTCHAR 1F73
ENCODING 8051
SWIDTH 600 0
DWIDTH 10 0
BBX 8 13 1 0
BITMAP
0C
18
10
00
7E
E7
C0
F8
78
C0
C3
FF
7E
ENDCHAR
STARTCHAR 1F74
ENCODING 8052
SWIDTH 600 0
DWIDTH 10 0
BBX 8 16 1 -3
BITMAP
30
18
08
00
DE
F7
E3
C3
C3
C3
C3
C3
C3
03
03
03
ENDCHAR
STARTCHAR 1F75
ENCODING 8053
SWIDTH 600 0
DWIDTH 10 0
BBX 8 16 1 -3
BITMAP
0E
08
08
00
DE
F7
E3
C3
C3
C3
C3
C3
C3
03
03
03
ENDCHAR
STARTCHAR 1F76
ENCODING 8054
SWIDTH 300 0
DWIDTH 5 0
BBX 5 13 0 0
BITMAP
C0
60
20
00
60
60
60
60
60
60
60
78
38
ENDCHAR
STARTCHAR 1F77
ENCODING 8055
SWIDTH 300 0
DWIDTH 5 0
BBX 4 13 1 0
BITMAP
70
60
40
00
C0
C0
C0
C0
C0
C0
C0
F0
70
ENDCHAR
STARTCHAR 1F78
ENCODING 8056
SWIDTH 600 0
DWIDTH 10 0
BBX 9 13 1 0
BITMAP
3000
1800
0800
0000
7E00
E700
C300
C380
C380
C380
C300
7F00
3E00
ENDCHAR
STARTCHAR 1F79
ENCODING 8057
SWIDTH 600 0
DWIDTH 10 0
BBX 9 13 1 0
BITMAP
0E00
0800
0800
0000
7E00
E700
C300
C380
C380
C380
C300
7F00
3E00
ENDCHAR
STARTCHAR 1F7A
ENCODING 8058
SWIDTH 600 0
DWIDTH 10 0
BBX 8 13 1 0
BITMAP
30
10
08
00
C6
C7
C3
C3
C3
C3
C7
7E
7C
ENDCHAR
STARTCHAR 1F7B
ENCODING 8059
SWIDTH 600 0
DWIDTH 10 0
BBX 8 13 1 0
BITMAP
0C
18
10
00
C6
C7
C3
C3
C3
C3
C7
7E
7C
ENDCHAR
STARTCHAR 1F7C
ENCODING 8060
SWIDTH 900 0
DWIDTH 15 0
BBX 13 13 1 0
BITMAP
0600
0200
0200
0000
7030
6030
E738
E718
E718
E718
6738
7FF0
3DE0
ENDCHAR
STARTCHAR 1F7D
ENCODING 8061
SWIDTH 900 0
DWIDTH 15 0
BBX 13 13 1 0
BITMAP
0180
0300
0200
0000
7030
6030
E738
E718
E718
E718
6738
7FF0
3DE0
ENDCHAR
STARTCHAR 1F80
ENCODING 8064
SWIDTH 660 0
DWIDTH 11 0
BBX 9 17 1 -4
BITMAP
0800
1800
0800
0000
7D80
E780
C380
C300
C300
C300
C380
7F80
3D80
0000
1800
1800
1800
ENDCHAR
STARTCHAR 1F81
ENCODING 8065
SWIDTH 660 0
DWIDTH 11 0
BBX 9 17 1 -4
BITMAP
1000
1800
0800
0000
7D80
E780
C380
C300
C300
C300
C380
7F80
3D80
0000
1800
1800
1800
ENDCHAR
STARTCHAR 1F82
ENCODING 8066
SWIDTH 660 0
DWIDTH 11 0
BBX 9 17 1 -4
BITMAP
3C00
2400
6200
0000
7D80
E780
C380
C300
C300
C300
C380
7F80
3D80
0000
1800
1800
1800
ENDCHAR
STARTCHAR 1F83
ENCODING 8067
SWIDTH 660 0
DWIDTH 11 0
BBX 9 17 1 -4
BITMAP
7C00
3400
2000
0000
7D80
E780
C380
C300
C300
C300
C380
7F80
3D80
0000
1800
1800
1800
ENDCHAR
STARTCHAR 1F84
ENCODING 8068
SWIDTH 660 0
DWIDTH 11 0
BBX 9 17 1 -4
BITMAP
1600
1400
2000
0000
7D80
E780
C380
C300
C300
C300
C380
7F80
3D80
0000
1800
1800
1800
ENDCHAR
STARTCHAR 1F85
ENCODING 8069
SWIDTH 660 0
DWIDTH 11 0
BBX 9 17 1 -4
BITMAP
2600
3400
1800
0000
7D80
E780
C380
C300
C300
C300
C380
7F80
3D80
0000
1800
1800
1800
ENDCHAR
STARTCHAR 1F86
ENCODING 8070
SWIDTH 660 0
DWIDTH 11 0
BBX 9 19 1 -4
BITMAP
3A00
2400
0800
0800
1800
0000
7D80
E780
C380
C300
C300
C300
C380
7F80
3D80
0000
1800
1800
1800
ENDCHAR
STARTCHAR 1F87
ENCODING 8071
SWIDTH 660 0
DWIDTH 11 0
BBX 9 19 1 -4
BITMAP
3400
2C00
1800
0800
0800
0000
7D80
E780
C380
C300
C300
C300
C380
7F80
3D80
0000
1800
1800
1800
ENDCHAR
STARTCHAR 1F88
ENCODING 8072
SWIDTH 720 0
DWIDTH 12 0
BBX 12 16 0 -4
BITMAP
2F00
6F00
2F80
1D80
1980
19C0
38C0
3FC0
3FE0
7060
6060
E070
0000
0600
0600
0300
ENDCHAR
STARTCHAR 1F89
ENCODING 8073
SWIDTH 720 0
DWIDTH 12 0
BBX 12 16 0 -4
BITMAP
2F00
3F00
2F80
1D80
1980
19C0
38C0
3FC0
3FE0
7060
6060
E070
0000
0600
0600
0300
ENDCHAR
STARTCHAR 1F8A
ENCODING 8074
SWIDTH 720 0
DWIDTH 12 0
BBX 14 16 -2 -4
BITMAP
5BC0
4BC0
87E0
0760
0660
0670
0E30
0FF0
0FF8
1C18
1818
381C
0000
0180
0180
00C0
ENDCHAR
STARTCHAR 1F8B
ENCODING 8075
SWIDTH 720 0
DWIDTH 12 0
BBX 13 16 -1 -4
BITMAP
B780
9780
4FC0
0EC0
0CC0
0CE0
1C60
1FE0
1FF0
3830
3030
7038
0000
0300
0300
0180
ENDCHAR
STARTCHAR 1F8C
ENCODING 8076
SWIDTH 720 0
DWIDTH 12 0
BBX 13 16 -1 -4
BITMAP
DF80
F780
87C0
0EC0
0CC0
0CE0
1C60
1FE0
1FF0
3830
3030
7038
0000
0300
0300
0180
ENDCHAR
STARTCHAR 1F8D
ENCODING 8077
SWIDTH 720 0
DWIDTH 12 0
BBX 14 16 -2 -4
BITMAP
CFC0
73C0
43E0
0760
0660
0670
0E30
0FF0
0FF8
1C18
1818
381C
0000
0180
0180
00C0
ENDCHAR
STARTCHAR 1F8E
ENCODING 8078
SWIDTH 720 0
DWIDTH 12 0
BBX 12 18 0 -4
BITMAP
D800
B000
2F00
2F00
4F80
1D80
1980
19C0
38C0
3FC0
3FE0
7060
6060
E070
0000
0600
0600
0300
ENDCHAR
STARTCHAR 1F8F
ENCODING 8079
SWIDTH 720 0
DWIDTH 12 0
BBX 12 18 0 -4
BITMAP
D000
B000
6F00
2F00
2F80
1D80
1980
19C0
38C0
3FC0
3FE0
7060
6060
E070
0000
0600
0600
0300
ENDCHAR
STARTCHAR 1F90
ENCODING 8080
SWIDTH 600 0
DWIDTH 10 0
BBX 8 17 1 -4
BITMAP
0C
18
08
00
DE
F7
E3
C3
C3
C3
C3
C3
C3
03
43
43
60
ENDCHAR
STARTCHAR 1F91
ENCODING 8081
SWIDTH 600 0
DWIDTH 10 0
BBX 8 17 1 -4
BITMAP
10
18
08
00
DE
F7
E3
C3
C3
C3
C3
C3
C3
03
43
43
60
ENDCHAR
STARTCHAR 1F92
ENCODING 8082
SWIDTH 600 0
DWIDTH 10 0
BBX 8 17 1 -4
BITMAP
3C
26
60
00
DE
F7
E3
C3
C3
C3
C3
C3
C3
03
43
43
60
ENDCHAR
STARTCHAR 1F93
ENCODING 8083
SWIDTH 600 0
DWIDTH 10 0
BBX 8 17 1 -4
BITMAP
6C
34
20
00
DE
F7
E3
C3
C3
C3
C3
C3
C3
03
43
43
60
ENDCHAR
STARTCHAR 1F94
ENCODING 8084
SWIDTH 600 0
DWIDTH 10 0
BBX 8 17 1 -4
BITMAP
16
14
20
00
DE
F7
E3
C3
C3
C3
C3
C3
C3
03
43
43
60
ENDCHAR
STARTCHAR 1F95
ENCODING 8085
SWIDTH 600 0
DWIDTH 10 0
BBX 8 17 1 -4
BITMAP
26
34
18
00
DE
F7
E3
C3
C3
C3
C3
C3
C3
03
43
43
60
ENDCHAR
STARTCHAR 1F96
ENCODING 8086
SWIDTH 600 0
DWIDTH 10 0
BBX 8 19 1 -4
BITMAP
3A
24
08
08
18
00
DE
F7
E3
C3
C3
C3
C3
C3
C3
03
43
43
60
ENDCHAR
STARTCHAR 1F97
ENCODING 8087
SWIDTH 600 0
DWIDTH 10 0
BBX 8 19 1 -4
BITMAP
36
2C
08
08
08
00
DE
F7
E3
C3
C3
C3
C3
C3
C3
03
43
43
60
ENDCHAR
STARTCHAR 1F98
ENCODING 8088
SWIDTH 900 0
DWIDTH 15 0
BBX 13 16 1 -4
BITMAP
D818
9818
9818
1818
1818
1FF8
1FF8
1818
1818
1818
1818
1818
0000
0100
0100
0180
ENDCHAR
STARTCHAR 1F99
ENCODING 8089
SWIDTH 900 0
DWIDTH 15 0
BBX 13 16 1 -4
BITMAP
D818
D818
5818
1818
1818
1FF8
1FF8
1818
1818
1818
1818
1818
0000
0180
0180
0180
ENDCHAR
STARTCHAR 1F9A
ENCODING 8090
SWIDTH 1140 0
DWIDTH 19 0
BBX 16 16 1 -4
BITMAP
5B03
CB03
8303
0303
0303
03FF
03FF
0303
0303
0303
0303
0303
0000
0010
0010
0018
ENDCHAR
STARTCHAR 1F9B
ENCODING 8091
SWIDTH 1080 0
DWIDTH 18 0
BBX 16 16 1 -4
BITMAP
F303
DB03
4303
0303
0303
03FF
03FF
0303
0303
0303
0303
0303
0000
0020
0020
0030
ENDCHAR
STARTCHAR 1F9C
ENCODING 8092
SWIDTH 1080 0
DWIDTH 18 0
BBX 16 16 1 -4
BITMAP
5B03
D303
A303
0303
0303
03FF
03FF
0303
0303
0303
0303
0303
0000
0030
0030
0030
ENDCHAR
STARTCHAR 1F9D
ENCODING 8093
SWIDTH 1080 0
DWIDTH 18 0
BBX 16 16 1 -4
BITMAP
DB03
D303
4303
0303
0303
03FF
03FF
0303
0303
0303
0303
0303
0000
0030
0030
0018
ENDCHAR
STARTCHAR 1F9E
ENCODING 8094
SWIDTH 1020 0
DWIDTH 17 0
BBX 15 18 1 -4
BITMAP
E800
9000
2606
2606
6606
0606
0606
07FE
07FE
0606
0606
0606
0606
0606
0000
0040
0040
0060
ENDCHAR
STARTCHAR 1F9F
ENCODING 8095
SWIDTH 1020 0
DWIDTH 17 0
BBX 15 18 1 -4
BITMAP
E800
9000
2606
2606
1606
0606
0606
07FE
07FE
0606
0606
0606
0606
0606
0000
0060
0060
0060
ENDCHAR
STARTCHAR 1FA0
ENCODING 8096
SWIDTH 900 0
DWIDTH 15 0
BBX 13 17 1 -4
BITMAP
0300
0300
0200
0000
7030
6030
E738
E718
E718
E718
6738
7FF0
3DE0
0000
0200
0200
0300
ENDCHAR
STARTCHAR 1FA1
ENCODING 8097
SWIDTH 900 0
DWIDTH 15 0
BBX 13 17 1 -4
BITMAP
0600
0200
0200
0000
7030
6030
E738
E718
E718
E718
6738
7FF0
3DE0
0000
0200
0200
0300
ENDCHAR
STARTCHAR 1FA2
ENCODING 8098
SWIDTH 900 0
DWIDTH 15 0
BBX 13 17 1 -4
BITMAP
0F80
0C80
0800
0000
7030
6030
E738
E718
E718
E718
6738
7FF0
3DE0
0000
0200
0200
0300
ENDCHAR
STARTCHAR 1FA3
ENCODING 8099
SWIDTH 900 0
DWIDTH 15 0
BBX 13 17 1 -4
BITMAP
0B00
0D00
0480
0000
7030
6030
E738
E718
E718
E718
6738
7FF0
3DE0
0000
0200
0200
0300
ENDCHAR
STARTCHAR 1FA4
ENCODING 8100
SWIDTH 900 0
DWIDTH 15 0
BBX 13 17 1 -4
BITMAP
06C0
0700
0400
0000
7030
6030
E738
E718
E718
E718
6738
7FF0
3DE0
0000
0200
0200
0300
ENDCHAR
STARTCHAR 1FA5
ENCODING 8101
SWIDTH 900 0
DWIDTH 15 0
BBX 13 17 1 -4
BITMAP
0CC0
0500
0400
0000
7030
6030
E738
E718
E718
E718
6738
7FF0
3DE0
0000
0200
0200
0300
ENDCHAR
STARTCHAR 1FA6
ENCODING 8102
SWIDTH 900 0
DWIDTH 15 0
BBX 13 19 1 -4
BITMAP
0680
0980
0300
0300
0200
0000
7030
6030
E738
E718
E718
E718
6738
7FF0
3DE0
0000
0200
0200
0300
ENDCHAR
STARTCHAR 1FA7
ENCODING 8103
SWIDTH 900 0
DWIDTH 15 0
BBX 13 19 1 -4
BITMAP
0E80
0900
0200
0200
0100
0000
7030
6030
E738
E718
E718
E718
6738
7FF0
3DE0
0000
0200
0200
0300
ENDCHAR
STARTCHAR 1FA8
ENCODING 8104
SWIDTH 840 0
DWIDTH 14 0
BBX 13 17 0 -4
BITMAP
0100
CFE0
9FF0
B830
3038
3018
7018
3018
3038
3830
1CE0
7CF8
7CF8
0000
0100
0100
0180
ENDCHAR
STARTCHAR 1FA9
ENCODING 8105
SWIDTH 900 0
DWIDTH 15 0
BBX 14 17 0 -4
BITMAP
0180
C7E0
6FF0
5C38
1818
381C
381C
381C
1818
1C38
0E70
3E7C
3E7C
0000
0180
0180
00C0
ENDCHAR
STARTCHAR 1FAA
ENCODING 8106
SWIDTH 1020 0
DWIDTH 17 0
BBX 16 17 0 -4
BITMAP
2020
D1FC
CBDE
8307
0703
0603
0603
0603
0703
0307
018E
07CF
07CF
0000
0020
0020
0030
ENDCHAR
STARTCHAR 1FAB
ENCODING 8107
SWIDTH 1020 0
DWIDTH 17 0
BBX 16 17 0 -4
BITMAP
0060
B1FC
93FE
4F0E
0607
0E03
0E03
0E07
0606
0706
039C
0F9F
0F9F
0000
0060
0060
0030
ENDCHAR
STARTCHAR 1FAC
ENCODING 8108
SWIDTH 960 0
DWIDTH 16 0
BBX 16 17 0 -4
BITMAP
0840
D3F8
F7BC
860E
0E06
0C06
0C07
0C06
0E06
060E
039C
0F9F
0F9F
0000
0060
0060
0060
ENDCHAR
STARTCHAR 1FAD
ENCODING 8109
SWIDTH 1020 0
DWIDTH 17 0
BBX 16 17 0 -4
BITMAP
0060
99F8
93FC
670E
0607
0E07
0E03
0E07
0606
070E
039C
0F9F
0F9F
0000
0060
0060
0030
ENDCHAR
STARTCHAR 1FAE
ENCODING 8110
SWIDTH 960 0
DWIDTH 16 0
BBX 15 18 0 -4
BITMAP
D800
B0C0
23F0
67FC
4E1C
0C0E
1C0E
1C06
1C0E
0C0C
0E0C
0738
1F3E
1F3E
0000
00C0
00C0
0060
ENDCHAR
STARTCHAR 1FAF
ENCODING 8111
SWIDTH 960 0
DWIDTH 16 0
BBX 15 18 0 -4
BITMAP
D800
B040
23F8
27FC
2E0C
0C0E
0C06
0C06
0C06
0C0E
0E0C
0718
0F3E
0F3E
0000
0040
0040
0060
ENDCHAR
STARTCHAR 1FB0
ENCODING 8112
SWIDTH 660 0
DWIDTH 11 0
BBX 9 12 1 0
BITMAP
6600
3C00
0000
7D80
E780
C380
C300
C300
C300
C380
7F80
3D80
ENDCHAR
STARTCHAR 1FB1
ENCODING 8113
SWIDTH 660 0
DWIDTH 11 0
BBX 9 12 1 0
BITMAP
7E00
0000
0000
7D80
E780
C380
C300
C300
C300
C380
7F80
3D80
ENDCHAR
STARTCHAR 1FB2
ENCODING 8114
SWIDTH 660 0
DWIDTH 11 0
BBX 9 17 1 -4
BITMAP
3000
1800
0800
0000
7D80
E780
C380
C300
C300
C300
C380
7F80
3D80
0000
1800
1800
1800
ENDCHAR
STARTCHAR 1FB3
ENCODING 8115
SWIDTH 660 0
DWIDTH 11 0
BBX 9 13 1 -4
BITMAP
7D80
E780
C380
C300
C300
C300
C380
7F80
3D80
0000
1800
1800
1800
ENDCHAR
STARTCHAR 1FB4
ENCODING 8116
SWIDTH 660 0
DWIDTH 11 0
BBX 9 17 1 -4
BITMAP
0E00
0800
1800
0000
7D80
E780
C380
C300
C300
C300
C380
7F80
3D80
0000
1800
1800
1800
ENDCHAR
STARTCHAR 1FB6
ENCODING 8118
SWIDTH 660 0
DWIDTH 11 0
BBX 9 14 1 0
BITMAP
3200
7E00
4400
0000
0000
7D80
E780
C380
C300
C300
C300
C380
7F80
3D80
ENDCHAR
STARTCHAR 1FB7
ENCODING 8119
SWIDTH 660 0
DWIDTH 11 0
BBX 9 18 1 -4
BITMAP
3200
7E00
4400
0000
0000
7D80
E780
C380
C300
C300
C300
C380
7F80
3D80
0000
1800
1800
1800
ENDCHAR
STARTCHAR 1FB8
ENCODING 8120
SWIDTH 720 0
DWIDTH 12 0
BBX 12 15 0 0
BITMAP
1980
0F00
0000
0F00
0F00
0F80
1D80
1980
19C0
38C0
3FC0
3FE0
7060
6060
E070
ENDCHAR
STARTCHAR 1FB9
ENCODING 8121
SWIDTH 720 0
DWIDTH 12 0
BBX 12 15 0 0
BITMAP
1F80
0000
0000
0F00
0F00
0F80
1D80
1980
19C0
38C0
3FC0
3FE0
7060
6060
E070
ENDCHAR
STARTCHAR 1FBA
ENCODING 8122
SWIDTH 720 0
DWIDTH 12 0
BBX 12 12 0 0
BITMAP
6F00
2F00
1F80
1D80
1980
19C0
38C0
3FC0
3FE0
7060
6060
E070
ENDCHAR
STARTCHAR 1FBB
ENCODING 8123
SWIDTH 720 0
DWIDTH 12 0
BBX 12 13 0 0
BITMAP
3800
2F00
6F00
0F80
1D80
1980
19C0
38C0
3FC0
3FE0
7060
6060
E070
ENDCHAR
STARTCHAR 1FBC
ENCODING 8124
SWIDTH 720 0
DWIDTH 12 0
BBX 12 16 0 -4
BITMAP
0F00
0F00
0F80
1D80
1980
19C0
38C0
3FC0
3FE0
7060
6060
E070
0000
0600
0600
0300
ENDCHAR
STARTCHAR 1FBD
ENCODING 8125
SWIDTH 240 0
DWIDTH 4 0
BBX 2 3 1 9
BITMAP
40
C0
80
ENDCHAR
STARTCHAR 1FBE
ENCODING 8126
SWIDTH 300 0
DWIDTH 5 0
BBX 3 3 1 -4
BITMAP
C0
C0
60
ENDCHAR
STARTCHAR 1FBF
ENCODING 8127
SWIDTH 240 0
DWIDTH 4 0
BBX 2 3 1 9
BITMAP
40
C0
80
ENDCHAR
STARTCHAR 1FC0
ENCODING 8128
SWIDTH 480 0
DWIDTH 8 0
BBX 6 3 1 11
BITMAP
64
FC
88
ENDCHAR
STARTCHAR 1FC1
ENCODING 8129
SWIDTH 480 0
DWIDTH 8 0
BBX 6 4 1 10
BITMAP
78
00
CC
CC
ENDCHAR
STARTCHAR 1FC2
ENCODING 8130
SWIDTH 600 0
DWIDTH 10 0
BBX 8 17 1 -4
BITMAP
30
18
08
00
DE
F7
E3
C3
C3
C3
C3
C3
C3
03
43
43
60
ENDCHAR
STARTCHAR 1FC3
ENCODING 8131
SWIDTH 600 0
DWIDTH 10 0
BBX 8 13 1 -4
BITMAP
DE
F7
E3
C3
C3
C3
C3
C3
C3
03
43
43
60
ENDCHAR
STARTCHAR 1FC4
ENCODING 8132
SWIDTH 600 0
DWIDTH 10 0
BBX 8 17 1 -4
BITMAP
0E
08
08
00
DE
F7
E3
C3
C3
C3
C3
C3
C3
03
43
43
60
ENDCHAR
STARTCHAR 1FC6
ENCODING 8134
SWIDTH 600 0
DWIDTH 10 0
BBX 8 17 1 -3
BITMAP
32
7E
44
00
00
DE
F7
E3
C3
C3
C3
C3
C3
C3
03
03
03
ENDCHAR
STARTCHAR 1FC7
ENCODING 8135
SWIDTH 600 0
DWIDTH 10 0
BBX 8 18 1 -4
BITMAP
32
7E
44
00
00
DE
F7
E3
C3
C3
C3
C3
C3
C3
03
43
43
60
ENDCHAR
STARTCHAR 1FC8
ENCODING 8136
SWIDTH 780 0
DWIDTH 13 0
BBX 11 12 1 0
BITMAP
DFE0
5FE0
3C00
1C00
1C00
1FE0
1FE0
1C00
1C00
1C00
1FE0
1FE0
ENDCHAR
STARTCHAR 1FC9
ENCODING 8137
SWIDTH 780 0
DWIDTH 13 0
BBX 11 13 1 0
BITMAP
6000
DFE0
9FE0
1800
1800
1800
1FE0
1FE0
1800
1800
1800
1FE0
1FE0
ENDCHAR
STARTCHAR 1FCA
ENCODING 8138
SWIDTH 960 0
DWIDTH 16 0
BBX 14 12 1 0
BITMAP
CC0C
4C0C
2C0C
0C0C
0C0C
0FFC
0FFC
0C0C
0C0C
0C0C
0C0C
0C0C
ENDCHAR
STARTCHAR 1FCB
ENCODING 8139
SWIDTH 960 0
DWIDTH 16 0
BBX 14 13 1 0
BITMAP
7000
5C1C
DC1C
1C1C
1C1C
1C1C
1FFC
1FFC
1C1C
1C1C
1C1C
1C1C
1C1C
ENDCHAR
STARTCHAR 1FCC
ENCODING 8140
SWIDTH 780 0
DWIDTH 13 0
BBX 10 16 1 -4
BITMAP
C0C0
C0C0
C0C0
C0C0
C0C0
FFC0
FFC0
C0C0
C0C0
C0C0
C0C0
C0C0
0000
0400
0400
0600
ENDCHAR
STARTCHAR 1FCD
ENCODING 8141
SWIDTH 480 0
DWIDTH 8 0
BBX 6 3 1 9
BITMAP
78
48
84
ENDCHAR
STARTCHAR 1FCE
ENCODING 8142
SWIDTH 480 0
DWIDTH 8 0
BBX 6 3 1 9
BITMAP
6C
D0
40
ENDCHAR
STARTCHAR 1FCF
ENCODING 8143
SWIDTH 360 0
DWIDTH 6 0
BBX 5 5 1 9
BITMAP
F8
B0
20
20
40
ENDCHAR
STARTCHAR 1FD0
ENCODING 8144
SWIDTH 300 0
DWIDTH 5 0
BBX 6 12 -1 0
BITMAP
EC
38
00
30
30
30
30
30
30
30
3C
1C
ENDCHAR
STARTCHAR 1FD1
ENCODING 8145
SWIDTH 300 0
DWIDTH 5 0
BBX 6 12 -1 0
BITMAP
FC
00
00
30
30
30
30
30
30
30
3C
1C
ENDCHAR
STARTCHAR 1FD2
ENCODING 8146
SWIDTH 300 0
DWIDTH 5 0
BBX 6 15 -1 0
BITMAP
60
30
CC
CC
00
00
30
30
30
30
30
30
30
3C
1C
ENDCHAR
STARTCHAR 1FD3
ENCODING 8147
SWIDTH 300 0
DWIDTH 5 0
BBX 7 15 -1 0
BITMAP
18
10
EE
CC
00
00
30
30
30
30
30
30
30
3C
1C
ENDCHAR
STARTCHAR 1FD6
ENCODING 8150
SWIDTH 300 0
DWIDTH 5 0
BBX 6 14 -1 0
BITMAP
64
FC
C8
00
00
30
30
30
30
30
30
30
3C
1C
ENDCHAR
STARTCHAR 1FD7
ENCODING 8151
SWIDTH 300 0
DWIDTH 5 0
BBX 6 15 -1 0
BITMAP
7C
00
EC
CC
00
00
30
30
30
30
30
30
30
3C
1C
ENDCHAR
STARTCHAR 1FD8
ENCODING 8152
SWIDTH 300 0
DWIDTH 5 0
BBX 5 15 0 0
BITMAP
D8
70
00
60
60
60
60
60
60
60
60
60
60
60
60
ENDCHAR
STARTCHAR 1FD9
ENCODING 8153
SWIDTH 300 0
DWIDTH 5 0
BBX 6 15 -1 0
BITMAP
FC
00
00
30
30
30
30
30
30
30
30
30
30
30
30
ENDCHAR
STARTCHAR 1FDA
ENCODING 8154
SWIDTH 480 0
DWIDTH 8 0
BBX 6 12 1 0
BITMAP
DC
5C
3C
1C
1C
1C
1C
1C
1C
1C
1C
1C
ENDCHAR
STARTCHAR 1FDB
ENCODING 8155
SWIDTH 420 0
DWIDTH 7 0
BBX 5 13 1 0
BITMAP
70
58
D8
18
18
18
18
18
18
18
18
18
18
ENDCHAR
STARTCHAR 1FDD
ENCODING 8157
SWIDTH 420 0
DWIDTH 7 0
BBX 5 3 1 9
BITMAP
F0
C8
40
ENDCHAR
STARTCHAR 1FDE
ENCODING 8158
SWIDTH 480 0
DWIDTH 8 0
BBX 6 3 1 9
BITMAP
CC
70
40
ENDCHAR
STARTCHAR 1FDF
ENCODING 8159
SWIDTH 360 0
DWIDTH 6 0
BBX 5 5 1 9
BITMAP
F8
B0
20
20
30
ENDCHAR
STARTCHAR 1FE0
ENCODING 8160
SWIDTH 600 0
DWIDTH 10 0
BBX 8 12 1 0
BITMAP
6E
3C
00
C6
C7
C3
C3
C3
C3
C7
7E
7C
ENDCHAR
STARTCHAR 1FE1
ENCODING 8161
SWIDTH 600 0
DWIDTH 10 0
BBX 8 12 1 0
BITMAP
7E
00
00
C6
C7
C3
C3
C3
C3
C7
7E
7C
ENDCHAR
STARTCHAR 1FE2
ENCODING 8162
SWIDTH 600 0
DWIDTH 10 0
BBX 8 15 1 0
BITMAP
30
10
6E
66
00
00
C6
C7
C3
C3
C3
C3
C7
7E
7C
ENDCHAR
STARTCHAR 1FE3
ENCODING 8163
SWIDTH 600 0
DWIDTH 10 0
BBX 8 15 1 0
BITMAP
0C
18
66
66
00
00
C6
C7
C3
C3
C3
C3
C7
7E
7C
ENDCHAR
STARTCHAR 1FE4
ENCODING 8164
SWIDTH 600 0
DWIDTH 10 0
BBX 8 16 1 -3
BITMAP
08
18
08
00
3E
7E
E3
C3
C3
C3
E3
FF
DE
C0
C0
C0
ENDCHAR
STARTCHAR 1FE5
ENCODING 8165
SWIDTH 600 0
DWIDTH 10 0
BBX 8 16 1 -3
BITMAP
10
18
08
00
3E
7E
E3
C3
C3
C3
E3
FF
DE
C0
C0
C0
ENDCHAR
STARTCHAR 1FE6
ENCODING 8166
SWIDTH 600 0
DWIDTH 10 0
BBX 8 14 1 0
BITMAP
32
7E
48
00
00
C6
C7
C3
C3
C3
C3
C7
7E
7C
ENDCHAR
STARTCHAR 1FE7
ENCODING 8167
SWIDTH 600 0
DWIDTH 10 0
BBX 8 15 1 0
BITMAP
7C
00
66
66
00
00
C6
C7
C3
C3
C3
C3
C7
7E
7C
ENDCHAR
STARTCHAR 1FE8
ENCODING 8168
SWIDTH 720 0
DWIDTH 12 0
BBX 12 15 0 0
BITMAP
1980
0F00
8010
6060
70E0
31C0
1980
1F80
0F00
0F00
0600
0600
0600
0600
0600
ENDCHAR
STARTCHAR 1FE9
ENCODING 8169
SWIDTH 720 0
DWIDTH 12 0
BBX 12 15 0 0
BITMAP
1F80
0000
8010
6060
70E0
31C0
1980
1F80
0F00
0F00
0600
0600
0600
0600
0600
ENDCHAR
STARTCHAR 1FEA
ENCODING 8170
SWIDTH 900 0
DWIDTH 15 0
BBX 13 12 1 0
BITMAP
F838
5C30
4C70
0E60
06E0
03C0
0380
0180
0180
0180
0180
0180
ENDCHAR
STARTCHAR 1FEB
ENCODING 8171
SWIDTH 900 0
DWIDTH 15 0
BBX 14 13 0 0
BITMAP
6000
DC1C
8E18
0638
0730
0360
03E0
01C0
00C0
00C0
00C0
00C0
00C0
ENDCHAR
STARTCHAR 1FEC
ENCODING 8172
SWIDTH 780 0
DWIDTH 13 0
BBX 12 12 1 0
BITMAP
9FC0
D9E0
5860
1870
1860
1860
1FE0
1F80
1800
1800
1800
1800
ENDCHAR
STARTCHAR 1FED
ENCODING 8173
SWIDTH 480 0
DWIDTH 8 0
BBX 6 4 1 10
BITMAP
60
30
CC
CC
ENDCHAR
STARTCHAR 1FEE
ENCODING 8174
SWIDTH 480 0
DWIDTH 8 0
BBX 6 4 1 10
BITMAP
18
30
CC
CC
ENDCHAR
STARTCHAR 1FEF
ENCODING 8175
SWIDTH 300 0
DWIDTH 5 0
BBX 3 3 1 9
BITMAP
C0
60
20
ENDCHAR
STARTCHAR 1FF2
ENCODING 8178
SWIDTH 900 0
DWIDTH 15 0
BBX 13 17 1 -4
BITMAP
0600
0200
0200
0000
7030
6030
E738
E718
E718
E718
6738
7FF0
3DE0
0000
0200
0200
0300
ENDCHAR
STARTCHAR 1FF3
ENCODING 8179
SWIDTH 900 0
DWIDTH 15 0
BBX 13 13 1 -4
BITMAP
7030
6030
E738
E718
E718
E718
6738
7FF0
3DE0
0000
0200
0200
0300
ENDCHAR
STARTCHAR 1FF4
ENCODING 8180
SWIDTH 900 0
DWIDTH 15 0
BBX 13 17 1 -4
BITMAP
0180
0300
0200
0000
7030
6030
E738
E718
E718
E718
6738
7FF0
3DE0
0000
0200
0200
0300
ENDCHAR
STARTCHAR 1FF6
ENCODING 8182
SWIDTH 900 0
DWIDTH 15 0
BBX 13 14 1 0
BITMAP
04C0
0F80
1900
0000
0000
7030
6030
E738
E718
E718
E718
6738
7FF0
3DE0
ENDCHAR
STARTCHAR 1FF7
ENCODING 8183
SWIDTH 900 0
DWIDTH 15 0
BBX 13 18 1 -4
BITMAP
04C0
0F80
1900
0000
0000
7030
6030
E738
E718
E718
E718
6738
7FF0
3DE0
0000
0200
0200
0300
ENDCHAR
STARTCHAR 1FF8
ENCODING 8184
SWIDTH 840 0
DWIDTH 14 0
BBX 14 13 0 0
BITMAP
0080
C7E0
4FF8
3C18
181C
181C
380C
380C
181C
1818
1C38
0FF0
07E0
ENDCHAR
STARTCHAR 1FF9
ENCODING 8185
SWIDTH 780 0
DWIDTH 13 0
BBX 12 13 1 0
BITMAP
E600
9F80
BFC0
70E0
6060
E070
E070
E070
E070
6060
70E0
3FC0
1F80
ENDCHAR
STARTCHAR 1FFA
ENCODING 8186
SWIDTH 900 0
DWIDTH 15 0
BBX 14 13 0 0
BITMAP
0180
C7E0
4FF8
3C38
181C
381C
380C
381C
1818
1C18
0E70
3E7C
3E7C
ENDCHAR
STARTCHAR 1FFB
ENCODING 8187
SWIDTH 840 0
DWIDTH 14 0
BBX 13 13 0 0
BITMAP
6100
4FE0
DEF0
3830
3038
3018
3018
3018
3038
1830
1C60
3CF8
3CF8
ENDCHAR
STARTCHAR 1FFC
ENCODING 8188
SWIDTH 780 0
DWIDTH 13 0
BBX 11 17 1 -4
BITMAP
0400
3F80
7BC0
E0E0
E060
C060
C060
C060
E060
60C0
31C0
F9E0
F9E0
0000
0400
0400
0600
ENDCHAR
STARTCHAR 1FFD
ENCODING 8189
SWIDTH 300 0
DWIDTH 5 0
BBX 3 3 2 10
BITMAP
E0
C0
80
ENDCHAR
STARTCHAR 1FFE
ENCODING 8190
SWIDTH 300 0
DWIDTH 5 0
BBX 3 3 1 9
BITMAP
C0
60
40
ENDCHAR
STARTCHAR 2000
ENCODING 8192
SWIDTH 600 0
DWIDTH 10 0
BBX 0 0 0 0
BITMAP
ENDCHAR
STARTCHAR 2001
ENCODING 8193
SWIDTH 1140 0
DWIDTH 19 0
BBX 0 0 0 0
BITMAP
ENDCHAR
STARTCHAR 2002
ENCODING 8194
SWIDTH 540 0
DWIDTH 9 0
BBX 0 0 0 0
BITMAP
ENDCHAR
STARTCHAR 2003
ENCODING 8195
SWIDTH 1020 0
DWIDTH 17 0
BBX 0 0 0 0
BITMAP
ENDCHAR
STARTCHAR 2004
ENCODING 8196
SWIDTH 360 0
DWIDTH 6 0
BBX 0 0 0 0
BITMAP
ENDCHAR
STARTCHAR 2005
ENCODING 8197
SWIDTH 240 0
DWIDTH 4 0
BBX 0 0 0 0
BITMAP
ENDCHAR
STARTCHAR 2006
ENCODING 8198
SWIDTH 180 0
DWIDTH 3 0
BBX 0 0 0 0
BITMAP
ENDCHAR
STARTCHAR 2007
ENCODING 8199
SWIDTH 660 0
DWIDTH 11 0
BBX 0 0 0 0
BITMAP
ENDCHAR
STARTCHAR 2008
ENCODING 8200
SWIDTH 300 0
DWIDTH 5 0
BBX 0 0 0 0
BITMAP
ENDCHAR
STARTCHAR 2009
ENCODING 8201
SWIDTH 180 0
DWIDTH 3 0
BBX 0 0 0 0
BITMAP
ENDCHAR
STARTCHAR 200A
ENCODING 8202
SWIDTH 60 0
DWIDTH 1 0
BBX 0 0 0 0
BITMAP
ENDCHAR
STARTCHAR 200B
ENCODING 8203
SWIDTH 0 0
DWIDTH 0 0
BBX 0 0 0 0
BITMAP
ENDCHAR
STARTCHAR 2010
ENCODING 8208
SWIDTH 420 0
DWIDTH 7 0
BBX 6 2 1 4
BITMAP
FC
FC
ENDCHAR
STARTCHAR 2011
ENCODING 8209
SWIDTH 420 0
DWIDTH 7 0
BBX 6 2 1 4
BITMAP
FC
FC
ENDCHAR
STARTCHAR 2012
ENCODING 8210
SWIDTH 660 0
DWIDTH 11 0
BBX 11 2 0 4
BITMAP
FFE0
FFE0
ENDCHAR
STARTCHAR 2013
ENCODING 8211
SWIDTH 540 0
DWIDTH 9 0
BBX 9 2 0 4
BITMAP
FF80
FF80
ENDCHAR
STARTCHAR 2014
ENCODING 8212
SWIDTH 1020 0
DWIDTH 17 0
BBX 17 2 0 4
BITMAP
FFFF80
FFFF80
ENDCHAR
STARTCHAR 2015
ENCODING 8213
SWIDTH 1020 0
DWIDTH 17 0
BBX 17 2 0 4
BITMAP
FFFF80
FFFF80
ENDCHAR
STARTCHAR 2016
ENCODING 8214
SWIDTH 480 0
DWIDTH 8 0
BBX 5 20 2 -4
BITMAP
F8
F8
F8
F8
F8
F8
F8
F8
F8
F8
F8
F8
F8
F8
F8
F8
F8
F8
F8
F8
ENDCHAR
STARTCHAR 2017
ENCODING 8215
SWIDTH 480 0
DWIDTH 8 0
BBX 8 3 0 -3
BITMAP
FF
00
FF
ENDCHAR
STARTCHAR 2018
ENCODING 8216
SWIDTH 240 0
DWIDTH 4 0
BBX 2 4 1 9
BITMAP
40
C0
C0
C0
ENDCHAR
STARTCHAR 2019
ENCODING 8217
SWIDTH 240 0
DWIDTH 4 0
BBX 3 4 0 8
BITMAP
60
60
60
C0
ENDCHAR
STARTCHAR 201A
ENCODING 8218
SWIDTH 240 0
DWIDTH 4 0
BBX 3 4 0 -3
BITMAP
60
60
60
C0
ENDCHAR
STARTCHAR 201B
ENCODING 8219
SWIDTH 240 0
DWIDTH 4 0
BBX 3 4 1 8
BITMAP
C0
C0
C0
60
ENDCHAR
STARTCHAR 201C
ENCODING 8220
SWIDTH 420 0
DWIDTH 7 0
BBX 6 4 1 9
BITMAP
4C
D8
D8
D8
ENDCHAR
STARTCHAR 201D
ENCODING 8221
SWIDTH 420 0
DWIDTH 7 0
BBX 6 4 0 8
BITMAP
6C
6C
6C
D8
ENDCHAR
STARTCHAR 201E
ENCODING 8222
SWIDTH 420 0
DWIDTH 7 0
BBX 6 4 0 -3
BITMAP
6C
6C
6C
D8
ENDCHAR
STARTCHAR 201F
ENCODING 8223
SWIDTH 480 0
DWIDTH 8 0
BBX 6 4 1 8
BITMAP
D8
D8
48
6C
ENDCHAR
STARTCHAR 2020
ENCODING 8224
SWIDTH 600 0
DWIDTH 10 0
BBX 8 12 1 0
BITMAP
18
18
18
FF
FF
18
18
18
18
18
18
18
ENDCHAR
STARTCHAR 2021
ENCODING 8225
SWIDTH 600 0
DWIDTH 10 0
BBX 8 15 1 -3
BITMAP
18
18
18
FF
FF
18
18
18
18
18
FF
FF
18
18
18
ENDCHAR
STARTCHAR 2022
ENCODING 8226
SWIDTH 480 0
DWIDTH 8 0
BBX 5 6 2 2
BITMAP
20
F0
F8
F8
F0
60
ENDCHAR
STARTCHAR 2023
ENCODING 8227
SWIDTH 480 0
DWIDTH 8 0
BBX 5 6 2 2
BITMAP
80
C0
F0
F8
C0
80
ENDCHAR
STARTCHAR 2024
ENCODING 8228
SWIDTH 300 0
DWIDTH 5 0
BBX 3 3 1 0
BITMAP
40
E0
E0
ENDCHAR
STARTCHAR 2025
ENCODING 8229
SWIDTH 540 0
DWIDTH 9 0
BBX 7 3 1 0
BITMAP
44
E6
E6
ENDCHAR
STARTCHAR 2026
ENCODING 8230
SWIDTH 840 0
DWIDTH 14 0
BBX 12 3 1 0
BITMAP
4420
E670
E660
ENDCHAR
STARTCHAR 2027
ENCODING 8231
SWIDTH 300 0
DWIDTH 5 0
BBX 3 2 1 4
BITMAP
E0
C0
ENDCHAR
STARTCHAR 202F
ENCODING 8239
SWIDTH 180 0
DWIDTH 3 0
BBX 0 0 0 0
BITMAP
ENDCHAR
STARTCHAR 2030
ENCODING 8240
SWIDTH 1080 0
DWIDTH 18 0
BBX 16 13 1 0
BITMAP
3020
7840
CCC0
CC80
4D00
7B00
0600
0400
0DFE
1933
1133
31B3
61FE
ENDCHAR
STARTCHAR 2031
ENCODING 8241
SWIDTH 1320 0
DWIDTH 22 0
BBX 20 13 1 0
BITMAP
302000
784000
CCC000
CC8000
4D0000
7B0000
060000
040000
0DFFE0
193330
113330
31B330
61FFE0
ENDCHAR
STARTCHAR 2032
ENCODING 8242
SWIDTH 240 0
DWIDTH 4 0
BBX 2 4 1 8
BITMAP
C0
C0
C0
C0
ENDCHAR
STARTCHAR 2033
ENCODING 8243
SWIDTH 480 0
DWIDTH 8 0
BBX 6 4 1 8
BITMAP
CC
C8
C8
D8
ENDCHAR
STARTCHAR 2034
ENCODING 8244
SWIDTH 660 0
DWIDTH 11 0
BBX 9 4 1 8
BITMAP
CD80
C980
C980
D900
ENDCHAR
STARTCHAR 2035
ENCODING 8245
SWIDTH 240 0
DWIDTH 4 0
BBX 2 4 1 8
BITMAP
C0
C0
40
40
ENDCHAR
STARTCHAR 2036
ENCODING 8246
SWIDTH 480 0
DWIDTH 8 0
BBX 6 4 1 8
BITMAP
DC
CC
4C
4C
ENDCHAR
STARTCHAR 2037
ENCODING 8247
SWIDTH 660 0
DWIDTH 11 0
BBX 9 4 1 8
BITMAP
DD80
CD80
4D80
4C80
ENDCHAR
STARTCHAR 2038
ENCODING 8248
SWIDTH 540 0
DWIDTH 9 0
BBX 7 4 1 -5
BITMAP
38
68
4C
C6
ENDCHAR
STARTCHAR 2039
ENCODING 8249
SWIDTH 360 0
DWIDTH 6 0
BBX 4 8 1 1
BITMAP
30
30
60
C0
C0
60
30
30
ENDCHAR
STARTCHAR 203A
ENCODING 8250
SWIDTH 360 0
DWIDTH 6 0
BBX 4 8 1 1
BITMAP
C0
60
60
30
30
60
60
C0
ENDCHAR
STARTCHAR 203B
ENCODING 8251
SWIDTH 780 0
DWIDTH 13 0
BBX 11 10 1 1
BITMAP
0400
2E80
3580
3B80
5FC0
EEE0
1F00
3B80
3D80
0E00
ENDCHAR
STARTCHAR 203C
ENCODING 8252
SWIDTH 660 0
DWIDTH 11 0
BBX 8 12 1 0
BITMAP
E3
63
63
63
63
63
63
63
00
42
E3
E3
ENDCHAR
STARTCHAR 203D
ENCODING 8253
SWIDTH 540 0
DWIDTH 9 0
BBX 7 13 1 0
BITMAP
10
7C
EE
C6
36
36
3C
38
30
00
10
38
30
ENDCHAR
STARTCHAR 203E
ENCODING 8254
SWIDTH 540 0
DWIDTH 9 0
BBX 8 2 0 13
BITMAP
FF
FF
ENDCHAR
STARTCHAR 203F
ENCODING 8255
SWIDTH 840 0
DWIDTH 14 0
BBX 13 3 1 -4
BITMAP
C018
FFF0
3FC0
ENDCHAR
STARTCHAR 2040
ENCODING 8256
SWIDTH 840 0
DWIDTH 14 0
BBX 13 3 1 10
BITMAP
1F80
7FF0
C038
ENDCHAR
STARTCHAR 2041
ENCODING 8257
SWIDTH 480 0
DWIDTH 8 0
BBX 6 9 1 -4
BITMAP
0C
0C
18
18
30
70
78
D8
CC
ENDCHAR
STARTCHAR 2042
ENCODING 8258
SWIDTH 780 0
DWIDTH 13 0
BBX 11 10 1 1
BITMAP
0E00
1E00
1F00
1E00
0400
2080
7BC0
FBE0
73C0
6AC0
ENDCHAR
STARTCHAR 2043
ENCODING 8259
SWIDTH 480 0
DWIDTH 8 0
BBX 5 2 2 4
BITMAP
F8
F8
ENDCHAR
STARTCHAR 2044
ENCODING 8260
SWIDTH 300 0
DWIDTH 5 0
BBX 10 12 -3 0
BITMAP
00C0
0080
0100
0300
0600
0400
0C00
1800
1000
3000
6000
C000
ENDCHAR
STARTCHAR 2045
ENCODING 8261
SWIDTH 420 0
DWIDTH 7 0
BBX 4 16 2 -3
BITMAP
F0
F0
C0
C0
C0
C0
C0
F0
F0
C0
C0
C0
C0
C0
F0
F0
ENDCHAR
STARTCHAR 2046
ENCODING 8262
SWIDTH 420 0
DWIDTH 7 0
BBX 5 16 0 -3
BITMAP
F8
F8
18
18
18
18
18
F8
F8
18
18
18
18
18
F8
F8
ENDCHAR
STARTCHAR 2047
ENCODING 8263
SWIDTH 1140 0
DWIDTH 19 0
BBX 17 13 1 0
BITMAP
100800
7E3F00
EE7300
C66380
060380
0E0700
1C0E00
380C00
301C00
000000
100800
381C00
301C00
ENDCHAR
STARTCHAR 2048
ENCODING 8264
SWIDTH 900 0
DWIDTH 15 0
BBX 12 13 1 0
BITMAP
1000
7E30
EE30
C630
0630
0E30
1C30
3830
3030
0000
1020
3830
3030
ENDCHAR
STARTCHAR 2049
ENCODING 8265
SWIDTH 900 0
DWIDTH 15 0
BBX 13 13 1 0
BITMAP
0080
E3F0
6730
6638
6038
6070
60E0
60C0
61C0
0000
4080
E1C0
E1C0
ENDCHAR
STARTCHAR 204A
ENCODING 8266
SWIDTH 540 0
DWIDTH 9 0
BBX 7 12 1 -3
BITMAP
FE
FE
0E
0E
0E
0E
0E
0E
0E
0E
0E
0E
ENDCHAR
STARTCHAR 204B
ENCODING 8267
SWIDTH 600 0
DWIDTH 10 0
BBX 8 12 1 0
BITMAP
FE
CF
CF
CF
CF
CF
CE
C0
C0
C0
C0
C0
ENDCHAR
STARTCHAR 204C
ENCODING 8268
SWIDTH 600 0
DWIDTH 10 0
BBX 8 7 1 1
BITMAP
7F
FB
FB
FB
FB
7F
1F
ENDCHAR
STARTCHAR 204D
ENCODING 8269
SWIDTH 600 0
DWIDTH 10 0
BBX 8 7 1 1
BITMAP
FE
CF
CF
CF
CF
FE
F8
ENDCHAR
STARTCHAR 204E
ENCODING 8270
SWIDTH 540 0
DWIDTH 9 0
BBX 7 7 1 -3
BITMAP
10
D6
7C
3C
F6
10
10
ENDCHAR
STARTCHAR 204F
ENCODING 8271
SWIDTH 300 0
DWIDTH 5 0
BBX 3 12 1 -3
BITMAP
C0
E0
40
00
00
00
00
C0
C0
40
60
60
ENDCHAR
STARTCHAR 2050
ENCODING 8272
SWIDTH 840 0
DWIDTH 14 0
BBX 14 17 0 -4
BITMAP
0FC0
7FF8
E01C
0000
0000
0000
0000
0000
0000
0000
0000
0000
0000
0000
E00C
7FF8
1FE0
ENDCHAR
STARTCHAR 2051
ENCODING 8273
SWIDTH 600 0
DWIDTH 10 0
BBX 7 15 2 -3
BITMAP
10
D6
7C
78
D6
10
10
00
10
D6
7C
38
D6
10
10
ENDCHAR
STARTCHAR 2052
ENCODING 8274
SWIDTH 540 0
DWIDTH 9 0
BBX 7 13 1 -1
BITMAP
06
0C
CC
C8
18
18
10
30
30
6E
66
40
C0
ENDCHAR
STARTCHAR 2053
ENCODING 8275
SWIDTH 780 0
DWIDTH 13 0
BBX 11 4 1 4
BITMAP
2000
FC40
4FE0
03C0
ENDCHAR
STARTCHAR 2054
ENCODING 8276
SWIDTH 840 0
DWIDTH 14 0
BBX 13 3 1 -4
BITMAP
3FC0
FFF0
C018
ENDCHAR
STARTCHAR 2055
ENCODING 8277
SWIDTH 660 0
DWIDTH 11 0
BBX 8 9 2 0
BITMAP
18
5C
FE
7C
FF
3C
FE
5E
18
ENDCHAR
STARTCHAR 2056
ENCODING 8278
SWIDTH 540 0
DWIDTH 9 0
BBX 7 8 1 0
BITMAP
06
06
00
60
E0
00
06
06
ENDCHAR
STARTCHAR 2057
ENCODING 8279
SWIDTH 900 0
DWIDTH 15 0
BBX 13 4 1 8
BITMAP
CD98
C9B0
C9B0
D930
ENDCHAR
STARTCHAR 2058
ENCODING 8280
SWIDTH 660 0
DWIDTH 11 0
BBX 9 8 1 0
BITMAP
0C00
1C00
0000
6180
E180
0000
0C00
1C00
ENDCHAR
STARTCHAR 2059
ENCODING 8281
SWIDTH 600 0
DWIDTH 10 0
BBX 9 8 1 0
BITMAP
C300
E380
0000
1800
1C00
0000
C300
E380
ENDCHAR
STARTCHAR 205A
ENCODING 8282
SWIDTH 240 0
DWIDTH 4 0
BBX 2 11 1 0
BITMAP
C0
C0
00
00
00
00
00
00
00
C0
C0
ENDCHAR
STARTCHAR 205B
ENCODING 8283
SWIDTH 600 0
DWIDTH 10 0
BBX 8 11 1 0
BITMAP
18
1C
00
00
C3
E3
00
00
00
18
1C
ENDCHAR
STARTCHAR 205C
ENCODING 8284
SWIDTH 600 0
DWIDTH 10 0
BBX 9 8 1 0
BITMAP
DB80
D900
1800
FF00
FF00
1800
DB80
DB80
ENDCHAR
STARTCHAR 205D
ENCODING 8285
SWIDTH 240 0
DWIDTH 4 0
BBX 3 11 1 0
BITMAP
C0
E0
00
00
C0
C0
00
00
00
C0
E0
ENDCHAR
STARTCHAR 205E
ENCODING 8286
SWIDTH 240 0
DWIDTH 4 0
BBX 2 11 1 0
BITMAP
C0
C0
00
C0
C0
00
C0
C0
00
C0
C0
ENDCHAR
STARTCHAR 205F
ENCODING 8287
SWIDTH 300 0
DWIDTH 5 0
BBX 0 0 0 0
BITMAP
ENDCHAR
STARTCHAR 2070
ENCODING 8304
SWIDTH 480 0
DWIDTH 8 0
BBX 6 8 1 6
BITMAP
30
F8
CC
8C
8C
8C
DC
78
ENDCHAR
STARTCHAR 2071
ENCODING 8305
SWIDTH 180 0
DWIDTH 3 0
BBX 1 9 1 6
BITMAP
80
80
00
80
80
80
80
80
80
ENDCHAR
STARTCHAR 2074
ENCODING 8308
SWIDTH 480 0
DWIDTH 8 0
BBX 6 8 1 6
BITMAP
18
38
28
48
C8
FC
FC
18
ENDCHAR
STARTCHAR 2075
ENCODING 8309
SWIDTH 420 0
DWIDTH 7 0
BBX 6 8 1 6
BITMAP
F8
F8
C0
B8
4C
0C
D8
70
ENDCHAR
STARTCHAR 2076
ENCODING 8310
SWIDTH 420 0
DWIDTH 7 0
BBX 6 8 1 6
BITMAP
30
F8
CC
B8
CC
8C
DC
78
ENDCHAR
STARTCHAR 2077
ENCODING 8311
SWIDTH 420 0
DWIDTH 7 0
BBX 6 8 0 6
BITMAP
FC
FC
0C
18
18
30
30
60
ENDCHAR
STARTCHAR 2078
ENCODING 8312
SWIDTH 420 0
DWIDTH 7 0
BBX 6 8 1 6
BITMAP
70
F8
8C
F8
F8
8C
CC
78
ENDCHAR
STARTCHAR 2079
ENCODING 8313
SWIDTH 420 0
DWIDTH 7 0
BBX 6 8 1 6
BITMAP
70
F8
8C
8C
FC
0C
F8
70
ENDCHAR
STARTCHAR 207A
ENCODING 8314
SWIDTH 480 0
DWIDTH 8 0
BBX 6 5 1 7
BITMAP
30
30
FC
30
30
ENDCHAR
STARTCHAR 207B
ENCODING 8315
SWIDTH 480 0
DWIDTH 8 0
BBX 6 1 1 9
BITMAP
FC
ENDCHAR
STARTCHAR 207C
ENCODING 8316
SWIDTH 480 0
DWIDTH 8 0
BBX 5 4 1 7
BITMAP
F8
00
F8
F8
ENDCHAR
STARTCHAR 207D
ENCODING 8317
SWIDTH 300 0
DWIDTH 5 0
BBX 3 11 1 4
BITMAP
20
60
40
C0
C0
C0
C0
C0
40
60
20
ENDCHAR
STARTCHAR 207E
ENCODING 8318
SWIDTH 300 0
DWIDTH 5 0
BBX 4 11 0 4
BITMAP
C0
60
60
20
20
30
20
20
60
60
C0
ENDCHAR
STARTCHAR 207F
ENCODING 8319
SWIDTH 420 0
DWIDTH 7 0
BBX 5 6 1 6
BITMAP
F8
C8
88
88
88
88
ENDCHAR
STARTCHAR 2080
ENCODING 8320
SWIDTH 480 0
DWIDTH 8 0
BBX 6 8 1 -2
BITMAP
30
F8
CC
8C
8C
8C
DC
78
ENDCHAR
STARTCHAR 2081
ENCODING 8321
SWIDTH 300 0
DWIDTH 5 0
BBX 3 8 1 -2
BITMAP
60
E0
A0
20
20
20
20
20
ENDCHAR
STARTCHAR 2082
ENCODING 8322
SWIDTH 420 0
DWIDTH 7 0
BBX 6 8 1 -2
BITMAP
70
F8
88
18
38
60
FC
FC
ENDCHAR
STARTCHAR 2083
ENCODING 8323
SWIDTH 420 0
DWIDTH 7 0
BBX 6 8 1 -2
BITMAP
70
F8
8C
38
38
0C
DC
78
ENDCHAR
STARTCHAR 2084
ENCODING 8324
SWIDTH 480 0
DWIDTH 8 0
BBX 6 8 1 -2
BITMAP
18
38
28
48
C8
FC
FC
18
ENDCHAR
STARTCHAR 2085
ENCODING 8325
SWIDTH 420 0
DWIDTH 7 0
BBX 6 8 1 -2
BITMAP
F8
F8
C0
B8
4C
0C
D8
70
ENDCHAR
STARTCHAR 2086
ENCODING 8326
SWIDTH 420 0
DWIDTH 7 0
BBX 6 8 1 -2
BITMAP
30
F8
CC
B8
CC
8C
DC
78
ENDCHAR
STARTCHAR 2087
ENCODING 8327
SWIDTH 420 0
DWIDTH 7 0
BBX 6 8 0 -2
BITMAP
FC
FC
0C
18
18
30
30
60
ENDCHAR
STARTCHAR 2088
ENCODING 8328
SWIDTH 420 0
DWIDTH 7 0
BBX 6 8 1 -2
BITMAP
70
F8
8C
F8
F8
8C
CC
78
ENDCHAR
STARTCHAR 2089
ENCODING 8329
SWIDTH 420 0
DWIDTH 7 0
BBX 6 8 1 -2
BITMAP
70
F8
8C
8C
FC
0C
F8
70
ENDCHAR
STARTCHAR 208A
ENCODING 8330
SWIDTH 480 0
DWIDTH 8 0
BBX 6 5 1 -1
BITMAP
30
30
FC
30
30
ENDCHAR
STARTCHAR 208B
ENCODING 8331
SWIDTH 480 0
DWIDTH 8 0
BBX 6 1 1 1
BITMAP
FC
ENDCHAR
STARTCHAR 208C
ENCODING 8332
SWIDTH 480 0
DWIDTH 8 0
BBX 5 4 1 -1
BITMAP
F8
00
F8
F8
ENDCHAR
STARTCHAR 208D
ENCODING 8333
SWIDTH 300 0
DWIDTH 5 0
BBX 3 11 1 -4
BITMAP
20
60
40
C0
C0
C0
C0
C0
40
60
20
ENDCHAR
STARTCHAR 208E
ENCODING 8334
SWIDTH 300 0
DWIDTH 5 0
BBX 4 11 0 -4
BITMAP
C0
60
60
20
20
30
20
20
60
60
C0
ENDCHAR
STARTCHAR 2090
ENCODING 8336
SWIDTH 420 0
DWIDTH 7 0
BBX 6 6 0 -2
BITMAP
7C
2C
7C
CC
CC
7C
ENDCHAR
STARTCHAR 2091
ENCODING 8337
SWIDTH 420 0
DWIDTH 7 0
BBX 6 6 0 -2
BITMAP
7C
44
FC
C0
6C
38
ENDCHAR
STARTCHAR 2092
ENCODING 8338
SWIDTH 420 0
DWIDTH 7 0
BBX 6 6 0 -2
BITMAP
7C
44
C4
44
6C
38
ENDCHAR
STARTCHAR 2093
ENCODING 8339
SWIDTH 360 0
DWIDTH 6 0
BBX 6 6 0 -2
BITMAP
EC
78
30
38
68
CC
ENDCHAR
STARTCHAR 2094
ENCODING 8340
SWIDTH 480 0
DWIDTH 8 0
BBX 6 7 1 -4
BITMAP
F8
4C
0C
FC
CC
78
30
ENDCHAR
STARTCHAR 2095
ENCODING 8341
SWIDTH 420 0
DWIDTH 7 0
BBX 5 8 1 -2
BITMAP
80
80
F8
C8
88
88
88
88
ENDCHAR
STARTCHAR 2096
ENCODING 8342
SWIDTH 420 0
DWIDTH 7 0
BBX 6 8 1 -2
BITMAP
80
80
98
B0
E0
F0
98
9C
ENDCHAR
STARTCHAR 2097
ENCODING 8343
SWIDTH 180 0
DWIDTH 3 0
BBX 1 8 1 -2
BITMAP
80
80
80
80
80
80
80
80
ENDCHAR
STARTCHAR 2098
ENCODING 8344
SWIDTH 600 0
DWIDTH 10 0
BBX 9 6 1 -2
BITMAP
FF00
9980
9980
9980
9980
9980
ENDCHAR
STARTCHAR 2099
ENCODING 8345
SWIDTH 420 0
DWIDTH 7 0
BBX 5 6 1 -2
BITMAP
F8
C8
88
88
88
88
ENDCHAR
STARTCHAR 209A
ENCODING 8346
SWIDTH 420 0
DWIDTH 7 0
BBX 6 8 1 -4
BITMAP
F8
CC
8C
8C
D8
B8
80
80
ENDCHAR
STARTCHAR 209B
ENCODING 8347
SWIDTH 360 0
DWIDTH 6 0
BBX 6 6 0 -2
BITMAP
7C
40
78
0C
CC
78
ENDCHAR
STARTCHAR 209C
ENCODING 8348
SWIDTH 240 0
DWIDTH 4 0
BBX 4 8 0 -2
BITMAP
60
60
F0
60
60
60
70
30
ENDCHAR
STARTCHAR 20A0
ENCODING 8352
SWIDTH 780 0
DWIDTH 13 0
BBX 11 13 1 0
BITMAP
3C00
7E00
E700
C300
CFE0
CFE0
CC00
EC00
7FC0
0C00
0C00
0FE0
0FE0
ENDCHAR
STARTCHAR 20A1
ENCODING 8353
SWIDTH 780 0
DWIDTH 13 0
BBX 11 16 1 -2
BITMAP
0280
0680
3F80
7FC0
65C0
E5E0
CA00
CA00
CA00
D200
F4E0
74C0
3FC0
3F00
2800
2800
ENDCHAR
STARTCHAR 20A2
ENCODING 8354
SWIDTH 720 0
DWIDTH 12 0
BBX 11 13 1 0
BITMAP
0400
3F80
7BC0
60C0
E0E0
C000
CDC0
CF80
CE00
ECE0
6DC0
3F80
1F00
ENDCHAR
STARTCHAR 20A3
ENCODING 8355
SWIDTH 600 0
DWIDTH 10 0
BBX 10 12 -1 0
BITMAP
3FC0
3FC0
3000
3000
3000
3FC0
3FC0
3000
3000
FC00
3000
3000
ENDCHAR
STARTCHAR 20A4
ENCODING 8356
SWIDTH 660 0
DWIDTH 11 0
BBX 9 13 1 0
BITMAP
0400
3F00
3380
7180
7000
7000
FC00
7000
FC00
3000
7000
FF80
FF80
ENDCHAR
STARTCHAR 20A5
ENCODING 8357
SWIDTH 900 0
DWIDTH 15 0
BBX 13 12 1 -1
BITMAP
0180
0180
DFF0
FFB8
C718
C718
C718
CF18
CF18
CF18
DF18
1000
ENDCHAR
STARTCHAR 20A6
ENCODING 8358
SWIDTH 780 0
DWIDTH 13 0
BBX 13 12 0 0
BITMAP
7070
7870
7870
7C70
FFF8
7670
7370
FFF8
71F0
70F0
7070
7070
ENDCHAR
STARTCHAR 20A7
ENCODING 8359
SWIDTH 1260 0
DWIDTH 21 0
BBX 19 12 1 0
BITMAP
FE0000
FE6000
C76000
C3FFC0
C76E60
CE6C00
FE6F00
C067E0
C060E0
C06C60
C07FE0
C03FC0
ENDCHAR
STARTCHAR 20A8
ENCODING 8360
SWIDTH 1200 0
DWIDTH 20 0
BBX 18 12 1 0
BITMAP
FF0000
C78000
C18000
C19F80
C1B9C0
C3B000
FF1C00
C61F80
C701C0
C330C0
C3BFC0
C1DF80
ENDCHAR
STARTCHAR 20A9
ENCODING 8361
SWIDTH 1020 0
DWIDTH 17 0
BBX 16 12 1 0
BITMAP
C387
C386
C386
FFFF
FFFF
66CC
FFFF
3C6C
3C78
3C78
3C38
1838
ENDCHAR
STARTCHAR 20AA
ENCODING 8362
SWIDTH 900 0
DWIDTH 15 0
BBX 13 9 1 0
BITMAP
FF98
FF98
C198
CD98
CD98
CD98
CC18
CFF8
CFF0
ENDCHAR
STARTCHAR 20AB
ENCODING 8363
SWIDTH 660 0
DWIDTH 11 0
BBX 10 15 1 -3
BITMAP
0380
0FC0
0380
7F80
F780
C380
C380
C380
C380
E380
7F80
7B80
0000
FF00
FF00
ENDCHAR
STARTCHAR 20AC
ENCODING 8364
SWIDTH 720 0
DWIDTH 12 0
BBX 11 13 0 0
BITMAP
0100
0FE0
1EC0
1800
3800
7F80
B000
7F00
FE00
3800
1840
1FC0
07E0
ENDCHAR
STARTCHAR 20AD
ENCODING 8365
SWIDTH 780 0
DWIDTH 13 0
BBX 12 12 1 0
BITMAP
70F0
71C0
7380
7700
FFE0
FFE0
7E00
7B00
7380
71C0
70C0
7070
ENDCHAR
STARTCHAR 20AE
ENCODING 8366
SWIDTH 660 0
DWIDTH 11 0
BBX 10 12 1 0
BITMAP
FFC0
FFC0
1C00
1D00
1E00
3C00
3F00
1C00
3C00
1C00
1C00
1C00
ENDCHAR
STARTCHAR 20AF
ENCODING 8367
SWIDTH 1380 0
DWIDTH 23 0
BBX 21 17 1 -3
BITMAP
1C0000
1E0000
7FC000
7CE000
1C7000
1C31F0
1C33F8
1C3F18
1C3E18
1C3618
FC3618
DC3718
DFE7F8
FFC6F0
000600
000600
000600
ENDCHAR
STARTCHAR 20B0
ENCODING 8368
SWIDTH 720 0
DWIDTH 12 0
BBX 10 17 1 -4
BITMAP
0780
0FC0
0CC0
0CC0
0CC0
0EC0
0780
2780
3700
3F00
7F00
6D80
C580
0180
0980
0780
0300
ENDCHAR
STARTCHAR 20B1
ENCODING 8369
SWIDTH 840 0
DWIDTH 14 0
BBX 12 12 1 0
BITMAP
7F80
73C0
FFF0
FFF0
FFF0
70C0
7F80
7F00
7000
7000
7000
7000
ENDCHAR
STARTCHAR 20B2
ENCODING 8370
SWIDTH 780 0
DWIDTH 13 0
BBX 11 16 1 -2
BITMAP
0400
0400
3F80
7FC0
64C0
E4E0
C400
C400
C7E0
C460
E4E0
74C0
3FC0
1F00
0400
0400
ENDCHAR
STARTCHAR 20B3
ENCODING 8371
SWIDTH 720 0
DWIDTH 12 0
BBX 12 12 0 0
BITMAP
0F00
0F00
0F80
1D80
1980
7FF0
38C0
30C0
7FF0
7060
6060
E070
ENDCHAR
STARTCHAR 20B4
ENCODING 8372
SWIDTH 720 0
DWIDTH 12 0
BBX 10 13 1 0
BITMAP
0C00
3F00
7380
6180
0380
FFC0
0000
FFC0
FFC0
6000
6180
7F80
3F00
ENDCHAR
STARTCHAR 20B5
ENCODING 8373
SWIDTH 780 0
DWIDTH 13 0
BBX 11 16 1 -2
BITMAP
0400
0400
3F80
7FC0
64C0
E4E0
C400
C400
C400
C400
E4E0
74C0
3FC0
1F00
0400
0400
ENDCHAR
STARTCHAR 20B6
ENCODING 8374
SWIDTH 600 0
DWIDTH 10 0
BBX 9 12 1 0
BITMAP
6000
6600
6600
FF80
FF80
6600
6600
6600
6600
6600
6780
6780
ENDCHAR
STARTCHAR 20B7
ENCODING 8375
SWIDTH 720 0
DWIDTH 12 0
BBX 10 13 1 -1
BITMAP
1F80
3FC0
70C0
7000
3800
1F00
0F80
01C0
FEC0
D2C0
FFC0
BF80
9200
ENDCHAR
STARTCHAR 20B8
ENCODING 8376
SWIDTH 660 0
DWIDTH 11 0
BBX 10 12 1 0
BITMAP
FFC0
FFC0
FFC0
FFC0
1C00
1C00
1C00
1C00
1C00
1C00
1C00
1C00
ENDCHAR
STARTCHAR 20B9
ENCODING 8377
SWIDTH 600 0
DWIDTH 10 0
BBX 8 12 1 0
BITMAP
FF
FC
0C
FF
0C
1C
F8
E0
70
38
18
0E
ENDCHAR
STARTCHAR 20BA
ENCODING 8378
SWIDTH 660 0
DWIDTH 11 0
BBX 9 12 1 0
BITMAP
7000
7C00
F800
F400
7C00
F800
F380
7380
7300
7300
7E00
7C00
ENDCHAR
STARTCHAR 20BB
ENCODING 8379
SWIDTH 900 0
DWIDTH 15 0
BBX 13 12 1 0
BITMAP
7800
F800
DC00
FFF0
7FF8
1C18
1ED8
7FF8
3D70
0C00
0F80
0780
ENDCHAR
STARTCHAR 20BC
ENCODING 8380
SWIDTH 780 0
DWIDTH 13 0
BBX 11 9 1 0
BITMAP
0C00
0C00
3F00
7F80
6CC0
ECC0
CCE0
CCE0
CCE0
ENDCHAR
STARTCHAR 20BD
ENCODING 8381
SWIDTH 720 0
DWIDTH 12 0
BBX 11 12 1 0
BITMAP
3F80
33C0
30E0
30E0
30E0
33C0
FF80
3000
FE00
FE00
3000
3000
ENDCHAR
STARTCHAR 20BE
ENCODING 8382
SWIDTH 780 0
DWIDTH 13 0
BBX 11 12 1 0
BITMAP
1A00
1F00
7F80
7AC0
FAC0
DAE0
C000
C000
6000
7000
FFC0
FFC0
ENDCHAR
STARTCHAR 20DB
ENCODING 8411
SWIDTH 0 0
DWIDTH 0 0
BBX 11 3 -11 11
BITMAP
4440
EEE0
66E0
ENDCHAR
STARTCHAR 20DC
ENCODING 8412
SWIDTH 0 0
DWIDTH 0 0
BBX 15 3 -13 11
BITMAP
4444
E6EE
66EC
ENDCHAR
STARTCHAR 20DD
ENCODING 8413
SWIDTH 0 0
DWIDTH 0 0
BBX 23 23 -6 -5
BITMAP
007E00
01FF80
0700E0
0C0070
180018
30000C
20000C
600006
400006
C00002
C00002
C00002
C00002
C00002
400002
600006
600006
30000C
300018
180038
0E0070
0783C0
01FF00
ENDCHAR
STARTCHAR 20DE
ENCODING 8414
SWIDTH 0 0
DWIDTH 0 0
BBX 22 22 -5 -5
BITMAP
FFFFFC
80000C
80000C
80000C
80000C
80000C
80000C
80000C
80000C
80000C
80000C
80000C
80000C
80000C
80000C
80000C
80000C
80000C
80000C
80000C
FFFFFC
FFFFFC
ENDCHAR
STARTCHAR 20E3
ENCODING 8419
SWIDTH 300 0
DWIDTH 5 0
BBX 14 16 -4 -2
BITMAP
7FF0
C018
800C
800C
800C
800C
800C
800C
800C
800C
800C
800C
800C
800C
C018
7FF0
ENDCHAR
STARTCHAR 20E8
ENCODING 8424
SWIDTH 0 0
DWIDTH 0 0
BBX 11 3 -11 -4
BITMAP
4440
EEE0
66E0
ENDCHAR
STARTCHAR 20F0
ENCODING 8432
SWIDTH 0 0
DWIDTH 0 0
BBX 6 7 -8 10
BITMAP
30
B4
FC
70
FC
B4
30
ENDCHAR
STARTCHAR 2100
ENCODING 8448
SWIDTH 1080 0
DWIDTH 18 0
BBX 17 12 0 0
BITMAP
7C0C00
2C1800
7C3000
CC2000
CC6000
7CC000
008F80
010880
031800
020800
040D80
0C0700
ENDCHAR
STARTCHAR 2101
ENCODING 8449
SWIDTH 1020 0
DWIDTH 17 0
BBX 17 12 0 0
BITMAP
7C0C00
2C1800
7C3000
CC2000
CC6000
7CC000
009F00
011800
030F00
020380
041900
0C0F00
ENDCHAR
STARTCHAR 2103
ENCODING 8451
SWIDTH 1200 0
DWIDTH 20 0
BBX 18 13 1 0
BITMAP
000400
783F00
CC7F80
CCE1C0
CCC0C0
78C000
01C000
01C000
00C000
00C0C0
00E1C0
007F80
003F00
ENDCHAR
STARTCHAR 2105
ENCODING 8453
SWIDTH 1080 0
DWIDTH 18 0
BBX 18 12 0 0
BITMAP
7C0C00
441800
C03000
402000
6C6000
38C000
008F80
018CC0
0308C0
0208C0
040D80
0C0700
ENDCHAR
STARTCHAR 2106
ENCODING 8454
SWIDTH 1080 0
DWIDTH 18 0
BBX 18 12 0 0
BITMAP
7C0C00
441800
C03000
402000
6C6000
38C000
008CC0
018CC0
030CC0
020CC0
040FC0
0C06C0
ENDCHAR
STARTCHAR 2109
ENCODING 8457
SWIDTH 1080 0
DWIDTH 18 0
BBX 16 12 1 0
BITMAP
78FF
CCFF
CCC0
CCC0
78C0
00FE
00FE
00C0
00C0
00C0
00C0
00C0
ENDCHAR
STARTCHAR 2113
ENCODING 8467
SWIDTH 540 0
DWIDTH 9 0
BBX 7 13 1 0
BITMAP
08
3E
36
76
76
76
7C
78
F0
70
70
3C
1C
ENDCHAR
STARTCHAR 2116
ENCODING 8470
SWIDTH 1140 0
DWIDTH 19 0
BBX 17 13 1 0
BITMAP
000400
E19F00
E19100
F19180
F19100
D99B00
CD8E00
CD8000
C79F00
C78000
C38000
C18000
C18000
ENDCHAR
STARTCHAR 2117
ENCODING 8471
SWIDTH 660 0
DWIDTH 11 0
BBX 10 10 1 3
BITMAP
0800
3F00
4180
DC80
9280
9CC0
9080
C180
6300
3E00
ENDCHAR
STARTCHAR 211E
ENCODING 8478
SWIDTH 780 0
DWIDTH 13 0
BBX 11 12 1 0
BITMAP
FF00
FF80
C180
C180
C180
FF80
FF60
C7C0
C380
C180
C3C0
C6E0
ENDCHAR
STARTCHAR 211F
ENCODING 8479
SWIDTH 660 0
DWIDTH 11 0
BBX 10 18 1 -3
BITMAP
1C00
0200
0200
FF00
C780
C580
C580
C980
CB80
FF00
CE00
CF00
D300
D380
D1C0
1000
2000
2000
ENDCHAR
STARTCHAR 2120
ENCODING 8480
SWIDTH 660 0
DWIDTH 11 0
BBX 9 4 1 8
BITMAP
ED80
CD80
2E80
EA80
ENDCHAR
STARTCHAR 2121
ENCODING 8481
SWIDTH 720 0
DWIDTH 12 0
BBX 11 4 1 8
BITMAP
EE80
4E80
4880
4EE0
ENDCHAR
STARTCHAR 2122
ENCODING 8482
SWIDTH 660 0
DWIDTH 11 0
BBX 9 4 1 8
BITMAP
ED80
4D80
4A80
4A80
ENDCHAR
STARTCHAR 2123
ENCODING 8483
SWIDTH 780 0
DWIDTH 13 0
BBX 11 18 1 -3
BITMAP
0800
0E00
0200
C6E0
E4C0
6CC0
6DC0
7980
3980
3380
3B00
3B00
3E00
2E00
6E00
4000
C000
C000
ENDCHAR
STARTCHAR 2126
ENCODING 8486
SWIDTH 780 0
DWIDTH 13 0
BBX 11 13 1 0
BITMAP
0400
3F80
7BC0
E0E0
E060
C060
C060
C060
E060
60C0
31C0
F9E0
F9E0
ENDCHAR
STARTCHAR 212A
ENCODING 8490
SWIDTH 720 0
DWIDTH 12 0
BBX 10 12 1 0
BITMAP
C1C0
C380
C700
CE00
DC00
FC00
FC00
EE00
C700
C300
C380
C1C0
ENDCHAR
STARTCHAR 212B
ENCODING 8491
SWIDTH 720 0
DWIDTH 12 0
BBX 12 17 0 0
BITMAP
0600
0900
0900
0600
0000
0F00
0F00
0F80
1D80
1980
19C0
38C0
3FC0
3FE0
7060
6060
E070
ENDCHAR
STARTCHAR 212E
ENCODING 8494
SWIDTH 660 0
DWIDTH 11 0
BBX 9 9 1 0
BITMAP
1E00
6100
4180
C180
FF80
C000
4000
4100
3E00
ENDCHAR
STARTCHAR 2132
ENCODING 8498
SWIDTH 600 0
DWIDTH 10 0
BBX 8 12 1 0
BITMAP
07
07
07
07
07
FF
FF
07
07
07
FF
FF
ENDCHAR
STARTCHAR 213B
ENCODING 8507
SWIDTH 780 0
DWIDTH 13 0
BBX 11 4 1 8
BITMAP
EDA0
8CC0
DCC0
B3A0
ENDCHAR
STARTCHAR 214D
ENCODING 8525
SWIDTH 1080 0
DWIDTH 18 0
BBX 17 12 0 0
BITMAP
180600
380C00
2C0800
7C1000
663000
C26000
004780
00CC80
018F00
010380
030C80
060780
ENDCHAR
STARTCHAR 214F
ENCODING 8527
SWIDTH 1140 0
DWIDTH 19 0
BBX 17 7 1 0
BITMAP
79EF00
7F6F80
6F6D80
6B6D80
79EF00
FFFF80
FFFF80
ENDCHAR
STARTCHAR 2153
ENCODING 8531
SWIDTH 960 0
DWIDTH 16 0
BBX 15 13 1 0
BITMAP
6000
E060
E0C0
6080
6180
6300
6218
047C
0C04
0818
1006
3066
603C
ENDCHAR
STARTCHAR 215A
ENCODING 8538
SWIDTH 1020 0
DWIDTH 17 0
BBX 15 13 1 0
BITMAP
F800
F830
8020
F840
08C0
9880
F10C
033E
0220
043E
0C22
1832
301E
ENDCHAR
STARTCHAR 215B
ENCODING 8539
SWIDTH 960 0
DWIDTH 16 0
BBX 14 13 1 0
BITMAP
6000
E060
E0C0
6080
6100
6300
6238
046C
0C44
0838
106C
3044
607C
ENDCHAR
STARTCHAR 215C
ENCODING 8540
SWIDTH 1020 0
DWIDTH 17 0
BBX 16 13 1 0
BITMAP
6000
F830
1820
3060
18C0
9880
F10C
033E
0232
041C
0C32
1833
301E
ENDCHAR
STARTCHAR 215D
ENCODING 8541
SWIDTH 1020 0
DWIDTH 17 0
BBX 16 13 1 0
BITMAP
F800
F830
8020
F840
08C0
9880
F10C
033E
0232
041C
0C32
1833
301E
ENDCHAR
STARTCHAR 215E
ENCODING 8542
SWIDTH 900 0
DWIDTH 15 0
BBX 15 13 0 0
BITMAP
FC10
FC20
0840
18C0
3080
2100
6318
063C
0466
0C3C
1866
1066
303C
ENDCHAR
STARTCHAR 215F
ENCODING 8543
SWIDTH 600 0
DWIDTH 10 0
BBX 12 13 0 0
BITMAP
3000
7030
B060
3040
3080
3180
3100
0200
0600
0C00
0800
1800
3000
ENDCHAR
STARTCHAR 2160
ENCODING 8544
SWIDTH 300 0
DWIDTH 5 0
BBX 2 12 1 0
BITMAP
C0
C0
C0
C0
C0
C0
C0
C0
C0
C0
C0
C0
ENDCHAR
STARTCHAR 2161
ENCODING 8545
SWIDTH 540 0
DWIDTH 9 0
BBX 7 12 1 0
BITMAP
C6
C6
C6
C6
C6
C6
C6
C6
C6
C6
C6
C6
ENDCHAR
STARTCHAR 2162
ENCODING 8546
SWIDTH 840 0
DWIDTH 14 0
BBX 12 12 1 0
BITMAP
C630
C630
C630
C630
C630
C630
C630
C630
C630
C630
C630
C630
ENDCHAR
STARTCHAR 2163
ENCODING 8547
SWIDTH 1020 0
DWIDTH 17 0
BBX 15 12 1 0
BITMAP
CE06
C60E
C60C
C70C
C31C
C318
C398
C1B8
C1B0
C1F0
C0F0
C0E0
ENDCHAR
STARTCHAR 2164
ENCODING 8548
SWIDTH 720 0
DWIDTH 12 0
BBX 12 12 0 0
BITMAP
E070
7060
7060
30E0
38C0
18C0
19C0
1D80
0D80
0F00
0F00
0700
ENDCHAR
STARTCHAR 2165
ENCODING 8549
SWIDTH 1020 0
DWIDTH 17 0
BBX 15 12 0 0
BITMAP
E076
7066
7066
30E6
38C6
18C6
19C6
1D86
0D86
0F06
0F06
0706
ENDCHAR
STARTCHAR 2166
ENCODING 8550
SWIDTH 1260 0
DWIDTH 21 0
BBX 20 12 0 0
BITMAP
E07630
706630
706630
30E630
38C630
18C630
19C630
1D8630
0D8630
0F0630
0F0630
070630
ENDCHAR
STARTCHAR 2167
ENCODING 8551
SWIDTH 1560 0
DWIDTH 26 0
BBX 23 12 0 0
BITMAP
E071BE
7061BE
7061BE
30E1BE
38C1BE
18C1BE
19C1BE
1D81BE
0D81BE
0F01BE
0F01BE
0701BE
ENDCHAR
STARTCHAR 2168
ENCODING 8552
SWIDTH 960 0
DWIDTH 16 0
BBX 15 12 1 0
BITMAP
CE1E
C718
C338
C3B0
C1E0
C1E0
C1E0
C1F0
C330
C738
C61C
CE0E
ENDCHAR
STARTCHAR 2169
ENCODING 8553
SWIDTH 720 0
DWIDTH 12 0
BBX 11 12 0 0
BITMAP
70E0
30C0
3980
1B80
0F00
0F00
0F00
1F00
1980
39C0
70C0
E0E0
ENDCHAR
STARTCHAR 216A
ENCODING 8554
SWIDTH 960 0
DWIDTH 16 0
BBX 14 12 1 0
BITMAP
E1DC
619C
731C
371C
1E1C
1E1C
1E1C
3E1C
331C
739C
E19C
C1DC
ENDCHAR
STARTCHAR 216B
ENCODING 8555
SWIDTH 1260 0
DWIDTH 21 0
BBX 19 12 1 0
BITMAP
E1DCE0
619CE0
731CE0
371CE0
1E1CE0
1E1CE0
1E1CE0
3E1CE0
331CE0
739CE0
E19CE0
C1DCE0
ENDCHAR
STARTCHAR 216C
ENCODING 8556
SWIDTH 600 0
DWIDTH 10 0
BBX 8 12 1 0
BITMAP
C0
C0
C0
C0
C0
C0
C0
C0
C0
C0
FF
FF
ENDCHAR
STARTCHAR 216D
ENCODING 8557
SWIDTH 780 0
DWIDTH 13 0
BBX 11 13 1 0
BITMAP
0400
3F80
7BC0
60C0
E0E0
C000
C000
C000
C000
E0E0
70C0
3FC0
1F00
ENDCHAR
STARTCHAR 216E
ENCODING 8558
SWIDTH 720 0
DWIDTH 12 0
BBX 10 12 1 0
BITMAP
FF00
FF80
C1C0
C0C0
C0C0
C0C0
C0C0
C0C0
C0C0
C180
FF80
FE00
ENDCHAR
STARTCHAR 216F
ENCODING 8559
SWIDTH 900 0
DWIDTH 15 0
BBX 13 12 1 0
BITMAP
E038
F038
F078
F878
D8F8
D8D8
CCD8
CD98
C798
C718
C718
C318
ENDCHAR
STARTCHAR 2170
ENCODING 8560
SWIDTH 300 0
DWIDTH 5 0
BBX 2 13 1 0
BITMAP
C0
C0
00
00
C0
C0
C0
C0
C0
C0
C0
C0
C0
ENDCHAR
STARTCHAR 2171
ENCODING 8561
SWIDTH 540 0
DWIDTH 9 0
BBX 7 13 1 0
BITMAP
C6
CE
00
00
C6
C6
C6
C6
C6
C6
C6
C6
C6
ENDCHAR
STARTCHAR 2172
ENCODING 8562
SWIDTH 780 0
DWIDTH 13 0
BBX 11 13 1 0
BITMAP
C660
CE60
0000
0000
C660
C660
C660
C660
C660
C660
C660
C660
C660
ENDCHAR
STARTCHAR 2173
ENCODING 8563
SWIDTH 840 0
DWIDTH 14 0
BBX 13 13 1 0
BITMAP
C000
C000
0000
0000
CC38
CE30
C630
C670
C360
C360
C3C0
C1C0
C1C0
ENDCHAR
STARTCHAR 2174
ENCODING 8564
SWIDTH 600 0
DWIDTH 10 0
BBX 9 9 0 0
BITMAP
E180
6380
7300
3300
3300
3600
1E00
1E00
1C00
ENDCHAR
STARTCHAR 2175
ENCODING 8565
SWIDTH 780 0
DWIDTH 13 0
BBX 13 13 0 0
BITMAP
0030
0038
0000
8000
61B0
63B0
7330
3330
3330
3630
1E30
1E30
1C30
ENDCHAR
STARTCHAR 2176
ENCODING 8566
SWIDTH 1140 0
DWIDTH 19 0
BBX 18 13 0 0
BITMAP
001980
0019C0
000000
800000
6199C0
6199C0
7319C0
3319C0
3319C0
3E19C0
1E19C0
1E19C0
0C19C0
ENDCHAR
STARTCHAR 2177
ENCODING 8567
SWIDTH 1380 0
DWIDTH 23 0
BBX 22 13 0 0
BITMAP
00198C
0019CC
000000
800000
6199CC
6199CC
7319CC
3319CC
3319CC
3E19CC
1E19CC
1E19CC
0C19CC
ENDCHAR
STARTCHAR 2178
ENCODING 8568
SWIDTH 840 0
DWIDTH 14 0
BBX 12 13 1 0
BITMAP
C000
C000
0000
0000
CE30
C660
C360
C3C0
C1C0
C3C0
C760
C670
CE30
ENDCHAR
STARTCHAR 2179
ENCODING 8569
SWIDTH 600 0
DWIDTH 10 0
BBX 9 9 0 0
BITMAP
6380
3300
3600
1E00
1C00
1E00
3600
7300
E380
ENDCHAR
STARTCHAR 217A
ENCODING 8570
SWIDTH 840 0
DWIDTH 14 0
BBX 12 13 1 0
BITMAP
0030
0030
0000
0000
C730
6630
6C30
3C30
3830
3C30
6E30
E630
C730
ENDCHAR
STARTCHAR 217B
ENCODING 8571
SWIDTH 1080 0
DWIDTH 18 0
BBX 16 13 1 0
BITMAP
0033
0033
0000
0000
C733
6633
6C33
3C33
3833
3C33
6E33
E633
C733
ENDCHAR
STARTCHAR 217C
ENCODING 8572
SWIDTH 240 0
DWIDTH 4 0
BBX 2 12 1 0
BITMAP
C0
C0
C0
C0
C0
C0
C0
C0
C0
C0
C0
C0
ENDCHAR
STARTCHAR 217D
ENCODING 8573
SWIDTH 600 0
DWIDTH 10 0
BBX 9 9 0 0
BITMAP
3E00
7700
6380
E000
C000
E000
6380
7F00
3E00
ENDCHAR
STARTCHAR 217E
ENCODING 8574
SWIDTH 600 0
DWIDTH 10 0
BBX 8 12 1 0
BITMAP
03
03
03
7F
E7
C3
C3
C3
C3
C3
7F
7B
ENDCHAR
STARTCHAR 217F
ENCODING 8575
SWIDTH 900 0
DWIDTH 15 0
BBX 13 9 1 0
BITMAP
DEF0
FFB8
C718
C318
C318
C318
C318
C318
C318
ENDCHAR
STARTCHAR 2180
ENCODING 8576
SWIDTH 1020 0
DWIDTH 17 0
BBX 14 12 1 0
BITMAP
1FF0
3FF8
739C
638C
E38C
E38C
E38C
E38C
638C
739C
3FF8
1FE0
ENDCHAR
STARTCHAR 2181
ENCODING 8577
SWIDTH 720 0
DWIDTH 12 0
BBX 10 12 1 0
BITMAP
FE00
FF00
C180
FDC0
C4C0
C6C0
C6C0
C4C0
FDC0
C180
FF00
FE00
ENDCHAR
STARTCHAR 2182
ENCODING 8578
SWIDTH 1080 0
DWIDTH 18 0
BBX 16 12 1 0
BITMAP
1FF8
7FFC
6186
CFF6
D993
D99B
D99B
D997
CFF6
618E
7FFC
1FF8
ENDCHAR
STARTCHAR 2183
ENCODING 8579
SWIDTH 720 0
DWIDTH 12 0
BBX 10 12 1 0
BITMAP
3F00
7F80
E180
C1C0
00C0
00C0
00C0
00C0
C1C0
E180
7F80
3F00
ENDCHAR
STARTCHAR 2184
ENCODING 8580
SWIDTH 600 0
DWIDTH 10 0
BBX 8 9 1 0
BITMAP
7C
FE
C6
07
03
07
C6
FE
7C
ENDCHAR
STARTCHAR 2185
ENCODING 8581
SWIDTH 780 0
DWIDTH 13 0
BBX 10 15 1 -3
BITMAP
1F00
3F80
60C0
60C0
E000
E000
E000
6000
60C0
60C0
3FC0
1FC0
00C0
00C0
00C0
ENDCHAR
STARTCHAR 2186
ENCODING 8582
SWIDTH 900 0
DWIDTH 15 0
BBX 13 12 1 0
BITMAP
0700
0700
0700
0700
0700
4710
E738
7770
3FE0
1FC0
0F80
0700
ENDCHAR
STARTCHAR 2187
ENCODING 8583
SWIDTH 720 0
DWIDTH 12 0
BBX 10 12 1 0
BITMAP
FE00
C300
FD80
C6C0
FAC0
CAC0
CAC0
FAC0
C6C0
FD80
C300
FE00
ENDCHAR
STARTCHAR 2188
ENCODING 8584
SWIDTH 1200 0
DWIDTH 20 0
BBX 18 12 1 0
BITMAP
1FFE00
30C300
6FFD80
58C580
DFF6C0
D6DEC0
D6DEC0
DBF6C0
68CD80
67F980
38C700
1FFE00
ENDCHAR
STARTCHAR 2190
ENCODING 8592
SWIDTH 960 0
DWIDTH 16 0
BBX 12 11 2 0
BITMAP
0600
0C00
1800
3000
6000
FFF0
6000
3000
1800
0C00
0600
ENDCHAR
STARTCHAR 2191
ENCODING 8593
SWIDTH 960 0
DWIDTH 16 0
BBX 11 12 3 0
BITMAP
0C00
1E00
3F00
7D80
ECC0
CC60
0C00
0C00
0C00
0C00
0C00
0C00
ENDCHAR
STARTCHAR 2192
ENCODING 8594
SWIDTH 960 0
DWIDTH 16 0
BBX 13 11 2 0
BITMAP
0600
0300
0180
00C0
0060
FFF8
0070
00E0
01C0
0380
0700
ENDCHAR
STARTCHAR 2193
ENCODING 8595
SWIDTH 960 0
DWIDTH 16 0
BBX 11 12 3 0
BITMAP
0C00
0C00
0C00
0C00
0C00
8C40
CCE0
6DC0
3F80
1F00
0E00
0400
ENDCHAR
STARTCHAR 2194
ENCODING 8596
SWIDTH 1380 0
DWIDTH 23 0
BBX 19 11 2 0
BITMAP
040400
0C0E00
180300
300180
6000C0
FFFFE0
6000C0
300180
180300
0C0E00
040400
ENDCHAR
STARTCHAR 2195
ENCODING 8597
SWIDTH 960 0
DWIDTH 16 0
BBX 11 18 3 -4
BITMAP
0C00
1E00
3F00
7F80
EDC0
CCE0
8C40
0C00
0C00
0C00
0C00
8C40
CCE0
6D80
3F00
1E00
0C00
0400
ENDCHAR
STARTCHAR 2196
ENCODING 8598
SWIDTH 960 0
DWIDTH 16 0
BBX 9 9 4 3
BITMAP
FE00
E000
F000
B800
9C00
8E00
8700
8380
0100
ENDCHAR
STARTCHAR 2197
ENCODING 8599
SWIDTH 960 0
DWIDTH 16 0
BBX 10 9 3 3
BITMAP
3FC0
01C0
03C0
06C0
0CC0
18C0
30C0
E0C0
4000
ENDCHAR
STARTCHAR 2198
ENCODING 8600
SWIDTH 960 0
DWIDTH 16 0
BBX 10 9 3 0
BITMAP
C000
60C0
30C0
18C0
0CC0
06C0
03C0
3FC0
3FC0
ENDCHAR
STARTCHAR 2199
ENCODING 8601
SWIDTH 960 0
DWIDTH 16 0
BBX 9 9 4 0
BITMAP
0180
8300
8600
8C00
9800
B000
E000
FE00
FE00
ENDCHAR
STARTCHAR 21A9
ENCODING 8617
SWIDTH 1200 0
DWIDTH 20 0
BBX 16 13 2 0
BITMAP
0018
001E
0407
0C03
1803
3003
6006
FFFE
6000
3000
1800
0C00
0400
ENDCHAR
STARTCHAR 21AA
ENCODING 8618
SWIDTH 1200 0
DWIDTH 20 0
BBX 16 13 2 0
BITMAP
3000
7000
C020
C070
8038
C01C
E00E
7FFF
0006
000C
0018
0070
0020
ENDCHAR
STARTCHAR 21B0
ENCODING 8624
SWIDTH 1020 0
DWIDTH 17 0
BBX 13 13 2 0
BITMAP
1000
3000
7000
FFF8
FFF8
7008
3008
1008
0008
0008
0008
0008
0008
ENDCHAR
STARTCHAR 21B1
ENCODING 8625
SWIDTH 1020 0
DWIDTH 17 0
BBX 13 13 2 0
BITMAP
0040
0060
0070
FFF8
FFF8
8070
8060
8040
8000
8000
8000
8000
8000
ENDCHAR
STARTCHAR 21B3
ENCODING 8627
SWIDTH 1020 0
DWIDTH 17 0
BBX 13 11 2 1
BITMAP
8000
8000
8000
8040
8060
8070
FFF8
0070
0060
0040
0040
ENDCHAR
STARTCHAR 21B4
ENCODING 8628
SWIDTH 900 0
DWIDTH 15 0
BBX 11 12 2 0
BITMAP
FF00
0300
0300
0300
0300
0300
0300
0300
1FE0
07C0
0380
0100
ENDCHAR
STARTCHAR 21B5
ENCODING 8629
SWIDTH 1020 0
DWIDTH 17 0
BBX 13 11 2 1
BITMAP
0008
0008
0008
1008
3008
7008
FFF8
7000
3000
1000
1000
ENDCHAR
STARTCHAR 21BA
ENCODING 8634
SWIDTH 960 0
DWIDTH 16 0
BBX 12 15 2 0
BITMAP
0200
0400
0C00
3F80
1DE0
0C60
0430
0230
0030
C030
C030
6030
70E0
3FC0
0F80
ENDCHAR
STARTCHAR 21BB
ENCODING 8635
SWIDTH 960 0
DWIDTH 16 0
BBX 12 15 2 0
BITMAP
0200
0300
0380
1FC0
3B80
6300
C200
C400
C000
C030
C030
6030
70E0
3FC0
0F80
ENDCHAR
STARTCHAR 21D0
ENCODING 8656
SWIDTH 960 0
DWIDTH 16 0
BBX 12 11 2 0
BITMAP
0600
0C00
1800
3FF0
7FF0
C000
7FF0
3FF0
1800
0C00
0600
ENDCHAR
STARTCHAR 21D2
ENCODING 8658
SWIDTH 960 0
DWIDTH 16 0
BBX 13 11 2 0
BITMAP
0600
0300
0180
FFC0
FFE0
0038
FFF0
FFE0
01C0
0380
0700
ENDCHAR
STARTCHAR 21D4
ENCODING 8660
SWIDTH 1380 0
DWIDTH 23 0
BBX 19 11 2 0
BITMAP
060C00
0C0600
180300
3FFF80
7FFFC0
C00060
7FFFC0
3FFF80
180300
0C0600
060C00
ENDCHAR
STARTCHAR 21DE
ENCODING 8670
SWIDTH 660 0
DWIDTH 11 0
BBX 8 13 1 0
BITMAP
08
1C
3E
7F
98
18
7E
7E
18
7E
18
18
18
ENDCHAR
STARTCHAR 21DF
ENCODING 8671
SWIDTH 660 0
DWIDTH 11 0
BBX 8 12 1 0
BITMAP
18
18
7E
7E
18
7E
7E
18
FF
7E
3C
18
ENDCHAR
STARTCHAR 21E4
ENCODING 8676
SWIDTH 1080 0
DWIDTH 18 0
BBX 14 8 2 2
BITMAP
8200
8600
8E00
9FFC
9FFC
8E00
8600
8200
ENDCHAR
STARTCHAR 21E5
ENCODING 8677
SWIDTH 1080 0
DWIDTH 18 0
BBX 14 8 2 2
BITMAP
010C
018C
01CC
FFEC
FFCC
018C
010C
010C
ENDCHAR
STARTCHAR 21E7
ENCODING 8679
SWIDTH 1080 0
DWIDTH 18 0
BBX 16 13 1 0
BITMAP
0180
03C0
0760
0E30
1C18
380C
7C3E
8C31
0C30
0C30
0C30
0C30
0FF0
ENDCHAR
STARTCHAR 21EA
ENCODING 8682
SWIDTH 1080 0
DWIDTH 18 0
BBX 16 16 1 -3
BITMAP
0180
03C0
0760
0E30
1C18
380C
7C3E
8C31
0C30
0FF0
0FF0
0000
0FF0
0C30
0C30
0FF0
ENDCHAR
STARTCHAR 2202
ENCODING 8706
SWIDTH 660 0
DWIDTH 11 0
BBX 9 13 1 0
BITMAP
3C00
7E00
4700
0300
1980
7F80
7380
E180
E180
E180
6300
7F00
3E00
ENDCHAR
STARTCHAR 2205
ENCODING 8709
SWIDTH 720 0
DWIDTH 12 0
BBX 10 10 1 0
BITMAP
0040
3F80
7F80
E380
C5C0
C8C0
D180
6180
7F00
BE00
ENDCHAR
STARTCHAR 2206
ENCODING 8710
SWIDTH 720 0
DWIDTH 12 0
BBX 12 12 0 0
BITMAP
0F00
0F00
0F80
1D80
1980
19C0
38C0
30C0
30E0
7060
7FE0
FFF0
ENDCHAR
STARTCHAR 220F
ENCODING 8719
SWIDTH 780 0
DWIDTH 13 0
BBX 9 14 2 -2
BITMAP
FF80
FF80
C180
C180
C180
C180
C180
C180
C180
C180
C180
C180
C180
C180
ENDCHAR
STARTCHAR 2211
ENCODING 8721
SWIDTH 720 0
DWIDTH 12 0
BBX 10 14 1 -2
BITMAP
FFC0
FFC0
7000
3800
1800
0C00
0600
0600
0C00
1C00
3800
7000
FFC0
FFC0
ENDCHAR
STARTCHAR 2212
ENCODING 8722
SWIDTH 660 0
DWIDTH 11 0
BBX 8 2 2 4
BITMAP
FF
FF
ENDCHAR
STARTCHAR 221A
ENCODING 8730
SWIDTH 660 0
DWIDTH 11 0
BBX 9 12 1 0
BITMAP
0180
0180
0100
0300
0300
0200
E600
3600
3400
1C00
1C00
1C00
ENDCHAR
STARTCHAR 221E
ENCODING 8734
SWIDTH 960 0
DWIDTH 16 0
BBX 15 7 1 2
BITMAP
3878
7EFC
C7CC
C386
C786
FFFC
7CF8
ENDCHAR
STARTCHAR 222B
ENCODING 8747
SWIDTH 360 0
DWIDTH 6 0
BBX 6 17 0 -4
BITMAP
1C
3C
30
30
30
30
30
30
30
30
30
30
30
30
70
E0
C0
ENDCHAR
STARTCHAR 2248
ENCODING 8776
SWIDTH 660 0
DWIDTH 11 0
BBX 9 8 1 1
BITMAP
2000
7980
CF80
C700
3000
7980
CF80
0700
ENDCHAR
STARTCHAR 2260
ENCODING 8800
SWIDTH 660 0
DWIDTH 11 0
BBX 8 9 2 0
BITMAP
0C
FF
FF
18
18
FF
FF
60
60
ENDCHAR
STARTCHAR 2264
ENCODING 8804
SWIDTH 660 0
DWIDTH 11 0
BBX 8 9 2 1
BITMAP
01
0F
FC
E0
F8
1F
03
00
FF
ENDCHAR
STARTCHAR 2265
ENCODING 8805
SWIDTH 660 0
DWIDTH 11 0
BBX 8 9 2 1
BITMAP
80
F0
7E
07
3F
F0
80
00
FF
ENDCHAR
STARTCHAR 2295
ENCODING 8853
SWIDTH 1440 0
DWIDTH 24 0
BBX 23 23 0 -5
BITMAP
007C00
03FF80
0701E0
0C0070
180018
30000C
60000C
600006
401806
C01802
C01802
C0FF02
C0FF02
C01802
401806
601806
600004
30000C
300018
180038
0E0070
0783C0
01FF00
ENDCHAR
STARTCHAR 2296
ENCODING 8854
SWIDTH 1440 0
DWIDTH 24 0
BBX 23 23 0 -5
BITMAP
007C00
03FF80
0701E0
0C0070
180018
30000C
60000C
600006
400006
C00002
C00002
C0FF02
C0FF02
C00002
400006
600006
600004
30000C
300018
180038
0E0070
0783C0
01FF00
ENDCHAR
STARTCHAR 2297
ENCODING 8855
SWIDTH 1440 0
DWIDTH 24 0
BBX 23 23 0 -5
BITMAP
007C00
03FF80
0701E0
0C0070
180018
30000C
60000C
600006
40C206
C0E702
C07E02
C03C02
C03C02
C07E02
40E706
60C206
600004
30000C
300018
180038
0E0070
0783C0
01FF00
ENDCHAR
STARTCHAR 2303
ENCODING 8963
SWIDTH 840 0
DWIDTH 14 0
BBX 10 6 2 6
BITMAP
0C00
1E00
3700
6380
C1C0
8080
ENDCHAR
STARTCHAR 2305
ENCODING 8965
SWIDTH 840 0
DWIDTH 14 0
BBX 10 9 2 3
BITMAP
FFC0
0000
0000
0C00
1E00
3700
6380
C1C0
8080
ENDCHAR
STARTCHAR 2318
ENCODING 8984
SWIDTH 1020 0
DWIDTH 17 0
BBX 13 13 2 0
BITMAP
2060
F8F0
C998
8998
FFF0
7FE0
0980
0980
7FF0
C998
8998
D998
78F0
ENDCHAR
STARTCHAR 2325
ENCODING 8997
SWIDTH 1020 0
DWIDTH 17 0
BBX 14 12 2 0
BITMAP
F8FC
0C00
0C00
0600
0600
0300
0300
0180
0180
00C0
00FC
007C
ENDCHAR
STARTCHAR 2326
ENCODING 8998
SWIDTH 1260 0
DWIDTH 21 0
BBX 17 12 2 0
BITMAP
FFF000
803800
885C00
9CCE00
8F8700
870380
878380
8DC700
98CE00
801C00
FFF800
FFF000
ENDCHAR
STARTCHAR 2327
ENCODING 8999
SWIDTH 1020 0
DWIDTH 17 0
BBX 15 12 1 0
BITMAP
FFFE
C006
C446
CC66
C6C6
C386
C386
C6C6
CC66
C006
FFFE
FFFE
ENDCHAR
STARTCHAR 232B
ENCODING 9003
SWIDTH 1260 0
DWIDTH 21 0
BBX 18 12 1 0
BITMAP
03FFC0
0600C0
0C84C0
19CCC0
30F8C0
E070C0
7078C0
38DCC0
1D8CC0
0E00C0
07FFC0
03FFC0
ENDCHAR
STARTCHAR 2387
ENCODING 9095
SWIDTH 1020 0
DWIDTH 17 0
BBX 14 12 2 0
BITMAP
00FC
00C0
0180
0180
0300
0300
0600
0600
0C00
0C00
F8FC
F8FC
ENDCHAR
STARTCHAR 238B
ENCODING 9099
SWIDTH 960 0
DWIDTH 16 0
BBX 12 12 2 0
BITMAP
F380
E1E0
F060
9830
0C30
0630
C030
C030
6030
70E0
3FC0
0F80
ENDCHAR
STARTCHAR 23CE
ENCODING 9166
SWIDTH 1020 0
DWIDTH 17 0
BBX 13 11 2 1
BITMAP
00F8
0008
0008
1008
3008
7008
FFF8
7000
3000
1000
1000
ENDCHAR
STARTCHAR 23CF
ENCODING 9167
SWIDTH 900 0
DWIDTH 15 0
BBX 13 11 1 2
BITMAP
0200
0600
0F00
1F80
3FC0
7FE0
FFF8
0000
0000
FFF8
FFF8
ENDCHAR
STARTCHAR 2423
ENCODING 9251
SWIDTH 780 0
DWIDTH 13 0
BBX 11 4 1 -3
BITMAP
C060
C060
FFE0
FFE0
ENDCHAR
STARTCHAR 2460
ENCODING 9312
SWIDTH 1440 0
DWIDTH 24 0
BBX 23 23 0 -5
BITMAP
007C00
03FF80
0701E0
0C0070
180018
30000C
60380C
60F806
40D806
C09802
C01802
C01802
C01802
C01802
401806
601806
601804
30180C
300018
180038
0E0070
0783C0
01FF00
ENDCHAR
STARTCHAR 2461
ENCODING 9313
SWIDTH 1440 0
DWIDTH 24 0
BBX 23 23 0 -5
BITMAP
007C00
03FF80
0701E0
0C0070
180018
30100C
607E0C
60E706
40C306
C00302
C00702
C00602
C00C02
C01802
403006
606006
60FF04
30FF0C
300018
180038
0E0070
0783C0
01FF00
ENDCHAR
STARTCHAR 2462
ENCODING 9314
SWIDTH 1440 0
DWIDTH 24 0
BBX 23 23 0 -5
BITMAP
007C00
03FF80
0701E0
0C0070
180018
30100C
607E0C
60E706
40C306
C00302
C00602
C03C02
C03F02
C00302
400306
61C306
60FF04
307E0C
300018
180038
0E0070
0783C0
01FF00
ENDCHAR
STARTCHAR 2463
ENCODING 9315
SWIDTH 1440 0
DWIDTH 24 0
BBX 23 23 0 -5
BITMAP
007C00
03FF80
0701E0
0C0070
180018
30000C
601C0C
603C06
403C06
C06C02
C0EC02
C0CC02
C18C02
C18C02
43FF06
63FF06
600C04
300C0C
300018
180038
0E0070
0783C0
01FF00
ENDCHAR
STARTCHAR 2464
ENCODING 9316
SWIDTH 1440 0
DWIDTH 24 0
BBX 23 23 0 -5
BITMAP
007C00
03FF80
0701E0
0C0070
180018
30000C
60FF0C
60C006
40C006
C0C002
C0FC02
C0FE02
C00302
C00302
410306
60C306
60FE04
307C0C
300018
180038
0E0070
0783C0
01FF00
ENDCHAR
STARTCHAR 2465
ENCODING 9317
SWIDTH 1440 0
DWIDTH 24 0
BBX 23 23 0 -5
BITMAP
007C00
03FF80
0701E0
0C0070
180018
30180C
607E0C
60E706
40C306
C1C002
C1BE02
C1FF02
C1C302
C1C302
41C306
60C306
60FF04
307C0C
300018
180038
0E0070
0783C0
01FF00
ENDCHAR
STARTCHAR 2466
ENCODING 9318
SWIDTH 1440 0
DWIDTH 24 0
BBX 23 23 0 -5
BITMAP
007C00
03FF80
0701E0
0C0070
180018
30000C
60FF0C
60FF06
400306
C00602
C00602
C00C02
C00C02
C01802
401806
603006
607004
30600C
300018
180038
0E0070
0783C0
01FF00
ENDCHAR
STARTCHAR 2467
ENCODING 9319
SWIDTH 1440 0
DWIDTH 24 0
BBX 23 23 0 -5
BITMAP
007C00
03FF80
0701E0
0C0070
180018
30100C
607E0C
60E706
40C306
C0C302
C0E602
C03C02
C0FE02
C1C302
41C306
61C306
60FF04
307E0C
300018
180038
0E0070
0783C0
01FF00
ENDCHAR
STARTCHAR 2468
ENCODING 9320
SWIDTH 1440 0
DWIDTH 24 0
BBX 23 23 0 -5
BITMAP
007C00
03FF80
0701E0
0C0070
180018
30100C
607E0C
60E706
41C306
C18302
C1C302
C0C702
C0FF02
C03302
410306
60C706
60FE04
307C0C
300018
180038
0E0070
0783C0
01FF00
ENDCHAR
STARTCHAR 24B6
ENCODING 9398
SWIDTH 1440 0
DWIDTH 24 0
BBX 23 23 0 -5
BITMAP
007C00
03FF80
0701E0
0C0070
180018
30000C
60380C
603C06
407C06
C06E02
C06602
C0E602
C0C702
C0FF02
41FF06
618386
618184
3381CC
300018
180038
0E0070
0783C0
01FF00
ENDCHAR
STARTCHAR 24B7
ENCODING 9399
SWIDTH 1440 0
DWIDTH 24 0
BBX 23 23 0 -5
BITMAP
007C00
03FF80
0701E0
0C0070
180018
30000C
60FE0C
60CF06
40C306
C0C302
C0C702
C0FC02
C0CF02
C0C382
40C186
60C386
60FF04
30FE0C
300018
180038
0E0070
0783C0
01FF00
ENDCHAR
STARTCHAR 24B8
ENCODING 9400
SWIDTH 1440 0
DWIDTH 24 0
BBX 23 23 0 -5
BITMAP
007C00
03FF80
0701E0
0C0070
180018
30180C
607E0C
60FF06
41C386
C18182
C38002
C38002
C38002
C18002
418186
61C386
60FF04
307E0C
300018
180038
0E0070
0783C0
01FF00
ENDCHAR
STARTCHAR 24B9
ENCODING 9401
SWIDTH 1440 0
DWIDTH 24 0
BBX 23 23 0 -5
BITMAP
007C00
03FF80
0701E0
0C0070
180018
30000C
60FE0C
60FF86
40C186
C0C1C2
C0C0C2
C0C0C2
C0C0C2
C0C1C2
40C186
60C386
60FF04
30FE0C
300018
180038
0E0070
0783C0
01FF00
ENDCHAR
STARTCHAR 24BA
ENCODING 9402
SWIDTH 1440 0
DWIDTH 24 0
BBX 23 23 0 -5
BITMAP
007C00
03FF80
0701E0
0C0070
180018
30000C
60FF0C
60FF06
40C006
C0C002
C0C002
C0FE02
C0FE02
C0C002
40C006
60C006
60FF04
30FF0C
300018
180038
0E0070
0783C0
01FF00
ENDCHAR
STARTCHAR 24BB
ENCODING 9403
SWIDTH 1440 0
DWIDTH 24 0
BBX 23 23 0 -5
BITMAP
007C00
03FF80
0701E0
0C0070
180018
30000C
60FF0C
60FF06
40C006
C0C002
C0C002
C0FE02
C0FE02
C0C002
40C006
60C006
60C004
30C00C
300018
180038
0E0070
0783C0
01FF00
ENDCHAR
STARTCHAR 24BC
ENCODING 9404
SWIDTH 1440 0
DWIDTH 24 0
BBX 23 23 0 -5
BITMAP
007C00
03FF80
0701E0
0C0070
180018
30180C
607E0C
60FF06
41C386
C18182
C38002
C38002
C38F82
C38182
418186
61C386
60FF04
307E0C
300018
180038
0E0070
0783C0
01FF00
ENDCHAR
STARTCHAR 24BD
ENCODING 9405
SWIDTH 1440 0
DWIDTH 24 0
BBX 23 23 0 -5
BITMAP
007C00
03FF80
0701E0
0C0070
180018
30000C
61818C
618186
418186
C18182
C18182
C1FF82
C1FF82
C18182
418186
618186
618184
31818C
300018
180038
0E0070
0783C0
01FF00
ENDCHAR
STARTCHAR 24BE
ENCODING 9406
SWIDTH 1440 0
DWIDTH 24 0
BBX 23 23 0 -5
BITMAP
007C00
03FF80
0701E0
0C0070
180018
30000C
60180C
601806
401806
C01802
C01802
C01802
C01802
C01802
401806
601806
601804
30180C
300018
180038
0E0070
0783C0
01FF00
ENDCHAR
STARTCHAR 24BF
ENCODING 9407
SWIDTH 1440 0
DWIDTH 24 0
BBX 23 23 0 -5
BITMAP
007C00
03FF80
0701E0
0C0070
180018
30000C
60060C
600606
400606
C00602
C00602
C00602
C00602
C00602
400606
60C606
60FE04
307C0C
300018
180038
0E0070
0783C0
01FF00
ENDCHAR
STARTCHAR 24C0
ENCODING 9408
SWIDTH 1440 0
DWIDTH 24 0
BBX 23 23 0 -5
BITMAP
007C00
03FF80
0701E0
0C0070
180018
30000C
61838C
618706
418E06
C19C02
C1B802
C1F802
C1F802
C1DC02
418E06
618606
618704
31838C
300018
180038
0E0070
0783C0
01FF00
ENDCHAR
STARTCHAR 24C1
ENCODING 9409
SWIDTH 1440 0
DWIDTH 24 0
BBX 23 23 0 -5
BITMAP
007C00
03FF80
0701E0
0C0070
180018
30000C
60E00C
60E006
40E006
C0E002
C0E002
C0E002
C0E002
C0E002
40E006
60E006
60FF04
30FF0C
300018
180038
0E0070
0783C0
01FF00
ENDCHAR
STARTCHAR 24C2
ENCODING 9410
SWIDTH 1440 0
DWIDTH 24 0
BBX 23 23 0 -5
BITMAP
007C00
03FF80
0701E0
0C0070
180018
30000C
6701CC
6781C6
4783C6
C6C3C2
C6C3C2
C6C6C2
C666C2
C66CC2
463CC6
663CC6
6638C4
3618CC
300018
180038
0E0070
0783C0
01FF00
ENDCHAR
STARTCHAR 24C3
ENCODING 9411
SWIDTH 1440 0
DWIDTH 24 0
BBX 23 23 0 -5
BITMAP
007C00
03FF80
0701E0
0C0070
180018
30000C
61818C
61C186
41E186
C1E182
C1B182
C1B982
C19982
C18D82
418F86
618786
618384
31818C
300018
180038
0E0070
0783C0
01FF00
ENDCHAR
STARTCHAR 24C4
ENCODING 9412
SWIDTH 1440 0
DWIDTH 24 0
BBX 23 23 0 -5
BITMAP
007C00
03FF80
0701E0
0C0070
180018
30100C
60FE0C
61FF06
418386
C38182
C30182
C30182
C30182
C38182
418186
61C386
60FF04
307E0C
300018
180038
0E0070
0783C0
01FF00
ENDCHAR
STARTCHAR 24C5
ENCODING 9413
SWIDTH 1440 0
DWIDTH 24 0
BBX 23 23 0 -5
BITMAP
007C00
03FF80
0701E0
0C0070
180018
30000C
60FE0C
60CF06
40C386
C0C182
C0C382
C0C382
C0FF02
C0FC02
40C006
60C006
60C004
30C00C
300018
180038
0E0070
0783C0
01FF00
ENDCHAR
STARTCHAR 24C6
ENCODING 9414
SWIDTH 1440 0
DWIDTH 24 0
BBX 23 23 0 -5
BITMAP
007C00
03FF80
0701E0
0C0070
180018
30100C
60FE0C
61FF06
418386
C38182
C30182
C30182
C30182
C38182
419D86
61CF86
60FF04
307F0C
300198
180038
0E0070
0783C0
01FF00
ENDCHAR
STARTCHAR 24C7
ENCODING 9415
SWIDTH 1440 0
DWIDTH 24 0
BBX 23 23 0 -5
BITMAP
007C00
03FF80
0701E0
0C0070
180018
30000C
61FE0C
61CF06
41C306
C1C382
C1C302
C1C702
C1FE02
C1CC02
41C606
61C706
61C304
31C38C
300018
180038
0E0070
0783C0
01FF00
ENDCHAR
STARTCHAR 24C8
ENCODING 9416
SWIDTH 1440 0
DWIDTH 24 0
BBX 23 23 0 -5
BITMAP
007C00
03FF80
0701E0
0C0070
180018
30180C
607E0C
60E706
41C306
C1C002
C0E002
C07C02
C01F02
C00302
418386
61C306
60FF04
307E0C
300018
180038
0E0070
0783C0
01FF00
ENDCHAR
STARTCHAR 24C9
ENCODING 9417
SWIDTH 1440 0
DWIDTH 24 0
BBX 23 23 0 -5
BITMAP
007C00
03FF80
0701E0
0C0070
180018
30000C
61FF8C
61FF86
401806
C01802
C01802
C01802
C01802
C01802
401806
601806
601804
30180C
300018
180038
0E0070
0783C0
01FF00
ENDCHAR
STARTCHAR 24CA
ENCODING 9418
SWIDTH 1440 0
DWIDTH 24 0
BBX 23 23 0 -5
BITMAP
007C00
03FF80
0701E0
0C0070
180018
30000C
61818C
618186
418186
C18182
C18182
C18182
C18182
C18182
418386
61C306
60FF04
307E0C
300018
180038
0E0070
0783C0
01FF00
ENDCHAR
STARTCHAR 24CB
ENCODING 9419
SWIDTH 1440 0
DWIDTH 24 0
BBX 23 23 0 -5
BITMAP
007C00
03FF80
0701E0
0C0070
180018
30004C
63818C
618386
418386
C1C302
C0C702
C0C602
C0E602
C06E02
406C06
603C06
603C04
30380C
300018
180038
0E0070
0783C0
01FF00
ENDCHAR
STARTCHAR 24CC
ENCODING 9420
SWIDTH 1440 0
DWIDTH 24 0
BBX 23 23 0 -5
BITMAP
007C00
03FF80
0701E0
0C0070
180018
30000C
6C387C
6C3876
4E3C66
C63C62
C66CE2
C66CC2
C366C2
C366C2
43C7C6
63C386
61C384
31838C
300018
180038
0E0070
0783C0
01FF00
ENDCHAR
STARTCHAR 24CD
ENCODING 9421
SWIDTH 1440 0
DWIDTH 24 0
BBX 23 23 0 -5
BITMAP
007C00
03FF80
0701E0
0C0070
180018
32000C
61C38C
60C706
40E606
C06E02
C03C02
C03C02
C03C02
C07C02
406E06
60E706
61C304
33838C
300018
180038
0E0070
0783C0
01FF00
ENDCHAR
STARTCHAR 24CE
ENCODING 9422
SWIDTH 1440 0
DWIDTH 24 0
BBX 23 23 0 -5
BITMAP
007C00
03FF80
0701E0
0C0070
180018
32000C
61838C
61C306
40C706
C0E602
C06E02
C03C02
C03802
C01802
401806
601806
601804
30180C
300018
180038
0E0070
0783C0
01FF00
ENDCHAR
STARTCHAR 24CF
ENCODING 9423
SWIDTH 1440 0
DWIDTH 24 0
BBX 23 23 0 -5
BITMAP
007C00
03FF80
0701E0
0C0070
180018
30000C
61FF0C
61FF06
400606
C00E02
C00C02
C01802
C03802
C07002
406006
60C006
61FF04
31FF0C
300018
180038
0E0070
0783C0
01FF00
ENDCHAR
STARTCHAR 24EA
ENCODING 9450
SWIDTH 1440 0
DWIDTH 24 0
BBX 23 23 0 -5
BITMAP
007C00
03FF80
0701E0
0C0070
180018
30100C
607E0C
60E706
40C306
C1C302
C18382
C18382
C18382
C18302
41C306
60C706
60FE04
307C0C
300018
180038
0E0070
0783C0
01FF00
ENDCHAR
STARTCHAR 25A0
ENCODING 9632
SWIDTH 960 0
DWIDTH 16 0
BBX 12 12 2 0
BITMAP
FFF0
FFF0
FFF0
FFF0
FFF0
FFF0
FFF0
FFF0
FFF0
FFF0
FFF0
FFF0
ENDCHAR
STARTCHAR 25A1
ENCODING 9633
SWIDTH 960 0
DWIDTH 16 0
BBX 12 12 2 0
BITMAP
FFF0
8030
8030
8030
8030
8030
8030
8030
8030
8030
FFF0
FFF0
ENDCHAR
STARTCHAR 25A2
ENCODING 9634
SWIDTH 960 0
DWIDTH 16 0
BBX 12 12 2 0
BITMAP
FFF0
8030
8030
8030
8030
8030
8030
8030
8030
8030
FFF0
FFE0
ENDCHAR
STARTCHAR 25B2
ENCODING 9650
SWIDTH 1080 0
DWIDTH 18 0
BBX 16 13 1 0
BITMAP
0100
0180
0380
03C0
07E0
0FE0
0FF0
1FF0
1FF8
3FFC
7FFC
7FFE
FFFF
ENDCHAR
STARTCHAR 25B3
ENCODING 9651
SWIDTH 1080 0
DWIDTH 18 0
BBX 16 13 1 0
BITMAP
0100
0180
0380
03C0
0660
0C60
0C30
1830
1818
300C
600C
7FFE
FFFF
ENDCHAR
STARTCHAR 25B6
ENCODING 9654
SWIDTH 960 0
DWIDTH 16 0
BBX 13 16 2 -2
BITMAP
8000
C000
F000
FC00
FE00
FF80
FFE0
FFF8
FFF0
FFC0
FF00
FE00
F800
E000
C000
8000
ENDCHAR
STARTCHAR 25B7
ENCODING 9655
SWIDTH 960 0
DWIDTH 16 0
BBX 13 16 2 -2
BITMAP
8000
C000
F000
BC00
8E00
8380
81E0
8078
80F0
81C0
8700
9E00
F800
E000
C000
8000
ENDCHAR
STARTCHAR 25BA
ENCODING 9658
SWIDTH 960 0
DWIDTH 16 0
BBX 13 16 2 -2
BITMAP
8000
C000
F000
FC00
FE00
FF80
FFE0
FFF8
FFF0
FFC0
FF00
FE00
F800
E000
C000
8000
ENDCHAR
STARTCHAR 25BB
ENCODING 9659
SWIDTH 960 0
DWIDTH 16 0
BBX 13 16 2 -2
BITMAP
8000
C000
F000
BC00
8E00
8380
81E0
8078
80F0
81C0
8700
9E00
F800
E000
C000
8000
ENDCHAR
STARTCHAR 25BC
ENCODING 9660
SWIDTH 1080 0
DWIDTH 18 0
BBX 16 13 1 -1
BITMAP
FFFF
7FFE
3FFC
3FF8
1FF8
1FF0
0FF0
07E0
07C0
03C0
0380
0180
0100
ENDCHAR
STARTCHAR 25BD
ENCODING 9661
SWIDTH 1080 0
DWIDTH 18 0
BBX 16 13 1 -1
BITMAP
FFFF
600E
300C
3018
1818
1830
0C30
0660
06C0
03C0
0380
0180
0100
ENDCHAR
STARTCHAR 25C0
ENCODING 9664
SWIDTH 960 0
DWIDTH 16 0
BBX 13 16 1 -2
BITMAP
0008
0018
0078
01F8
03F8
0FF8
3FF8
FFF8
7FF8
1FF8
07F8
03F8
00F8
0038
0018
0008
ENDCHAR
STARTCHAR 25C1
ENCODING 9665
SWIDTH 960 0
DWIDTH 16 0
BBX 13 16 1 -2
BITMAP
0008
0018
0078
01E8
0388
0E08
3C08
F008
7808
1C08
0708
03C8
00F8
0038
0018
0008
ENDCHAR
STARTCHAR 25C4
ENCODING 9668
SWIDTH 960 0
DWIDTH 16 0
BBX 13 16 1 -2
BITMAP
0008
0018
0078
01F8
03F8
0FF8
3FF8
FFF8
7FF8
1FF8
07F8
03F8
00F8
0038
0018
0008
ENDCHAR
STARTCHAR 25C5
ENCODING 9669
SWIDTH 960 0
DWIDTH 16 0
BBX 13 16 1 -2
BITMAP
0008
0018
0078
01E8
0388
0E08
3C08
F008
7808
1C08
0708
03C8
00F8
0038
0018
0008
ENDCHAR
STARTCHAR 25C6
ENCODING 9670
SWIDTH 1080 0
DWIDTH 18 0
BBX 16 16 1 -2
BITMAP
0180
03C0
07E0
0FF0
1FF8
3FFC
7FFE
FFFF
7FFE
3FFC
1FF8
0FF0
07E0
03C0
0180
0080
ENDCHAR
STARTCHAR 25C7
ENCODING 9671
SWIDTH 1080 0
DWIDTH 18 0
BBX 16 16 1 -2
BITMAP
0180
03C0
07E0
0E70
1C38
381C
700E
E007
6006
300C
1818
0C30
0660
03C0
0180
0080
ENDCHAR
STARTCHAR 25CA
ENCODING 9674
SWIDTH 600 0
DWIDTH 10 0
BBX 8 12 1 0
BITMAP
18
3C
7C
66
E7
C3
C3
66
66
3C
3C
18
ENDCHAR
STARTCHAR 25CB
ENCODING 9675
SWIDTH 960 0
DWIDTH 16 0
BBX 13 13 1 0
BITMAP
0300
1FC0
38E0
7030
6018
4018
C018
C018
6018
6038
3070
3FE0
0FC0
ENDCHAR
STARTCHAR 25CF
ENCODING 9679
SWIDTH 960 0
DWIDTH 16 0
BBX 13 13 1 0
BITMAP
0300
1FC0
3FE0
7FF0
7FF8
7FF8
FFF8
FFF8
7FF8
7FF8
3FF0
3FE0
0FC0
ENDCHAR
STARTCHAR 25E6
ENCODING 9702
SWIDTH 480 0
DWIDTH 8 0
BBX 5 6 2 2
BITMAP
20
F0
98
88
F0
60
ENDCHAR
STARTCHAR 25EF
ENCODING 9711
SWIDTH 1440 0
DWIDTH 24 0
BBX 23 23 0 -5
BITMAP
007C00
03FF80
0701E0
0C0070
180018
30000C
60000C
600006
400006
C00002
C00002
C00002
C00002
C00002
400006
600006
600004
30000C
300018
180038
0E0070
0783C0
01FF00
ENDCHAR
STARTCHAR 2600
ENCODING 9728
SWIDTH 1080 0
DWIDTH 18 0
BBX 16 15 1 -1
BITMAP
0180
0180
318C
1998
0C30
09D0
03C0
F7EF
07E0
03C0
0890
1C38
318C
1184
0180
ENDCHAR
STARTCHAR 2605
ENCODING 9733
SWIDTH 1080 0
DWIDTH 18 0
BBX 14 14 2 0
BITMAP
0200
0200
0300
0300
0700
FFFC
7FF8
3FE0
0FC0
0FC0
0FC0
1CE0
1860
2020
ENDCHAR
STARTCHAR 2606
ENCODING 9734
SWIDTH 1080 0
DWIDTH 18 0
BBX 14 14 2 0
BITMAP
0200
0200
0300
0300
0700
FFFC
7CF8
3860
0CC0
0AC0
0FC0
1CE0
1860
2020
ENDCHAR
STARTCHAR 263C
ENCODING 9788
SWIDTH 1080 0
DWIDTH 18 0
BBX 16 15 1 -1
BITMAP
0180
0180
318C
1998
0C30
09D0
03C0
F66F
0660
03C0
0890
1C38
318C
1184
0180
ENDCHAR
STARTCHAR 2661
ENCODING 9825
SWIDTH 1020 0
DWIDTH 17 0
BBX 15 13 1 0
BITMAP
0810
3E7C
67CE
C386
C106
6006
600C
3018
1830
0C60
06C0
0380
0100
ENDCHAR
STARTCHAR 2665
ENCODING 9829
SWIDTH 1020 0
DWIDTH 17 0
BBX 15 13 1 0
BITMAP
0810
3E7C
7FFE
FFFE
FFFE
7FFE
7FFC
3FF8
1FF0
0FE0
07C0
0380
0100
ENDCHAR
STARTCHAR 26A0
ENCODING 9888
SWIDTH 1020 0
DWIDTH 17 0
BBX 17 14 0 0
BITMAP
008000
008000
01C000
01E000
03E000
077000
077000
0F7800
0F7C00
1FFC00
3F7E00
3E3E00
7FFF00
FFFF80
ENDCHAR
STARTCHAR 2713
ENCODING 10003
SWIDTH 900 0
DWIDTH 15 0
BBX 12 9 2 1
BITMAP
0020
0070
00E0
41C0
C380
6700
3E00
1C00
0800
ENDCHAR
STARTCHAR 2717
ENCODING 10007
SWIDTH 900 0
DWIDTH 15 0
BBX 9 9 3 1
BITMAP
4100
E380
7700
3E00
1C00
3E00
7700
E380
4100
ENDCHAR
STARTCHAR 2756
ENCODING 10070
SWIDTH 1080 0
DWIDTH 18 0
BBX 16 16 1 -2
BITMAP
0180
03C0
07E0
0FF0
13C8
399C
7CBE
FE7F
7C3E
399C
13C8
07E0
0FF0
03C0
0180
0080
ENDCHAR
STARTCHAR 2764
ENCODING 10084
SWIDTH 1020 0
DWIDTH 17 0
BBX 15 13 1 0
BITMAP
0810
3E7C
7FFE
FFFE
FFFE
7FFE
7FFC
3FF8
1FF0
0FE0
07C0
0380
0100
ENDCHAR
STARTCHAR 2780
ENCODING 10112
SWIDTH 1440 0
DWIDTH 24 0
BBX 23 23 0 -5
BITMAP
007C00
03FF80
0701E0
0C0070
180018
30000C
60380C
60F806
40D806
C09802
C01802
C01802
C01802
C01802
401806
601806
601804
30180C
300018
180038
0E0070
0783C0
01FF00
ENDCHAR
STARTCHAR 2781
ENCODING 10113
SWIDTH 1440 0
DWIDTH 24 0
BBX 23 23 0 -5
BITMAP
007C00
03FF80
0701E0
0C0070
180018
30100C
607E0C
60E706
40C306
C00302
C00702
C00602
C00C02
C01802
403006
606006
60FF04
30FF0C
300018
180038
0E0070
0783C0
01FF00
ENDCHAR
STARTCHAR 2782
ENCODING 10114
SWIDTH 1440 0
DWIDTH 24 0
BBX 23 23 0 -5
BITMAP
007C00
03FF80
0701E0
0C0070
180018
30100C
607E0C
60E706
40C306
C00302
C00602
C03C02
C03F02
C00302
400306
61C306
60FF04
307E0C
300018
180038
0E0070
0783C0
01FF00
ENDCHAR
STARTCHAR 2783
ENCODING 10115
SWIDTH 1440 0
DWIDTH 24 0
BBX 23 23 0 -5
BITMAP
007C00
03FF80
0701E0
0C0070
180018
30000C
601C0C
603C06
403C06
C06C02
C0EC02
C0CC02
C18C02
C18C02
43FF06
63FF06
600C04
300C0C
300018
180038
0E0070
0783C0
01FF00
ENDCHAR
STARTCHAR 2784
ENCODING 10116
SWIDTH 1440 0
DWIDTH 24 0
BBX 23 23 0 -5
BITMAP
007C00
03FF80
0701E0
0C0070
180018
30000C
60FF0C
60C006
40C006
C0C002
C0FC02
C0FE02
C00302
C00302
410306
60C306
60FE04
307C0C
300018
180038
0E0070
0783C0
01FF00
ENDCHAR
STARTCHAR 2785
ENCODING 10117
SWIDTH 1440 0
DWIDTH 24 0
BBX 23 23 0 -5
BITMAP
007C00
03FF80
0701E0
0C0070
180018
30180C
607E0C
60E706
40C306
C1C002
C1BE02
C1FF02
C1C302
C1C302
41C306
60C306
60FF04
307C0C
300018
180038
0E0070
0783C0
01FF00
ENDCHAR
STARTCHAR 2786
ENCODING 10118
SWIDTH 1440 0
DWIDTH 24 0
BBX 23 23 0 -5
BITMAP
007C00
03FF80
0701E0
0C0070
180018
30000C
60FF0C
60FF06
400306
C00602
C00602
C00C02
C00C02
C01802
401806
603006
607004
30600C
300018
180038
0E0070
0783C0
01FF00
ENDCHAR
STARTCHAR 2787
ENCODING 10119
SWIDTH 1440 0
DWIDTH 24 0
BBX 23 23 0 -5
BITMAP
007C00
03FF80
0701E0
0C0070
180018
30100C
607E0C
60E706
40C306
C0C302
C0E602
C03C02
C0FE02
C1C302
41C306
61C306
60FF04
307E0C
300018
180038
0E0070
0783C0
01FF00
ENDCHAR
STARTCHAR 2788
ENCODING 10120
SWIDTH 1440 0
DWIDTH 24 0
BBX 23 23 0 -5
BITMAP
007C00
03FF80
0701E0
0C0070
180018
30100C
607E0C
60E706
41C306
C18302
C1C302
C0C702
C0FF02
C03302
410306
60C706
60FE04
307C0C
300018
180038
0E0070
0783C0
01FF00
ENDCHAR
STARTCHAR 27EF
ENCODING 10223
SWIDTH 360 0
DWIDTH 6 0
BBX 4 18 1 -3
BITMAP
40
E0
70
30
30
30
30
30
30
30
30
30
30
30
30
30
60
C0
ENDCHAR
STARTCHAR 27F5
ENCODING 10229
SWIDTH 1380 0
DWIDTH 23 0
BBX 19 11 2 0
BITMAP
060000
0C0000
180000
300000
600000
FFFFE0
600000
300000
180000
0C0000
060000
ENDCHAR
STARTCHAR 27F6
ENCODING 10230
SWIDTH 1380 0
DWIDTH 23 0
BBX 19 11 2 0
BITMAP
000C00
000600
000300
000180
0000C0
FFFFE0
0000C0
000180
000300
000600
000C00
ENDCHAR
STARTCHAR 27F7
ENCODING 10231
SWIDTH 1800 0
DWIDTH 30 0
BBX 26 11 2 0
BITMAP
04000800
0C001C00
18000600
30000300
60000180
FFFFFFC0
60000180
30000300
18000600
0C001C00
04000800
ENDCHAR
STARTCHAR 27F8
ENCODING 10232
SWIDTH 1380 0
DWIDTH 23 0
BBX 19 11 2 0
BITMAP
060000
0C0000
180000
3FFFE0
7FFFE0
C00000
7FFFE0
3FFFE0
180000
0C0000
060000
ENDCHAR
STARTCHAR 27F9
ENCODING 10233
SWIDTH 1380 0
DWIDTH 23 0
BBX 19 11 2 0
BITMAP
000C00
000600
000300
FFFF80
FFFFC0
000060
FFFFC0
FFFF80
000300
000600
000C00
ENDCHAR
STARTCHAR 27FA
ENCODING 10234
SWIDTH 1800 0
DWIDTH 30 0
BBX 26 11 2 0
BITMAP
06001800
0C001C00
18000E00
3FFFFF00
7FFFFF80
C00001C0
7FFFFF80
3FFFFF00
18000600
0C000C00
06001800
ENDCHAR
STARTCHAR 2A38
ENCODING 10808
SWIDTH 1440 0
DWIDTH 24 0
BBX 23 23 0 -5
BITMAP
007C00
03FF80
0701E0
0C0070
180018
30000C
60000C
601006
403806
C01802
C00002
C0FF02
C0FF02
C00002
401806
603806
601804
30000C
300018
180038
0E0070
0783C0
01FF00
ENDCHAR
STARTCHAR 2B06
ENCODING 11014
SWIDTH 1080 0
DWIDTH 18 0
BBX 16 13 1 0
BITMAP
0180
03C0
07E0
0FF0
1FF8
3FFC
7FFE
8FF1
0FF0
0FF0
0FF0
0FF0
0FF0
ENDCHAR
STARTCHAR 2B12
ENCODING 11026
SWIDTH 960 0
DWIDTH 16 0
BBX 12 12 2 0
BITMAP
FFF0
8030
8030
FFF0
FFF0
8030
8030
8030
8030
8030
FFF0
FFE0
ENDCHAR
STARTCHAR 2B13
ENCODING 11027
SWIDTH 960 0
DWIDTH 16 0
BBX 12 12 2 0
BITMAP
FFF0
8030
8030
8030
8030
8030
8030
FFF0
8030
8030
FFF0
FFE0
ENDCHAR
STARTCHAR 2B1C
ENCODING 11036
SWIDTH 1440 0
DWIDTH 24 0
BBX 22 22 1 -5
BITMAP
FFFFFC
80000C
80000C
80000C
80000C
80000C
80000C
80000C
80000C
80000C
80000C
80000C
80000C
80000C
80000C
80000C
80000C
80000C
80000C
80000C
FFFFFC
FFFFF8
ENDCHAR
STARTCHAR 2C7C
ENCODING 11388
SWIDTH 180 0
DWIDTH 3 0
BBX 2 11 0 -4
BITMAP
40
40
00
40
40
40
40
40
40
40
C0
ENDCHAR
STARTCHAR 2C7F
ENCODING 11391
SWIDTH 660 0
DWIDTH 11 0
BBX 9 16 1 -4
BITMAP
FF80
FF80
0300
0600
0E00
0C00
1800
3800
7000
6000
E000
F800
1C00
0E00
0780
0180
ENDCHAR
STARTCHAR 2DFF
ENCODING 11775
SWIDTH 0 0
DWIDTH 0 0
BBX 8 5 -10 10
BITMAP
9F
9A
FE
B7
B5
ENDCHAR
STARTCHAR 2E18
ENCODING 11800
SWIDTH 540 0
DWIDTH 9 0
BBX 8 12 1 -3
BITMAP
18
18
00
18
18
38
78
F8
D8
C7
EE
7C
ENDCHAR
STARTCHAR A69F
ENCODING 42655
SWIDTH 0 0
DWIDTH 0 0
BBX 6 5 -8 10
BITMAP
98
B4
F8
A4
9C
ENDCHAR
STARTCHAR A7FF
ENCODING 43007
SWIDTH 1260 0
DWIDTH 21 0
BBX 19 12 1 0
BITMAP
7060E0
7070E0
7870C0
78F8C0
6CF8C0
6CECC0
E6CEC0
E6C6C0
E3C7C0
E3C3C0
C1C3C0
C1C1C0
ENDCHAR
STARTCHAR A92E
ENCODING 43310
SWIDTH 600 0
DWIDTH 10 0
BBX 9 3 1 4
BITMAP
3E00
6700
C180
ENDCHAR
STARTCHAR E000
ENCODING 57344
SWIDTH 1080 0
DWIDTH 18 0
BBX 16 16 1 -2
BITMAP
0180
03C0
0660
0E30
1348
399C
6CB6
C663
4432
299C
13C8
0660
0C30
0240
0180
0080
ENDCHAR
STARTCHAR E002
ENCODING 57346
SWIDTH 780 0
DWIDTH 13 0
BBX 11 13 1 0
BITMAP
0400
3F80
7BC0
60E0
E060
C000
C000
C3E0
C060
E060
70E0
3FE0
1F60
ENDCHAR
STARTCHAR E003
ENCODING 57347
SWIDTH 780 0
DWIDTH 13 0
BBX 12 13 1 0
BITMAP
0400
3F80
7BC0
60E0
E060
C000
C000
C3E0
C060
E3F0
70E0
3FE0
1F60
ENDCHAR
STARTCHAR E004
ENCODING 57348
SWIDTH 840 0
DWIDTH 14 0
BBX 13 13 1 0
BITMAP
0438
3FF8
7BE0
60E0
E060
C000
C000
C3E0
C060
E060
70E0
3FE0
1F60
ENDCHAR
STARTCHAR E005
ENCODING 57349
SWIDTH 780 0
DWIDTH 13 0
BBX 11 16 1 0
BITMAP
0E00
1B00
3180
0400
3F80
7BC0
60E0
E060
C000
C000
C3E0
C060
E060
70E0
3FE0
1F60
ENDCHAR
STARTCHAR E006
ENCODING 57350
SWIDTH 780 0
DWIDTH 13 0
BBX 11 15 1 0
BITMAP
1B00
0E00
0400
3F80
7BC0
60E0
E060
C000
C000
C3E0
C060
E060
70E0
3FE0
1F60
ENDCHAR
STARTCHAR E007
ENCODING 57351
SWIDTH 780 0
DWIDTH 13 0
BBX 11 16 1 0
BITMAP
0600
0E00
0000
0400
3F80
7BC0
60E0
E060
C000
C000
C3E0
C060
E060
70E0
3FE0
1F60
ENDCHAR
STARTCHAR E008
ENCODING 57352
SWIDTH 780 0
DWIDTH 13 0
BBX 11 17 1 -4
BITMAP
0400
3F80
7BC0
60E0
E060
C000
C000
C3E0
C060
E060
70E0
3FE0
1F60
0000
0E00
0C00
0C00
ENDCHAR
STARTCHAR E009
ENCODING 57353
SWIDTH 780 0
DWIDTH 13 0
BBX 11 16 1 0
BITMAP
3B80
0E00
0400
0400
3F80
7BC0
60E0
E060
C000
C000
C3E0
C060
E060
70E0
3FE0
1F60
ENDCHAR
STARTCHAR E00A
ENCODING 57354
SWIDTH 780 0
DWIDTH 13 0
BBX 11 16 1 0
BITMAP
0300
0600
0400
0400
3F80
7BC0
60E0
E060
C000
C000
C3E0
C060
E060
70E0
3FE0
1F60
ENDCHAR
STARTCHAR E00B
ENCODING 57355
SWIDTH 780 0
DWIDTH 13 0
BBX 11 15 1 0
BITMAP
1F00
0000
0400
3F80
7BC0
60E0
E060
C000
C000
C3E0
C060
E060
70E0
3FE0
1F60
ENDCHAR
STARTCHAR E00C
ENCODING 57356
SWIDTH 480 0
DWIDTH 8 0
BBX 6 12 1 0
BITMAP
FC
FC
30
30
30
30
30
30
30
30
FC
FC
ENDCHAR
STARTCHAR E00D
ENCODING 57357
SWIDTH 480 0
DWIDTH 8 0
BBX 6 16 1 0
BITMAP
CC
CC
00
00
FC
FC
30
30
30
30
30
30
30
30
FC
FC
ENDCHAR
STARTCHAR E00E
ENCODING 57358
SWIDTH 480 0
DWIDTH 8 0
BBX 6 18 1 0
BITMAP
1C
30
00
CC
48
00
FC
FC
30
30
30
30
30
30
30
30
FC
FC
ENDCHAR
STARTCHAR E00F
ENCODING 57359
SWIDTH 480 0
DWIDTH 8 0
BBX 6 12 1 0
BITMAP
FC
FC
30
30
30
FC
30
30
30
30
FC
FC
ENDCHAR
STARTCHAR E010
ENCODING 57360
SWIDTH 480 0
DWIDTH 8 0
BBX 6 16 1 -4
BITMAP
FC
FC
30
30
30
30
30
30
30
30
FC
FC
00
64
FC
C8
ENDCHAR
STARTCHAR E011
ENCODING 57361
SWIDTH 480 0
DWIDTH 8 0
BBX 6 16 1 0
BITMAP
E0
20
30
00
FC
FC
30
30
30
30
30
30
30
30
FC
FC
ENDCHAR
STARTCHAR E012
ENCODING 57362
SWIDTH 480 0
DWIDTH 8 0
BBX 6 16 1 0
BITMAP
1C
10
30
00
FC
FC
30
30
30
30
30
30
30
30
FC
FC
ENDCHAR
STARTCHAR E013
ENCODING 57363
SWIDTH 480 0
DWIDTH 8 0
BBX 6 16 1 0
BITMAP
30
78
CC
00
FC
FC
30
30
30
30
30
30
30
30
FC
FC
ENDCHAR
STARTCHAR E014
ENCODING 57364
SWIDTH 480 0
DWIDTH 8 0
BBX 6 16 1 0
BITMAP
64
FC
88
00
FC
FC
30
30
30
30
30
30
30
30
FC
FC
ENDCHAR
STARTCHAR E015
ENCODING 57365
SWIDTH 480 0
DWIDTH 8 0
BBX 6 15 1 0
BITMAP
FC
00
00
FC
FC
30
30
30
30
30
30
30
30
FC
FC
ENDCHAR
STARTCHAR E016
ENCODING 57366
SWIDTH 480 0
DWIDTH 8 0
BBX 6 15 1 0
BITMAP
CC
78
00
FC
FC
30
30
30
30
30
30
30
30
FC
FC
ENDCHAR
STARTCHAR E017
ENCODING 57367
SWIDTH 480 0
DWIDTH 8 0
BBX 6 16 1 -4
BITMAP
FC
FC
30
30
30
30
30
30
30
30
FC
FC
1C
18
1C
04
ENDCHAR
STARTCHAR E018
ENCODING 57368
SWIDTH 480 0
DWIDTH 8 0
BBX 6 16 1 0
BITMAP
30
30
00
00
FC
FC
30
30
30
30
30
30
30
30
FC
FC
ENDCHAR
STARTCHAR E019
ENCODING 57369
SWIDTH 480 0
DWIDTH 8 0
BBX 6 16 1 0
BITMAP
CC
78
30
00
FC
FC
30
30
30
30
30
30
30
30
FC
FC
ENDCHAR
STARTCHAR E01A
ENCODING 57370
SWIDTH 480 0
DWIDTH 8 0
BBX 6 16 1 0
BITMAP
90
D8
48
00
FC
FC
30
30
30
30
30
30
30
30
FC
FC
ENDCHAR
STARTCHAR E01B
ENCODING 57371
SWIDTH 480 0
DWIDTH 8 0
BBX 6 16 1 0
BITMAP
78
CC
00
00
FC
FC
30
30
30
30
30
30
30
30
FC
FC
ENDCHAR
STARTCHAR E01C
ENCODING 57372
SWIDTH 480 0
DWIDTH 8 0
BBX 6 17 1 0
BITMAP
30
18
38
30
00
FC
FC
30
30
30
30
30
30
30
30
FC
FC
ENDCHAR
STARTCHAR E01D
ENCODING 57373
SWIDTH 480 0
DWIDTH 8 0
BBX 6 15 1 -3
BITMAP
FC
FC
30
30
30
30
30
30
30
30
FC
FC
00
30
30
ENDCHAR
STARTCHAR E01E
ENCODING 57374
SWIDTH 660 0
DWIDTH 11 0
BBX 9 12 1 0
BITMAP
FF80
FF80
8600
0600
0600
0600
0600
0600
0600
0600
3F80
3F80
ENDCHAR
STARTCHAR E01F
ENCODING 57375
SWIDTH 600 0
DWIDTH 10 0
BBX 9 12 1 0
BITMAP
BF80
BF80
4E00
0E00
0E00
0E00
0E00
0E00
0E00
0E00
3F80
3F80
ENDCHAR
STARTCHAR E020
ENCODING 57376
SWIDTH 840 0
DWIDTH 14 0
BBX 12 12 1 0
BITMAP
F7F0
CFF0
80C0
00C0
00C0
00C0
00C0
00C0
00C0
00C0
07F0
07F0
ENDCHAR
STARTCHAR E021
ENCODING 57377
SWIDTH 780 0
DWIDTH 13 0
BBX 12 12 1 0
BITMAP
B7F0
97F0
4980
0180
0180
0180
0180
0180
0180
0180
07F0
07F0
ENDCHAR
STARTCHAR E022
ENCODING 57378
SWIDTH 780 0
DWIDTH 13 0
BBX 12 12 1 0
BITMAP
DFF0
F7F0
8180
0180
0180
0180
0180
0180
0180
0180
07F0
07F0
ENDCHAR
STARTCHAR E023
ENCODING 57379
SWIDTH 840 0
DWIDTH 14 0
BBX 12 12 1 0
BITMAP
9FF0
B7F0
41C0
01C0
01C0
01C0
01C0
01C0
01C0
01C0
07F0
07F0
ENDCHAR
STARTCHAR E024
ENCODING 57380
SWIDTH 720 0
DWIDTH 12 0
BBX 11 14 1 0
BITMAP
D800
B000
2FE0
6FE0
4300
0300
0300
0300
0300
0300
0300
0300
0FE0
0FE0
ENDCHAR
STARTCHAR E025
ENCODING 57381
SWIDTH 720 0
DWIDTH 12 0
BBX 11 14 1 0
BITMAP
D800
B000
2FE0
2FE0
2380
0380
0380
0380
0380
0380
0380
0380
0FE0
0FE0
ENDCHAR
STARTCHAR E026
ENCODING 57382
SWIDTH 480 0
DWIDTH 8 0
BBX 6 15 1 0
BITMAP
CC
78
00
FC
FC
30
30
30
30
30
30
30
30
FC
FC
ENDCHAR
STARTCHAR E027
ENCODING 57383
SWIDTH 480 0
DWIDTH 8 0
BBX 6 15 1 0
BITMAP
FC
00
00
FC
FC
30
30
30
30
30
30
30
30
FC
FC
ENDCHAR
STARTCHAR E028
ENCODING 57384
SWIDTH 660 0
DWIDTH 11 0
BBX 10 12 1 0
BITMAP
DFC0
5FC0
2600
0600
0600
0600
0600
0600
0600
0600
1FC0
1FC0
ENDCHAR
STARTCHAR E029
ENCODING 57385
SWIDTH 660 0
DWIDTH 11 0
BBX 9 13 1 0
BITMAP
6000
DF80
9F80
0600
0600
0600
0600
0600
0600
0600
0600
1F80
1F80
ENDCHAR
STARTCHAR E02A
ENCODING 57386
SWIDTH 480 0
DWIDTH 8 0
BBX 6 12 1 0
BITMAP
FC
FC
30
30
30
30
30
30
30
30
FC
FC
ENDCHAR
STARTCHAR E02B
ENCODING 57387
SWIDTH 480 0
DWIDTH 8 0
BBX 6 16 1 0
BITMAP
CC
CC
00
00
FC
FC
30
30
30
30
30
30
30
30
FC
FC
ENDCHAR
STARTCHAR E02C
ENCODING 57388
SWIDTH 660 0
DWIDTH 11 0
BBX 9 9 1 0
BITMAP
7F80
F780
C380
C380
C380
C380
E380
7F80
7B80
ENDCHAR
STARTCHAR E02D
ENCODING 57389
SWIDTH 660 0
DWIDTH 11 0
BBX 9 13 1 0
BITMAP
0600
0C00
0800
0000
7F80
F780
C380
C380
C380
C380
E380
7F80
7B80
ENDCHAR
STARTCHAR E02E
ENCODING 57390
SWIDTH 660 0
DWIDTH 11 0
BBX 9 12 1 0
BITMAP
3600
1C00
0000
7F80
F780
C380
C380
C380
C380
E380
7F80
7B80
ENDCHAR
STARTCHAR E02F
ENCODING 57391
SWIDTH 660 0
DWIDTH 11 0
BBX 9 14 1 0
BITMAP
0400
4800
2600
1C00
0000
7F80
F780
C380
C380
C380
C380
E380
7F80
7B80
ENDCHAR
STARTCHAR E030
ENCODING 57392
SWIDTH 660 0
DWIDTH 11 0
BBX 9 15 1 -3
BITMAP
3600
1C00
0000
7F80
F780
C380
C380
C380
C380
E380
7F80
7B80
0000
1800
1C00
ENDCHAR
STARTCHAR E031
ENCODING 57393
SWIDTH 660 0
DWIDTH 11 0
BBX 9 14 1 0
BITMAP
3000
4800
2600
1C00
0000
7F80
F780
C380
C380
C380
C380
E380
7F80
7B80
ENDCHAR
STARTCHAR E032
ENCODING 57394
SWIDTH 660 0
DWIDTH 11 0
BBX 9 15 1 0
BITMAP
1C00
1400
0800
6600
1C00
0000
7F80
F780
C380
C380
C380
C380
E380
7F80
7B80
ENDCHAR
STARTCHAR E033
ENCODING 57395
SWIDTH 660 0
DWIDTH 11 0
BBX 9 15 1 0
BITMAP
0200
3E00
0000
6600
1C00
0000
7F80
F780
C380
C380
C380
C380
E380
7F80
7B80
ENDCHAR
STARTCHAR E034
ENCODING 57396
SWIDTH 660 0
DWIDTH 11 0
BBX 9 13 1 0
BITMAP
7600
1C00
1800
0000
7F80
F780
C380
C380
C380
C380
E380
7F80
7B80
ENDCHAR
STARTCHAR E035
ENCODING 57397
SWIDTH 660 0
DWIDTH 11 0
BBX 9 13 1 0
BITMAP
1C00
3600
6600
0000
7F80
F780
C380
C380
C380
C380
E380
7F80
7B80
ENDCHAR
STARTCHAR E036
ENCODING 57398
SWIDTH 660 0
DWIDTH 11 0
BBX 10 14 1 0
BITMAP
00C0
0180
1C00
6200
0000
7F80
F780
C380
C380
C380
C380
E380
7F80
7B80
ENDCHAR
STARTCHAR E037
ENCODING 57399
SWIDTH 660 0
DWIDTH 11 0
BBX 9 16 1 -3
BITMAP
1C00
3600
6600
0000
7F80
F780
C380
C380
C380
C380
E380
7F80
7B80
0000
1800
1C00
ENDCHAR
STARTCHAR E038
ENCODING 57400
SWIDTH 660 0
DWIDTH 11 0
BBX 10 14 0 0
BITMAP
C000
4000
2E00
3100
0000
3FC0
7BC0
61C0
61C0
61C0
61C0
71C0
3FC0
3DC0
ENDCHAR
STARTCHAR E039
ENCODING 57401
SWIDTH 660 0
DWIDTH 11 0
BBX 9 14 1 0
BITMAP
0180
0180
3C00
6200
0000
7F80
F780
C380
C380
C380
C380
E380
7F80
7B80
ENDCHAR
STARTCHAR E03A
ENCODING 57402
SWIDTH 660 0
DWIDTH 11 0
BBX 9 14 1 0
BITMAP
3E00
0000
1C00
6200
0000
7F80
F780
C380
C380
C380
C380
E380
7F80
7B80
ENDCHAR
STARTCHAR E03B
ENCODING 57403
SWIDTH 660 0
DWIDTH 11 0
BBX 9 13 1 0
BITMAP
4800
2400
1400
0000
7F80
F780
C380
C380
C380
C380
E380
7F80
7B80
ENDCHAR
STARTCHAR E03C
ENCODING 57404
SWIDTH 660 0
DWIDTH 11 0
BBX 9 13 1 0
BITMAP
2600
7600
0000
0000
7F80
F780
C380
C380
C380
C380
E380
7F80
7B80
ENDCHAR
STARTCHAR E03D
ENCODING 57405
SWIDTH 660 0
DWIDTH 11 0
BBX 9 15 1 0
BITMAP
7E00
0000
2600
7600
0000
0000
7F80
F780
C380
C380
C380
C380
E380
7F80
7B80
ENDCHAR
STARTCHAR E03E
ENCODING 57406
SWIDTH 660 0
DWIDTH 11 0
BBX 9 13 1 0
BITMAP
1800
1C00
0000
0000
7F80
F780
C380
C380
C380
C380
E380
7F80
7B80
ENDCHAR
STARTCHAR E03F
ENCODING 57407
SWIDTH 660 0
DWIDTH 11 0
BBX 9 12 1 -3
BITMAP
7F80
F780
C380
C380
C380
C380
E380
7F80
7B80
0000
1800
1C00
ENDCHAR
STARTCHAR E040
ENCODING 57408
SWIDTH 660 0
DWIDTH 11 0
BBX 9 15 1 0
BITMAP
7E00
1800
1C00
0000
0000
0000
7F80
F780
C380
C380
C380
C380
E380
7F80
7B80
ENDCHAR
STARTCHAR E041
ENCODING 57409
SWIDTH 660 0
DWIDTH 11 0
BBX 9 13 1 0
BITMAP
3000
1800
0800
0000
7F80
F780
C380
C380
C380
C380
E380
7F80
7B80
ENDCHAR
STARTCHAR E042
ENCODING 57410
SWIDTH 660 0
DWIDTH 11 0
BBX 9 14 1 0
BITMAP
1C00
0C00
1C00
0800
0000
7F80
F780
C380
C380
C380
C380
E380
7F80
7B80
ENDCHAR
STARTCHAR E043
ENCODING 57411
SWIDTH 660 0
DWIDTH 11 0
BBX 9 13 1 0
BITMAP
3C00
2600
0000
0000
7F80
F780
C380
C380
C380
C380
E380
7F80
7B80
ENDCHAR
STARTCHAR E044
ENCODING 57412
SWIDTH 660 0
DWIDTH 11 0
BBX 9 12 1 0
BITMAP
7E00
0000
0000
7F80
F780
C380
C380
C380
C380
E380
7F80
7B80
ENDCHAR
STARTCHAR E045
ENCODING 57413
SWIDTH 660 0
DWIDTH 11 0
BBX 9 13 1 -4
BITMAP
7F80
F780
C380
C380
C380
C380
E380
7F80
7B80
0300
0600
0380
0100
ENDCHAR
STARTCHAR E046
ENCODING 57414
SWIDTH 660 0
DWIDTH 11 0
BBX 9 14 1 0
BITMAP
1000
0800
0800
0800
0000
7F80
F780
C380
C380
C380
C380
E380
7F80
7B80
ENDCHAR
STARTCHAR E047
ENCODING 57415
SWIDTH 660 0
DWIDTH 11 0
BBX 9 14 1 0
BITMAP
1C00
2400
3400
1800
0000
7F80
F780
C380
C380
C380
C380
E380
7F80
7B80
ENDCHAR
STARTCHAR E048
ENCODING 57416
SWIDTH 660 0
DWIDTH 11 0
BBX 9 15 1 0
BITMAP
0E00
0000
1C00
1400
1800
0000
7F80
F780
C380
C380
C380
C380
E380
7F80
7B80
ENDCHAR
STARTCHAR E049
ENCODING 57417
SWIDTH 660 0
DWIDTH 11 0
BBX 9 12 1 -3
BITMAP
7F80
F780
C380
C380
C380
C380
E380
7F80
7B80
0800
1400
1C00
ENDCHAR
STARTCHAR E04A
ENCODING 57418
SWIDTH 660 0
DWIDTH 11 0
BBX 9 13 1 0
BITMAP
3200
7E00
6400
0000
7F80
F780
C380
C380
C380
C380
E380
7F80
7B80
ENDCHAR
STARTCHAR E04B
ENCODING 57419
SWIDTH 240 0
DWIDTH 4 0
BBX 6 13 0 -4
BITMAP
60
60
60
60
60
60
60
60
60
00
4C
F8
90
ENDCHAR
STARTCHAR E04C
ENCODING 57420
SWIDTH 240 0
DWIDTH 4 0
BBX 3 13 0 -4
BITMAP
60
60
60
60
60
60
60
60
60
60
C0
E0
20
ENDCHAR
STARTCHAR E04D
ENCODING 57421
SWIDTH 240 0
DWIDTH 4 0
BBX 2 12 1 -3
BITMAP
C0
C0
C0
C0
C0
C0
C0
C0
C0
00
C0
C0
ENDCHAR
STARTCHAR E04E
ENCODING 57422
SWIDTH 240 0
DWIDTH 4 0
BBX 6 12 -1 -3
BITMAP
30
30
30
FC
30
30
30
30
30
30
30
70
ENDCHAR
STARTCHAR E04F
ENCODING 57423
SWIDTH 420 0
DWIDTH 7 0
BBX 8 13 0 -4
BITMAP
0C
0C
0C
0C
0C
0C
0C
0C
7F
FF
CC
F8
30
ENDCHAR
STARTCHAR E050
ENCODING 57424
SWIDTH 300 0
DWIDTH 5 0
BBX 4 12 1 0
BITMAP
C0
C0
C0
C0
C0
C0
C0
C0
C0
C0
F0
70
ENDCHAR
STARTCHAR E051
ENCODING 57425
SWIDTH 300 0
DWIDTH 5 0
BBX 5 12 0 0
BITMAP
60
60
60
60
78
F0
E0
60
60
60
78
38
ENDCHAR
STARTCHAR E052
ENCODING 57426
SWIDTH 300 0
DWIDTH 5 0
BBX 6 12 -1 0
BITMAP
30
30
30
30
30
FC
30
30
30
30
3C
1C
ENDCHAR
STARTCHAR E053
ENCODING 57427
SWIDTH 300 0
DWIDTH 5 0
BBX 7 12 -1 0
BITMAP
30
30
30
30
76
7C
F8
30
30
30
3C
1C
ENDCHAR
STARTCHAR E054
ENCODING 57428
SWIDTH 480 0
DWIDTH 8 0
BBX 8 12 0 0
BITMAP
0C
0C
0C
7C
CC
EC
7F
0C
0C
0C
0E
07
ENDCHAR
STARTCHAR E055
ENCODING 57429
SWIDTH 360 0
DWIDTH 6 0
BBX 6 12 1 0
BITMAP
C0
C0
C0
C0
D8
DC
C0
C0
C0
C0
F0
70
ENDCHAR
STARTCHAR E056
ENCODING 57430
SWIDTH 300 0
DWIDTH 5 0
BBX 4 16 1 0
BITMAP
70
60
C0
00
C0
C0
C0
C0
C0
C0
C0
C0
C0
C0
F0
70
ENDCHAR
STARTCHAR E057
ENCODING 57431
SWIDTH 300 0
DWIDTH 5 0
BBX 4 16 1 -4
BITMAP
C0
C0
C0
C0
C0
C0
C0
C0
C0
C0
F0
70
00
E0
C0
C0
ENDCHAR
STARTCHAR E058
ENCODING 57432
SWIDTH 360 0
DWIDTH 6 0
BBX 5 13 1 0
BITMAP
18
D8
D8
C0
C0
C0
C0
C0
C0
C0
C0
F0
70
ENDCHAR
STARTCHAR E059
ENCODING 57433
SWIDTH 300 0
DWIDTH 5 0
BBX 4 15 1 -3
BITMAP
C0
C0
C0
C0
C0
C0
C0
C0
C0
C0
F0
70
00
60
E0
ENDCHAR
STARTCHAR E05A
ENCODING 57434
SWIDTH 300 0
DWIDTH 5 0
BBX 6 18 -1 -3
BITMAP
FC
00
00
30
30
30
30
30
30
30
30
30
30
3C
1C
00
18
38
ENDCHAR
STARTCHAR E05B
ENCODING 57435
SWIDTH 300 0
DWIDTH 5 0
BBX 5 15 0 -3
BITMAP
60
60
60
60
60
60
60
60
60
60
78
38
00
00
F8
ENDCHAR
STARTCHAR E05C
ENCODING 57436
SWIDTH 300 0
DWIDTH 5 0
BBX 7 16 -1 -4
BITMAP
30
30
30
30
30
30
30
30
30
30
3C
1C
00
38
6C
C6
ENDCHAR
STARTCHAR E05D
ENCODING 57437
SWIDTH 420 0
DWIDTH 7 0
BBX 5 12 1 -3
BITMAP
D8
F8
E0
C0
C0
C0
C0
C0
C0
C0
E0
70
ENDCHAR
STARTCHAR E05E
ENCODING 57438
SWIDTH 420 0
DWIDTH 7 0
BBX 5 12 1 -3
BITMAP
D8
F8
E0
C0
C0
C0
C0
C0
C0
C0
C0
C0
ENDCHAR
STARTCHAR E05F
ENCODING 57439
SWIDTH 420 0
DWIDTH 7 0
BBX 6 9 1 0
BITMAP
DC
F8
E0
C0
C0
C0
C0
C0
C0
ENDCHAR
STARTCHAR E060
ENCODING 57440
SWIDTH 420 0
DWIDTH 7 0
BBX 8 9 -1 0
BITMAP
37
3E
38
30
FC
30
30
30
30
ENDCHAR
STARTCHAR E061
ENCODING 57441
SWIDTH 420 0
DWIDTH 7 0
BBX 6 13 1 0
BITMAP
18
30
30
00
DC
F8
E0
C0
C0
C0
C0
C0
C0
ENDCHAR
STARTCHAR E062
ENCODING 57442
SWIDTH 420 0
DWIDTH 7 0
BBX 7 13 0 -4
BITMAP
6E
7C
70
60
60
60
60
60
60
00
60
60
C0
ENDCHAR
STARTCHAR E063
ENCODING 57443
SWIDTH 420 0
DWIDTH 7 0
BBX 6 13 1 0
BITMAP
DC
78
30
00
DC
F8
E0
C0
C0
C0
C0
C0
C0
ENDCHAR
STARTCHAR E064
ENCODING 57444
SWIDTH 420 0
DWIDTH 7 0
BBX 7 13 0 0
BITMAP
D8
6C
24
00
6E
7C
70
60
60
60
60
60
60
ENDCHAR
STARTCHAR E065
ENCODING 57445
SWIDTH 420 0
DWIDTH 7 0
BBX 6 13 1 0
BITMAP
78
C8
04
00
DC
F8
E0
C0
C0
C0
C0
C0
C0
ENDCHAR
STARTCHAR E066
ENCODING 57446
SWIDTH 420 0
DWIDTH 7 0
BBX 6 13 1 0
BITMAP
30
70
00
00
DC
F8
E0
C0
C0
C0
C0
C0
C0
ENDCHAR
STARTCHAR E067
ENCODING 57447
SWIDTH 420 0
DWIDTH 7 0
BBX 6 12 1 -3
BITMAP
DC
F8
E0
C0
C0
C0
C0
C0
C0
00
C0
C0
ENDCHAR
STARTCHAR E068
ENCODING 57448
SWIDTH 420 0
DWIDTH 7 0
BBX 6 15 1 -3
BITMAP
FC
00
00
DC
F8
E0
C0
C0
C0
C0
C0
C0
00
C0
C0
ENDCHAR
STARTCHAR E069
ENCODING 57449
SWIDTH 420 0
DWIDTH 7 0
BBX 8 12 -1 -3
BITMAP
37
3E
38
30
30
30
30
30
30
00
00
FC
ENDCHAR
STARTCHAR E06A
ENCODING 57450
SWIDTH 660 0
DWIDTH 11 0
BBX 9 13 1 0
BITMAP
1000
7E00
6600
C700
C600
C600
CE00
C600
C380
C180
C180
CF80
DF00
ENDCHAR
STARTCHAR E06B
ENCODING 57451
SWIDTH 660 0
DWIDTH 11 0
BBX 9 13 1 0
BITMAP
0800
3F00
7700
E380
C580
C580
C980
C980
D180
F180
6380
7F00
3E00
ENDCHAR
STARTCHAR E06C
ENCODING 57452
SWIDTH 480 0
DWIDTH 8 0
BBX 5 12 1 0
BITMAP
38
78
D8
18
18
18
18
18
18
18
18
18
ENDCHAR
STARTCHAR E06D
ENCODING 57453
SWIDTH 660 0
DWIDTH 11 0
BBX 9 12 1 0
BITMAP
7F80
7F00
0600
0C00
1C00
1E00
0700
0180
0180
C380
7F00
3E00
ENDCHAR
STARTCHAR E06E
ENCODING 57454
SWIDTH 660 0
DWIDTH 11 0
BBX 10 12 1 0
BITMAP
0E00
0C00
1800
3800
3300
6300
6300
C300
FFC0
FFC0
0300
0300
ENDCHAR
STARTCHAR E06F
ENCODING 57455
SWIDTH 600 0
DWIDTH 10 0
BBX 9 12 1 0
BITMAP
0E00
1800
1800
3000
7E00
7F00
E300
C380
C380
E300
7F00
3E00
ENDCHAR
STARTCHAR E070
ENCODING 57456
SWIDTH 600 0
DWIDTH 10 0
BBX 8 13 1 0
BITMAP
08
7E
E7
C3
C3
C3
E7
7F
1E
0C
1C
18
30
ENDCHAR
STARTCHAR E071
ENCODING 57457
SWIDTH 660 0
DWIDTH 11 0
BBX 9 13 1 0
BITMAP
0800
3F00
7300
E180
C180
C180
C180
C180
C180
E180
6380
7F00
3E00
ENDCHAR
STARTCHAR E072
ENCODING 57458
SWIDTH 660 0
DWIDTH 11 0
BBX 5 12 3 0
BITMAP
78
F8
98
98
18
18
18
18
18
18
18
18
ENDCHAR
STARTCHAR E073
ENCODING 57459
SWIDTH 660 0
DWIDTH 11 0
BBX 9 13 1 0
BITMAP
0800
3F00
7300
6180
8180
0380
0700
0E00
1C00
3800
7000
7F80
7F80
ENDCHAR
STARTCHAR E074
ENCODING 57460
SWIDTH 660 0
DWIDTH 11 0
BBX 9 13 1 0
BITMAP
0800
3F00
7300
E180
0180
0300
1E00
1F00
0180
0180
E180
7F80
3E00
ENDCHAR
STARTCHAR E075
ENCODING 57461
SWIDTH 660 0
DWIDTH 11 0
BBX 10 12 1 0
BITMAP
0700
0F00
1F00
1B00
3300
7300
6300
C300
FFC0
FFC0
0300
0300
ENDCHAR
STARTCHAR E076
ENCODING 57462
SWIDTH 660 0
DWIDTH 11 0
BBX 9 12 1 0
BITMAP
7F00
6000
6000
6000
7E00
7F00
0380
0180
8180
6380
7F00
3E00
ENDCHAR
STARTCHAR E077
ENCODING 57463
SWIDTH 660 0
DWIDTH 11 0
BBX 9 13 1 0
BITMAP
0C00
3F00
7380
6180
E000
DF00
FF80
E180
E180
E180
6180
7F00
3E00
ENDCHAR
STARTCHAR E078
ENCODING 57464
SWIDTH 660 0
DWIDTH 11 0
BBX 9 12 1 0
BITMAP
FF80
FF80
0300
0300
0600
0600
0C00
0C00
1800
1800
3000
7000
ENDCHAR
STARTCHAR E079
ENCODING 57465
SWIDTH 660 0
DWIDTH 11 0
BBX 9 13 1 0
BITMAP
0800
3F00
7380
6180
6180
7300
1E00
7F00
E180
C180
E180
7F80
3F00
ENDCHAR
STARTCHAR E07A
ENCODING 57466
SWIDTH 660 0
DWIDTH 11 0
BBX 9 13 1 0
BITMAP
0800
7F00
6300
E180
C180
C180
E380
7F80
1980
0180
E380
7F00
3E00
ENDCHAR
STARTCHAR E07B
ENCODING 57467
SWIDTH 660 0
DWIDTH 11 0
BBX 9 13 1 0
BITMAP
0800
3F00
7300
E380
C580
C580
C980
C980
D180
F180
6380
7F00
3E00
ENDCHAR
STARTCHAR E07C
ENCODING 57468
SWIDTH 660 0
DWIDTH 11 0
BBX 5 12 3 0
BITMAP
38
F8
F8
38
38
38
38
38
38
38
38
38
ENDCHAR
STARTCHAR E07D
ENCODING 57469
SWIDTH 660 0
DWIDTH 11 0
BBX 9 12 1 0
BITMAP
7F80
7F80
0700
0E00
1C00
1E00
0780
0180
0180
E180
7F80
3E00
ENDCHAR
STARTCHAR E07E
ENCODING 57470
SWIDTH 660 0
DWIDTH 11 0
BBX 10 12 1 0
BITMAP
0E00
0C00
1800
3800
3300
6300
6300
C300
FFC0
FFC0
0300
0300
ENDCHAR
STARTCHAR E07F
ENCODING 57471
SWIDTH 660 0
DWIDTH 11 0
BBX 9 12 1 0
BITMAP
0E00
0C00
1800
3800
3E00
7F00
6380
E180
E180
6380
7F00
3E00
ENDCHAR
STARTCHAR E080
ENCODING 57472
SWIDTH 660 0
DWIDTH 11 0
BBX 9 13 1 0
BITMAP
0800
3F00
7300
6180
E180
E180
6380
7F00
1F00
0600
0C00
1800
3800
ENDCHAR
STARTCHAR E081
ENCODING 57473
SWIDTH 420 0
DWIDTH 7 0
BBX 4 16 2 -2
BITMAP
30
60
60
E0
C0
C0
C0
C0
C0
C0
C0
C0
E0
60
60
30
ENDCHAR
STARTCHAR E082
ENCODING 57474
SWIDTH 420 0
DWIDTH 7 0
BBX 4 16 1 -2
BITMAP
C0
C0
60
60
70
30
30
30
30
30
30
70
60
60
C0
C0
ENDCHAR
STARTCHAR E083
ENCODING 57475
SWIDTH 420 0
DWIDTH 7 0
BBX 4 16 2 -2
BITMAP
F0
F0
C0
C0
C0
C0
C0
C0
C0
C0
C0
C0
C0
C0
F0
F0
ENDCHAR
STARTCHAR E084
ENCODING 57476
SWIDTH 420 0
DWIDTH 7 0
BBX 5 16 0 -2
BITMAP
F8
F8
18
18
18
18
18
18
18
18
18
18
18
18
F8
F8
ENDCHAR
STARTCHAR E085
ENCODING 57477
SWIDTH 420 0
DWIDTH 7 0
BBX 5 16 1 -2
BITMAP
18
38
30
60
60
60
60
E0
E0
60
60
60
60
30
38
08
ENDCHAR
STARTCHAR E086
ENCODING 57478
SWIDTH 420 0
DWIDTH 7 0
BBX 6 16 0 -2
BITMAP
C0
F0
30
30
30
30
38
1C
1C
38
30
30
30
30
F0
C0
ENDCHAR
STARTCHAR E087
ENCODING 57479
SWIDTH 1020 0
DWIDTH 17 0
BBX 15 15 1 -1
BITMAP
0FE0
3FF8
701C
630C
C7E6
CC66
C866
D866
D866
CC66
CFFC
67BC
7000
3C20
1FF0
ENDCHAR
STARTCHAR E088
ENCODING 57480
SWIDTH 480 0
DWIDTH 8 0
BBX 6 2 1 5
BITMAP
FC
FC
ENDCHAR
STARTCHAR E089
ENCODING 57481
SWIDTH 540 0
DWIDTH 9 0
BBX 9 2 0 5
BITMAP
FF80
FF80
ENDCHAR
STARTCHAR E08A
ENCODING 57482
SWIDTH 660 0
DWIDTH 11 0
BBX 11 2 0 5
BITMAP
FFE0
FFE0
ENDCHAR
STARTCHAR E08B
ENCODING 57483
SWIDTH 1020 0
DWIDTH 17 0
BBX 17 2 0 5
BITMAP
FFFF80
FFFF80
ENDCHAR
STARTCHAR E08C
ENCODING 57484
SWIDTH 480 0
DWIDTH 8 0
BBX 5 6 2 3
BITMAP
20
F0
F8
F8
F0
60
ENDCHAR
STARTCHAR E08D
ENCODING 57485
SWIDTH 480 0
DWIDTH 8 0
BBX 5 6 2 3
BITMAP
20
F0
98
88
F0
60
ENDCHAR
STARTCHAR E08E
ENCODING 57486
SWIDTH 480 0
DWIDTH 8 0
BBX 5 2 2 5
BITMAP
F8
F8
ENDCHAR
STARTCHAR E08F
ENCODING 57487
SWIDTH 480 0
DWIDTH 8 0
BBX 5 6 2 3
BITMAP
80
C0
F0
F8
C0
80
ENDCHAR
STARTCHAR E090
ENCODING 57488
SWIDTH 600 0
DWIDTH 10 0
BBX 8 7 1 2
BITMAP
7F
FB
FB
FB
FB
7F
1F
ENDCHAR
STARTCHAR E091
ENCODING 57489
SWIDTH 600 0
DWIDTH 10 0
BBX 8 7 1 2
BITMAP
FE
CF
CF
CF
CF
FE
F8
ENDCHAR
STARTCHAR E092
ENCODING 57490
SWIDTH 300 0
DWIDTH 5 0
BBX 3 9 1 2
BITMAP
40
E0
E0
00
00
00
40
E0
E0
ENDCHAR
STARTCHAR E093
ENCODING 57491
SWIDTH 300 0
DWIDTH 5 0
BBX 3 5 1 -3
BITMAP
60
60
40
C0
C0
ENDCHAR
STARTCHAR E094
ENCODING 57492
SWIDTH 300 0
DWIDTH 5 0
BBX 3 3 1 0
BITMAP
40
E0
E0
ENDCHAR
STARTCHAR E095
ENCODING 57493
SWIDTH 300 0
DWIDTH 5 0
BBX 3 10 1 0
BITMAP
40
E0
E0
00
00
00
00
40
E0
E0
ENDCHAR
STARTCHAR E096
ENCODING 57494
SWIDTH 300 0
DWIDTH 5 0
BBX 3 13 1 -3
BITMAP
40
E0
60
00
00
00
00
00
60
60
40
C0
C0
ENDCHAR
STARTCHAR E097
ENCODING 57495
SWIDTH 660 0
DWIDTH 11 0
BBX 8 10 2 1
BITMAP
01
07
1F
7C
E0
E0
78
1F
07
01
ENDCHAR
STARTCHAR E098
ENCODING 57496
SWIDTH 660 0
DWIDTH 11 0
BBX 8 10 2 1
BITMAP
80
C0
F0
3C
0F
07
3E
F8
C0
80
ENDCHAR
STARTCHAR E099
ENCODING 57497
SWIDTH 660 0
DWIDTH 11 0
BBX 8 9 2 2
BITMAP
01
0F
FC
E0
F8
1F
03
00
FF
ENDCHAR
STARTCHAR E09A
ENCODING 57498
SWIDTH 660 0
DWIDTH 11 0
BBX 8 9 2 2
BITMAP
80
F0
7E
07
3F
F0
80
00
FF
ENDCHAR
STARTCHAR E09B
ENCODING 57499
SWIDTH 660 0
DWIDTH 11 0
BBX 8 6 2 3
BITMAP
FF
FF
00
00
FF
FF
ENDCHAR
STARTCHAR E09C
ENCODING 57500
SWIDTH 660 0
DWIDTH 11 0
BBX 8 9 2 1
BITMAP
0C
FF
FF
18
18
FF
FF
60
60
ENDCHAR
STARTCHAR E09D
ENCODING 57501
SWIDTH 660 0
DWIDTH 11 0
BBX 8 8 2 2
BITMAP
18
18
18
FF
FF
18
18
18
ENDCHAR
STARTCHAR E09E
ENCODING 57502
SWIDTH 660 0
DWIDTH 11 0
BBX 8 2 2 5
BITMAP
FF
FF
ENDCHAR
STARTCHAR E09F
ENCODING 57503
SWIDTH 660 0
DWIDTH 11 0
BBX 8 8 2 2
BITMAP
82
C7
6E
3C
38
7C
E7
C2
ENDCHAR
STARTCHAR E0A0
ENCODING 57504
SWIDTH 660 0
DWIDTH 11 0
BBX 8 10 2 1
BITMAP
10
38
18
00
FF
FF
00
18
38
10
ENDCHAR
STARTCHAR E0A1
ENCODING 57505
SWIDTH 660 0
DWIDTH 11 0
BBX 8 8 2 2
BITMAP
18
18
FF
FF
18
18
00
FF
ENDCHAR
STARTCHAR E0A2
ENCODING 57506
SWIDTH 660 0
DWIDTH 11 0
BBX 9 8 1 2
BITMAP
2000
7980
CF80
C700
3000
7980
CF80
0700
ENDCHAR
STARTCHAR E0A3
ENCODING 57507
SWIDTH 660 0
DWIDTH 11 0
BBX 9 4 1 4
BITMAP
3000
7980
CF80
C700
ENDCHAR
STARTCHAR E0A4
ENCODING 57508
SWIDTH 540 0
DWIDTH 9 0
BBX 7 7 1 2
BITMAP
10
D6
7C
3C
D6
10
10
ENDCHAR
STARTCHAR E0A5
ENCODING 57509
SWIDTH 180 0
DWIDTH 3 0
BBX 1 9 1 6
BITMAP
80
80
80
80
80
80
80
80
80
ENDCHAR
STARTCHAR E0A6
ENCODING 57510
SWIDTH 420 0
DWIDTH 7 0
BBX 5 7 1 6
BITMAP
B0
F8
88
88
88
88
88
ENDCHAR
STARTCHAR E0A7
ENCODING 57511
SWIDTH 300 0
DWIDTH 5 0
BBX 3 11 1 4
BITMAP
E0
E0
C0
C0
C0
C0
C0
C0
C0
E0
E0
ENDCHAR
STARTCHAR E0A8
ENCODING 57512
SWIDTH 300 0
DWIDTH 5 0
BBX 3 11 0 4
BITMAP
E0
E0
20
20
20
20
20
20
20
E0
E0
ENDCHAR
STARTCHAR E0A9
ENCODING 57513
SWIDTH 420 0
DWIDTH 7 0
BBX 6 8 1 -2
BITMAP
80
80
B8
CC
8C
8C
D8
B8
ENDCHAR
STARTCHAR E0AA
ENCODING 57514
SWIDTH 420 0
DWIDTH 7 0
BBX 6 6 0 -2
BITMAP
7C
44
C0
40
6C
38
ENDCHAR
STARTCHAR E0AB
ENCODING 57515
SWIDTH 420 0
DWIDTH 7 0
BBX 6 8 0 -2
BITMAP
04
04
7C
44
C4
44
6C
34
ENDCHAR
STARTCHAR E0AC
ENCODING 57516
SWIDTH 240 0
DWIDTH 4 0
BBX 4 9 0 -2
BITMAP
30
70
60
F0
60
60
60
60
60
ENDCHAR
STARTCHAR E0AD
ENCODING 57517
SWIDTH 420 0
DWIDTH 7 0
BBX 6 8 0 -4
BITMAP
7C
44
C4
44
7C
34
44
7C
ENDCHAR
STARTCHAR E0AE
ENCODING 57518
SWIDTH 420 0
DWIDTH 7 0
BBX 6 8 0 -4
BITMAP
7C
44
C4
44
6C
34
04
04
ENDCHAR
STARTCHAR E0AF
ENCODING 57519
SWIDTH 600 0
DWIDTH 10 0
BBX 9 6 0 -2
BITMAP
CD80
4D80
7D80
7700
3300
3300
ENDCHAR
STARTCHAR E0B0
ENCODING 57520
SWIDTH 420 0
DWIDTH 7 0
BBX 6 8 0 -4
BITMAP
CC
4C
68
28
38
30
30
60
ENDCHAR
STARTCHAR E0B1
ENCODING 57521
SWIDTH 360 0
DWIDTH 6 0
BBX 5 6 1 -2
BITMAP
F8
30
20
60
F8
F8
ENDCHAR
STARTCHAR E0B2
ENCODING 57522
SWIDTH 300 0
DWIDTH 5 0
BBX 3 11 1 -4
BITMAP
E0
E0
C0
C0
C0
C0
C0
C0
C0
E0
E0
ENDCHAR
STARTCHAR E0B3
ENCODING 57523
SWIDTH 300 0
DWIDTH 5 0
BBX 3 11 0 -4
BITMAP
E0
E0
20
20
20
20
20
20
20
E0
E0
ENDCHAR
STARTCHAR E0B4
ENCODING 57524
SWIDTH 420 0
DWIDTH 7 0
BBX 5 7 1 0
BITMAP
70
F8
88
88
88
D8
70
ENDCHAR
STARTCHAR E0B5
ENCODING 57525
SWIDTH 300 0
DWIDTH 5 0
BBX 3 7 1 0
BITMAP
60
E0
E0
60
60
60
60
ENDCHAR
STARTCHAR E0B6
ENCODING 57526
SWIDTH 360 0
DWIDTH 6 0
BBX 5 7 1 0
BITMAP
60
F8
98
10
70
C0
F8
ENDCHAR
STARTCHAR E0B7
ENCODING 57527
SWIDTH 420 0
DWIDTH 7 0
BBX 5 7 1 0
BITMAP
60
F8
18
30
18
98
F0
ENDCHAR
STARTCHAR E0B8
ENCODING 57528
SWIDTH 420 0
DWIDTH 7 0
BBX 6 7 0 0
BITMAP
0C
1C
3C
6C
4C
FC
0C
ENDCHAR
STARTCHAR E0B9
ENCODING 57529
SWIDTH 420 0
DWIDTH 7 0
BBX 5 7 1 0
BITMAP
F8
F8
80
F8
08
98
F0
ENDCHAR
STARTCHAR E0BA
ENCODING 57530
SWIDTH 420 0
DWIDTH 7 0
BBX 6 7 0 0
BITMAP
38
7C
40
FC
44
4C
38
ENDCHAR
STARTCHAR E0BB
ENCODING 57531
SWIDTH 360 0
DWIDTH 6 0
BBX 6 7 0 0
BITMAP
FC
FC
08
18
30
20
60
ENDCHAR
STARTCHAR E0BC
ENCODING 57532
SWIDTH 420 0
DWIDTH 7 0
BBX 5 7 1 0
BITMAP
70
F8
98
70
98
98
F8
ENDCHAR
STARTCHAR E0BD
ENCODING 57533
SWIDTH 420 0
DWIDTH 7 0
BBX 5 7 1 0
BITMAP
60
F8
88
D8
68
98
F0
ENDCHAR
STARTCHAR E0BE
ENCODING 57534
SWIDTH 420 0
DWIDTH 7 0
BBX 5 7 1 -2
BITMAP
70
F8
88
88
88
D8
70
ENDCHAR
STARTCHAR E0BF
ENCODING 57535
SWIDTH 300 0
DWIDTH 5 0
BBX 3 7 1 -2
BITMAP
60
E0
E0
60
60
60
60
ENDCHAR
STARTCHAR E0C0
ENCODING 57536
SWIDTH 360 0
DWIDTH 6 0
BBX 5 7 1 -2
BITMAP
60
F8
98
10
70
C0
F8
ENDCHAR
STARTCHAR E0C1
ENCODING 57537
SWIDTH 420 0
DWIDTH 7 0
BBX 5 7 1 -2
BITMAP
60
F8
18
30
18
98
F0
ENDCHAR
STARTCHAR E0C2
ENCODING 57538
SWIDTH 420 0
DWIDTH 7 0
BBX 6 7 0 -2
BITMAP
0C
1C
3C
6C
4C
FC
0C
ENDCHAR
STARTCHAR E0C3
ENCODING 57539
SWIDTH 420 0
DWIDTH 7 0
BBX 5 7 1 -2
BITMAP
F8
F8
80
F8
08
98
F0
ENDCHAR
STARTCHAR E0C4
ENCODING 57540
SWIDTH 420 0
DWIDTH 7 0
BBX 6 7 0 -2
BITMAP
38
7C
40
FC
44
4C
38
ENDCHAR
STARTCHAR E0C5
ENCODING 57541
SWIDTH 360 0
DWIDTH 6 0
BBX 6 7 0 -2
BITMAP
FC
FC
08
18
30
20
60
ENDCHAR
STARTCHAR E0C6
ENCODING 57542
SWIDTH 420 0
DWIDTH 7 0
BBX 5 7 1 -2
BITMAP
70
F8
98
70
98
98
F8
ENDCHAR
STARTCHAR E0C7
ENCODING 57543
SWIDTH 420 0
DWIDTH 7 0
BBX 5 7 1 -2
BITMAP
60
F8
88
D8
68
98
F0
ENDCHAR
STARTCHAR E0C8
ENCODING 57544
SWIDTH 420 0
DWIDTH 7 0
BBX 5 5 1 -1
BITMAP
20
20
F8
20
20
ENDCHAR
STARTCHAR E0C9
ENCODING 57545
SWIDTH 420 0
DWIDTH 7 0
BBX 5 1 1 1
BITMAP
F8
ENDCHAR
STARTCHAR E0CA
ENCODING 57546
SWIDTH 420 0
DWIDTH 7 0
BBX 5 3 1 0
BITMAP
F8
00
F8
ENDCHAR
STARTCHAR E0CB
ENCODING 57547
SWIDTH 240 0
DWIDTH 4 0
BBX 3 8 1 -3
BITMAP
60
C0
C0
C0
C0
C0
40
60
ENDCHAR
STARTCHAR E0CC
ENCODING 57548
SWIDTH 240 0
DWIDTH 4 0
BBX 3 8 0 -3
BITMAP
C0
60
20
20
20
60
60
C0
ENDCHAR
STARTCHAR E0CD
ENCODING 57549
SWIDTH 420 0
DWIDTH 7 0
BBX 5 7 1 6
BITMAP
70
F8
88
88
88
D8
70
ENDCHAR
STARTCHAR E0CE
ENCODING 57550
SWIDTH 300 0
DWIDTH 5 0
BBX 3 7 1 6
BITMAP
60
E0
E0
60
60
60
60
ENDCHAR
STARTCHAR E0CF
ENCODING 57551
SWIDTH 360 0
DWIDTH 6 0
BBX 5 7 1 6
BITMAP
60
F8
98
10
70
C0
F8
ENDCHAR
STARTCHAR E0D0
ENCODING 57552
SWIDTH 420 0
DWIDTH 7 0
BBX 5 7 1 6
BITMAP
60
F8
18
30
18
98
F0
ENDCHAR
STARTCHAR E0D1
ENCODING 57553
SWIDTH 420 0
DWIDTH 7 0
BBX 6 7 0 6
BITMAP
0C
1C
3C
6C
4C
FC
0C
ENDCHAR
STARTCHAR E0D2
ENCODING 57554
SWIDTH 420 0
DWIDTH 7 0
BBX 5 7 1 6
BITMAP
F8
F8
80
F8
08
98
F0
ENDCHAR
STARTCHAR E0D3
ENCODING 57555
SWIDTH 420 0
DWIDTH 7 0
BBX 6 7 0 6
BITMAP
38
7C
40
FC
44
4C
38
ENDCHAR
STARTCHAR E0D4
ENCODING 57556
SWIDTH 360 0
DWIDTH 6 0
BBX 6 7 0 6
BITMAP
FC
FC
08
18
30
20
60
ENDCHAR
STARTCHAR E0D5
ENCODING 57557
SWIDTH 420 0
DWIDTH 7 0
BBX 5 7 1 6
BITMAP
70
F8
98
70
98
98
F8
ENDCHAR
STARTCHAR E0D6
ENCODING 57558
SWIDTH 420 0
DWIDTH 7 0
BBX 5 7 1 6
BITMAP
60
F8
88
D8
68
98
F0
ENDCHAR
STARTCHAR E0D7
ENCODING 57559
SWIDTH 420 0
DWIDTH 7 0
BBX 5 5 1 7
BITMAP
20
20
F8
20
20
ENDCHAR
STARTCHAR E0D8
ENCODING 57560
SWIDTH 420 0
DWIDTH 7 0
BBX 5 1 1 9
BITMAP
F8
ENDCHAR
STARTCHAR E0D9
ENCODING 57561
SWIDTH 420 0
DWIDTH 7 0
BBX 5 3 1 8
BITMAP
F8
00
F8
ENDCHAR
STARTCHAR E0DA
ENCODING 57562
SWIDTH 240 0
DWIDTH 4 0
BBX 3 8 1 5
BITMAP
60
C0
C0
C0
C0
C0
40
60
ENDCHAR
STARTCHAR E0DB
ENCODING 57563
SWIDTH 240 0
DWIDTH 4 0
BBX 3 8 0 5
BITMAP
C0
60
20
20
20
60
60
C0
ENDCHAR
STARTCHAR E0DC
ENCODING 57564
SWIDTH 420 0
DWIDTH 7 0
BBX 5 7 1 6
BITMAP
70
F8
88
88
88
D8
70
ENDCHAR
STARTCHAR E0DD
ENCODING 57565
SWIDTH 300 0
DWIDTH 5 0
BBX 3 7 1 6
BITMAP
60
E0
E0
60
60
60
60
ENDCHAR
STARTCHAR E0DE
ENCODING 57566
SWIDTH 360 0
DWIDTH 6 0
BBX 5 7 1 6
BITMAP
60
F8
98
10
70
C0
F8
ENDCHAR
STARTCHAR E0DF
ENCODING 57567
SWIDTH 420 0
DWIDTH 7 0
BBX 5 7 1 6
BITMAP
60
F8
18
30
18
98
F0
ENDCHAR
STARTCHAR E0E0
ENCODING 57568
SWIDTH 420 0
DWIDTH 7 0
BBX 6 7 0 6
BITMAP
0C
1C
3C
6C
4C
FC
0C
ENDCHAR
STARTCHAR E0E1
ENCODING 57569
SWIDTH 420 0
DWIDTH 7 0
BBX 5 7 1 6
BITMAP
F8
F8
80
F8
08
98
F0
ENDCHAR
STARTCHAR E0E2
ENCODING 57570
SWIDTH 420 0
DWIDTH 7 0
BBX 6 7 0 6
BITMAP
38
7C
40
FC
44
4C
38
ENDCHAR
STARTCHAR E0E3
ENCODING 57571
SWIDTH 360 0
DWIDTH 6 0
BBX 6 7 0 6
BITMAP
FC
FC
08
18
30
20
60
ENDCHAR
STARTCHAR E0E4
ENCODING 57572
SWIDTH 420 0
DWIDTH 7 0
BBX 5 7 1 6
BITMAP
70
F8
98
70
98
98
F8
ENDCHAR
STARTCHAR E0E5
ENCODING 57573
SWIDTH 420 0
DWIDTH 7 0
BBX 5 7 1 6
BITMAP
60
F8
88
D8
68
98
F0
ENDCHAR
STARTCHAR E0E6
ENCODING 57574
SWIDTH 480 0
DWIDTH 8 0
BBX 6 2 1 10
BITMAP
CC
78
ENDCHAR
STARTCHAR E0F3
ENCODING 57587
SWIDTH 240 0
DWIDTH 4 0
BBX 6 9 -1 0
BITMAP
30
30
30
FC
30
30
30
30
30
ENDCHAR
STARTCHAR E0F4
ENCODING 57588
SWIDTH 240 0
DWIDTH 4 0
BBX 2 6 1 5
BITMAP
C0
C0
C0
C0
C0
C0
ENDCHAR
STARTCHAR E0F5
ENCODING 57589
SWIDTH 240 0
DWIDTH 4 0
BBX 3 9 1 3
BITMAP
60
60
60
60
60
60
60
60
C0
ENDCHAR
STARTCHAR E0F6
ENCODING 57590
SWIDTH 0 0
DWIDTH 0 0
BBX 5 4 -6 14
BITMAP
18
30
00
F8
ENDCHAR
STARTCHAR E0F7
ENCODING 57591
SWIDTH 0 0
DWIDTH 0 0
BBX 6 4 -6 14
BITMAP
E0
30
00
FC
ENDCHAR
STARTCHAR E0F8
ENCODING 57592
SWIDTH 0 0
DWIDTH 0 0
BBX 5 5 -6 11
BITMAP
18
30
20
00
F8
ENDCHAR
STARTCHAR E0F9
ENCODING 57593
SWIDTH 0 0
DWIDTH 0 0
BBX 6 4 -8 11
BITMAP
E0
70
00
FC
ENDCHAR
STARTCHAR E0FA
ENCODING 57594
SWIDTH 300 0
DWIDTH 5 0
BBX 3 3 1 9
BITMAP
C0
60
40
ENDCHAR
STARTCHAR E0FB
ENCODING 57595
SWIDTH 480 0
DWIDTH 8 0
BBX 6 3 1 9
BITMAP
78
48
C4
ENDCHAR
STARTCHAR E0FC
ENCODING 57596
SWIDTH 420 0
DWIDTH 7 0
BBX 5 3 1 9
BITMAP
F0
C8
40
ENDCHAR
STARTCHAR E0FD
ENCODING 57597
SWIDTH 480 0
DWIDTH 8 0
BBX 5 3 2 9
BITMAP
D8
A0
80
ENDCHAR
STARTCHAR E0FE
ENCODING 57598
SWIDTH 480 0
DWIDTH 8 0
BBX 6 3 1 9
BITMAP
CC
70
40
ENDCHAR
STARTCHAR E0FF
ENCODING 57599
SWIDTH 360 0
DWIDTH 6 0
BBX 5 5 1 9
BITMAP
F8
B0
20
20
40
ENDCHAR
STARTCHAR E100
ENCODING 57600
SWIDTH 360 0
DWIDTH 6 0
BBX 5 5 1 9
BITMAP
F8
B0
20
20
30
ENDCHAR
STARTCHAR E101
ENCODING 57601
SWIDTH 300 0
DWIDTH 5 0
BBX 3 3 1 9
BITMAP
C0
60
20
ENDCHAR
STARTCHAR E102
ENCODING 57602
SWIDTH 300 0
DWIDTH 5 0
BBX 3 3 2 10
BITMAP
E0
C0
80
ENDCHAR
STARTCHAR E103
ENCODING 57603
SWIDTH 480 0
DWIDTH 8 0
BBX 6 1 1 6
BITMAP
FC
ENDCHAR
STARTCHAR E104
ENCODING 57604
SWIDTH 0 0
DWIDTH 0 0
BBX 4 6 -6 10
BITMAP
C0
C0
00
70
60
C0
ENDCHAR
STARTCHAR E105
ENCODING 57605
SWIDTH 0 0
DWIDTH 0 0
BBX 6 5 -8 10
BITMAP
CC
88
44
FC
90
ENDCHAR
STARTCHAR E106
ENCODING 57606
SWIDTH 0 0
DWIDTH 0 0
BBX 6 5 -8 11
BITMAP
1C
10
30
CC
CC
ENDCHAR
STARTCHAR E107
ENCODING 57607
SWIDTH 0 0
DWIDTH 0 0
BBX 6 6 -8 10
BITMAP
20
30
20
CC
78
30
ENDCHAR
STARTCHAR E108
ENCODING 57608
SWIDTH 0 0
DWIDTH 0 0
BBX 6 3 -8 10
BITMAP
CC
78
30
ENDCHAR
STARTCHAR E109
ENCODING 57609
SWIDTH 0 0
DWIDTH 0 0
BBX 6 3 -8 -4
BITMAP
CC
78
30
ENDCHAR
STARTCHAR E10A
ENCODING 57610
SWIDTH 660 0
DWIDTH 11 0
BBX 12 9 1 0
BITMAP
7D80
E780
C380
C360
C3E0
C360
C3B0
7F80
3D80
ENDCHAR
STARTCHAR E10B
ENCODING 57611
SWIDTH 300 0
DWIDTH 5 0
BBX 3 4 1 -3
BITMAP
40
60
20
E0
ENDCHAR
STARTCHAR E10C
ENCODING 57612
SWIDTH 0 0
DWIDTH 0 0
BBX 6 3 -8 12
BITMAP
FC
30
70
ENDCHAR
STARTCHAR E10D
ENCODING 57613
SWIDTH 0 0
DWIDTH 0 0
BBX 6 4 -8 11
BITMAP
FC
00
CC
DC
ENDCHAR
STARTCHAR E10E
ENCODING 57614
SWIDTH 0 0
DWIDTH 0 0
BBX 6 5 -8 10
BITMAP
E0
70
00
CC
88
ENDCHAR
STARTCHAR E10F
ENCODING 57615
SWIDTH 480 0
DWIDTH 8 0
BBX 8 10 0 -3
BITMAP
F8
FE
06
07
07
07
06
06
1C
18
ENDCHAR
STARTCHAR E110
ENCODING 57616
SWIDTH 0 0
DWIDTH 0 0
BBX 6 5 -8 10
BITMAP
FC
00
44
FC
90
ENDCHAR
STARTCHAR E111
ENCODING 57617
SWIDTH 0 0
DWIDTH 0 0
BBX 6 4 -8 11
BITMAP
CC
CC
00
FC
ENDCHAR
STARTCHAR E112
ENCODING 57618
SWIDTH 0 0
DWIDTH 0 0
BBX 6 6 -6 10
BITMAP
1C
18
30
64
FC
C8
ENDCHAR
STARTCHAR E113
ENCODING 57619
SWIDTH 0 0
DWIDTH 0 0
BBX 6 5 -8 10
BITMAP
DC
70
00
CC
88
ENDCHAR
STARTCHAR E114
ENCODING 57620
SWIDTH 300 0
DWIDTH 5 0
BBX 4 6 0 -4
BITMAP
30
30
30
30
F0
C0
ENDCHAR
STARTCHAR E115
ENCODING 57621
SWIDTH 360 0
DWIDTH 6 0
BBX 4 5 1 9
BITMAP
30
40
60
A0
60
ENDCHAR
STARTCHAR E116
ENCODING 57622
SWIDTH 600 0
DWIDTH 10 0
BBX 9 4 0 10
BITMAP
C000
6000
1F00
1980
ENDCHAR
STARTCHAR E117
ENCODING 57623
SWIDTH 0 0
DWIDTH 0 0
BBX 6 4 -8 10
BITMAP
DC
30
CC
C8
ENDCHAR
STARTCHAR E118
ENCODING 57624
SWIDTH 0 0
DWIDTH 0 0
BBX 6 4 -8 14
BITMAP
FC
00
CC
DC
ENDCHAR
STARTCHAR E119
ENCODING 57625
SWIDTH 0 0
DWIDTH 0 0
BBX 6 4 -8 10
BITMAP
30
20
DC
70
ENDCHAR
STARTCHAR E11A
ENCODING 57626
SWIDTH 480 0
DWIDTH 8 0
BBX 6 4 1 10
BITMAP
18
30
CC
78
ENDCHAR
STARTCHAR E11B
ENCODING 57627
SWIDTH 0 0
DWIDTH 0 0
BBX 5 3 -8 11
BITMAP
40
F8
30
ENDCHAR
STARTCHAR E11C
ENCODING 57628
SWIDTH 480 0
DWIDTH 8 0
BBX 6 4 1 10
BITMAP
60
30
CC
78
ENDCHAR
STARTCHAR E11D
ENCODING 57629
SWIDTH 600 0
DWIDTH 10 0
BBX 9 4 0 10
BITMAP
0180
0300
3800
C600
ENDCHAR
STARTCHAR E11E
ENCODING 57630
SWIDTH 0 0
DWIDTH 0 0
BBX 6 4 -8 10
BITMAP
CC
88
68
98
ENDCHAR
STARTCHAR E11F
ENCODING 57631
SWIDTH 600 0
DWIDTH 10 0
BBX 8 4 1 10
BITMAP
07
07
78
CC
ENDCHAR
STARTCHAR E120
ENCODING 57632
SWIDTH 480 0
DWIDTH 8 0
BBX 6 5 1 10
BITMAP
08
78
00
CC
78
ENDCHAR
STARTCHAR E121
ENCODING 57633
SWIDTH 0 0
DWIDTH 0 0
BBX 6 5 -6 13
BITMAP
1C
30
00
DC
C8
ENDCHAR
STARTCHAR E122
ENCODING 57634
SWIDTH 0 0
DWIDTH 0 0
BBX 6 3 -8 15
BITMAP
FC
30
70
ENDCHAR
STARTCHAR E123
ENCODING 57635
SWIDTH 0 0
DWIDTH 0 0
BBX 6 4 -8 10
BITMAP
CC
C8
FC
FC
ENDCHAR
STARTCHAR E124
ENCODING 57636
SWIDTH 0 0
DWIDTH 0 0
BBX 6 4 -8 10
BITMAP
60
20
CC
C8
ENDCHAR
STARTCHAR E125
ENCODING 57637
SWIDTH 0 0
DWIDTH 0 0
BBX 6 4 -8 10
BITMAP
FC
00
68
98
ENDCHAR
STARTCHAR E126
ENCODING 57638
SWIDTH 600 0
DWIDTH 10 0
BBX 6 4 2 10
BITMAP
78
00
78
CC
ENDCHAR
STARTCHAR E127
ENCODING 57639
SWIDTH 480 0
DWIDTH 8 0
BBX 6 5 1 10
BITMAP
30
18
30
CC
78
ENDCHAR
STARTCHAR E128
ENCODING 57640
SWIDTH 300 0
DWIDTH 5 0
BBX 3 4 1 9
BITMAP
60
C0
C0
C0
ENDCHAR
STARTCHAR E129
ENCODING 57641
SWIDTH 360 0
DWIDTH 6 0
BBX 2 3 2 10
BITMAP
C0
80
80
ENDCHAR
STARTCHAR E12A
ENCODING 57642
SWIDTH 0 0
DWIDTH 0 0
BBX 6 5 -6 13
BITMAP
1C
30
44
FC
88
ENDCHAR
STARTCHAR E12B
ENCODING 57643
SWIDTH 1440 0
DWIDTH 24 0
BBX 23 23 0 -5
BITMAP
007C00
03FF80
0701E0
0C0070
180018
30180C
607E0C
60E706
40C706
C1CF02
C18B82
C19B82
C19382
C1B302
41E306
60E706
60FE04
307C0C
300018
180038
0E0070
0783C0
01FF00
ENDCHAR
STARTCHAR E12C
ENCODING 57644
SWIDTH 1440 0
DWIDTH 24 0
BBX 23 23 0 -5
BITMAP
007C00
03FF80
0701E0
0C0070
180018
30000C
60180C
607806
407806
C01802
C01802
C01802
C01802
C01802
401806
601806
601804
30180C
300018
180038
0E0070
0783C0
01FF00
ENDCHAR
STARTCHAR E12D
ENCODING 57645
SWIDTH 1440 0
DWIDTH 24 0
BBX 23 23 0 -5
BITMAP
007C00
03FF80
0701E0
0C0070
180018
30000C
60FF0C
60FF06
400E06
C01C02
C03802
C03E02
C00702
C00302
400306
61C306
60FF04
307E0C
300018
180038
0E0070
0783C0
01FF00
ENDCHAR
STARTCHAR E12E
ENCODING 57646
SWIDTH 1440 0
DWIDTH 24 0
BBX 23 23 0 -5
BITMAP
007C00
03FF80
0701E0
0C0070
180018
30040C
60180C
603806
403006
C06002
C06602
C0C602
C0C602
C18602
41FF06
61FF06
600604
30060C
300018
180038
0E0070
0783C0
01FF00
ENDCHAR
STARTCHAR E12F
ENCODING 57647
SWIDTH 1440 0
DWIDTH 24 0
BBX 23 23 0 -5
BITMAP
007C00
03FF80
0701E0
0C0070
180018
30000C
601C0C
601806
403006
C07002
C07C02
C0FE02
C0C702
C0C302
40C306
60C306
60FE04
307C0C
300018
180038
0E0070
0783C0
01FF00
ENDCHAR
STARTCHAR E130
ENCODING 57648
SWIDTH 1440 0
DWIDTH 24 0
BBX 23 23 0 -5
BITMAP
007C00
03FF80
0701E0
0C0070
180018
30100C
607E0C
60E706
40C306
C0C302
C0C302
C0E702
C07E02
C03E02
400C06
601806
603804
30700C
300018
180038
0E0070
0783C0
01FF00
ENDCHAR
STARTCHAR E131
ENCODING 57649
SWIDTH 1440 0
DWIDTH 24 0
BBX 23 23 0 -5
BITMAP
007C00
03FF80
0701E0
0C0070
180018
30000C
60180C
601806
401806
C01802
C01802
C01802
C01802
C01802
400006
601006
603804
30180C
300018
180038
0E0070
0783C0
01FF00
ENDCHAR
STARTCHAR E132
ENCODING 57650
SWIDTH 1440 0
DWIDTH 24 0
BBX 23 23 0 -5
BITMAP
007C00
03FF80
0701E0
0C0070
180018
30180C
607E0C
60E706
40C306
C00302
C00602
C01C02
C01802
C01802
400006
601006
603804
30180C
300018
180038
0E0070
0783C0
01FF00
ENDCHAR
STARTCHAR E133
ENCODING 57651
SWIDTH 1440 0
DWIDTH 24 0
BBX 23 23 0 -5
BITMAP
007C00
03FF80
0701E0
0C0070
180018
30100C
60230C
602306
406206
C1FF82
C1FF82
C06602
C04602
C1FF02
41FF06
60C406
60CC04
30CC0C
300018
180038
0E0070
0783C0
01FF00
ENDCHAR
STARTCHAR E134
ENCODING 57652
SWIDTH 1440 0
DWIDTH 24 0
BBX 23 23 0 -5
BITMAP
007C00
03FF80
0701E0
0C0070
180018
30000C
60000C
600006
400006
C00002
C00002
C07E02
C07E02
C00002
400006
600006
600004
30000C
300018
180038
0E0070
0783C0
01FF00
ENDCHAR
STARTCHAR E135
ENCODING 57653
SWIDTH 1440 0
DWIDTH 24 0
BBX 23 23 0 -5
BITMAP
007C00
03FF80
0701E0
0C0070
180018
30000C
60000C
600106
400706
C01F02
C07802
C1E002
C1E002
C07802
401E06
600706
600104
30000C
300018
180038
0E0070
0783C0
01FF00
ENDCHAR
STARTCHAR E136
ENCODING 57654
SWIDTH 1440 0
DWIDTH 24 0
BBX 23 23 0 -5
BITMAP
007C00
03FF80
0701E0
0C0070
180018
30000C
60000C
608006
40C006
C0F002
C03E02
C00F02
C00702
C01E02
40F806
60E006
608004
30000C
300018
180038
0E0070
0783C0
01FF00
ENDCHAR
STARTCHAR E137
ENCODING 57655
SWIDTH 1440 0
DWIDTH 24 0
BBX 23 23 0 -5
BITMAP
007C00
03FF80
0701E0
0C0070
180018
30000C
60000C
600006
400006
C0FF02
C0FF02
C00002
C00002
C0FF02
40FF06
600006
600004
30000C
300018
180038
0E0070
0783C0
01FF00
ENDCHAR
STARTCHAR E138
ENCODING 57656
SWIDTH 1440 0
DWIDTH 24 0
BBX 23 23 0 -5
BITMAP
007C00
03FF80
0701E0
0C0070
180018
30000C
60180C
603C06
407E06
C0DF02
C19B82
C31982
C01802
C01802
401806
601806
601804
30180C
300018
180038
0E0070
0783C0
01FF00
ENDCHAR
STARTCHAR E139
ENCODING 57657
SWIDTH 1440 0
DWIDTH 24 0
BBX 23 23 0 -5
BITMAP
007C00
03FF80
0701E0
0C0070
180018
30000C
60180C
601806
401806
C01802
C01802
C11882
C39982
C1DB02
40FE06
607C06
603804
30100C
300018
180038
0E0070
0783C0
01FF00
ENDCHAR
STARTCHAR E13A
ENCODING 57658
SWIDTH 1440 0
DWIDTH 24 0
BBX 23 23 0 -5
BITMAP
007C00
03FF80
0701E0
0C0070
180018
30000C
60180C
603006
406006
C0C002
C18002
C3FFC2
C38002
C1C002
40E006
607006
603804
30000C
300018
180038
0E0070
0783C0
01FF00
ENDCHAR
STARTCHAR E13B
ENCODING 57659
SWIDTH 1440 0
DWIDTH 24 0
BBX 23 23 0 -5
BITMAP
007C00
03FF80
0701E0
0C0070
180018
30000C
60180C
601C06
400E06
C00702
C00382
C3FFC2
C00182
C00302
400606
600C06
601804
30000C
300018
180038
0E0070
0783C0
01FF00
ENDCHAR
STARTCHAR E13C
ENCODING 57660
SWIDTH 1440 0
DWIDTH 24 0
BBX 23 23 0 -5
BITMAP
007C00
03FF80
0701E0
0C0070
180018
30000C
60000C
600086
4001C6
C00382
C10702
C38E02
C1DC02
C0F802
407006
602006
600004
30000C
300018
180038
0E0070
0783C0
01FF00
ENDCHAR
STARTCHAR E13D
ENCODING 57661
SWIDTH 1440 0
DWIDTH 24 0
BBX 23 23 0 -5
BITMAP
007C00
03FF80
0701E0
0C0070
180018
30000C
60000C
608306
41C706
C0EE02
C07C02
C03802
C07C02
C0EE02
41C706
608206
600004
30000C
300018
180038
0E0070
0783C0
01FF00
ENDCHAR
STARTCHAR E13E
ENCODING 57662
SWIDTH 1440 0
DWIDTH 24 0
BBX 22 22 1 -5
BITMAP
FFFFFC
80000C
80000C
80000C
80200C
80FC0C
81CE0C
81860C
83860C
83070C
83070C
83070C
83060C
83860C
818E0C
81FC0C
80F80C
80000C
80000C
80000C
FFFFFC
FFFFF8
ENDCHAR
STARTCHAR E13F
ENCODING 57663
SWIDTH 1440 0
DWIDTH 24 0
BBX 22 22 1 -5
BITMAP
FFFFFC
80000C
80000C
80000C
80000C
80700C
81F00C
81B00C
81300C
80300C
80300C
80300C
80300C
80300C
80300C
80300C
80300C
80000C
80000C
80000C
FFFFFC
FFFFF8
ENDCHAR
STARTCHAR E140
ENCODING 57664
SWIDTH 1440 0
DWIDTH 24 0
BBX 22 22 1 -5
BITMAP
FFFFFC
80000C
80000C
80000C
80200C
80FC0C
81CE0C
81860C
80060C
800E0C
800C0C
80180C
80300C
80600C
80C00C
81FE0C
81FE0C
80000C
80000C
80000C
FFFFFC
FFFFF8
ENDCHAR
STARTCHAR E141
ENCODING 57665
SWIDTH 1440 0
DWIDTH 24 0
BBX 22 22 1 -5
BITMAP
FFFFFC
80000C
80000C
80000C
80200C
80FC0C
81CE0C
83860C
80060C
800C0C
80780C
807E0C
80060C
80060C
83860C
81FE0C
80FC0C
80000C
80000C
80000C
FFFFFC
FFFFF8
ENDCHAR
STARTCHAR E142
ENCODING 57666
SWIDTH 1440 0
DWIDTH 24 0
BBX 22 22 1 -5
BITMAP
FFFFFC
80000C
80000C
80000C
80000C
803C0C
803C0C
806C0C
80EC0C
80CC0C
818C0C
818C0C
830C0C
83FE0C
83FE0C
800C0C
800C0C
80000C
80000C
80000C
FFFFFC
FFFFF8
ENDCHAR
STARTCHAR E143
ENCODING 57667
SWIDTH 1440 0
DWIDTH 24 0
BBX 22 22 1 -5
BITMAP
FFFFFC
80000C
80000C
80000C
80000C
81FE0C
81800C
81800C
81800C
81F80C
81FC0C
80060C
80060C
82060C
81860C
81FC0C
80F80C
80000C
80000C
80000C
FFFFFC
FFFFF8
ENDCHAR
STARTCHAR E144
ENCODING 57668
SWIDTH 1440 0
DWIDTH 24 0
BBX 22 22 1 -5
BITMAP
FFFFFC
80000C
80000C
80000C
80300C
80FC0C
81CE0C
81860C
83800C
837C0C
83FE0C
83860C
83860C
83860C
81860C
81FC0C
80F80C
80000C
80000C
80000C
FFFFFC
FFFFF8
ENDCHAR
STARTCHAR E145
ENCODING 57669
SWIDTH 1440 0
DWIDTH 24 0
BBX 22 22 1 -5
BITMAP
FFFFFC
80000C
80000C
80000C
80000C
81FE0C
81FE0C
800E0C
800C0C
801C0C
80180C
80380C
80300C
80700C
80600C
80E00C
80C00C
80000C
80000C
80000C
FFFFFC
FFFFF8
ENDCHAR
STARTCHAR E146
ENCODING 57670
SWIDTH 1440 0
DWIDTH 24 0
BBX 22 22 1 -5
BITMAP
FFFFFC
80000C
80000C
80000C
80200C
80FC0C
81CE0C
81860C
81860C
81CC0C
80780C
81FC0C
83860C
83860C
83860C
81FE0C
80FC0C
80000C
80000C
80000C
FFFFFC
FFFFF8
ENDCHAR
STARTCHAR E147
ENCODING 57671
SWIDTH 1440 0
DWIDTH 24 0
BBX 22 22 1 -5
BITMAP
FFFFFC
80000C
80000C
80000C
80200C
80FC0C
81CE0C
83860C
83060C
83860C
818E0C
81FE0C
80660C
82060C
818E0C
81FC0C
80F80C
80000C
80000C
80000C
FFFFFC
FFFFF8
ENDCHAR
STARTCHAR E148
ENCODING 57672
SWIDTH 1440 0
DWIDTH 24 0
BBX 22 22 1 -5
BITMAP
FFFFFC
80000C
80000C
80000C
80300C
80FC0C
81CE0C
818E0C
839E0C
83170C
83370C
83270C
83660C
83C60C
81CE0C
81FC0C
80F80C
80000C
80000C
80000C
FFFFFC
FFFFF8
ENDCHAR
STARTCHAR E149
ENCODING 57673
SWIDTH 1440 0
DWIDTH 24 0
BBX 22 22 1 -5
BITMAP
FFFFFC
80000C
80000C
80000C
80000C
80300C
80F00C
80F00C
80300C
80300C
80300C
80300C
80300C
80300C
80300C
80300C
80300C
80000C
80000C
80000C
FFFFFC
FFFFF8
ENDCHAR
STARTCHAR E14A
ENCODING 57674
SWIDTH 1440 0
DWIDTH 24 0
BBX 22 22 1 -5
BITMAP
FFFFFC
80000C
80000C
80000C
80000C
81FE0C
81FE0C
801C0C
80380C
80700C
807C0C
800E0C
80060C
80060C
83860C
81FE0C
80F80C
80000C
80000C
80000C
FFFFFC
FFFFF8
ENDCHAR
STARTCHAR E14B
ENCODING 57675
SWIDTH 1440 0
DWIDTH 24 0
BBX 22 22 1 -5
BITMAP
FFFFFC
80000C
80000C
80000C
80080C
80300C
80700C
80600C
80C00C
80CC0C
818C0C
818C0C
830C0C
83FE0C
83FE0C
800C0C
800C0C
80000C
80000C
80000C
FFFFFC
FFFFF8
ENDCHAR
STARTCHAR E14C
ENCODING 57676
SWIDTH 1440 0
DWIDTH 24 0
BBX 22 22 1 -5
BITMAP
FFFFFC
80000C
80000C
80000C
80000C
80380C
80300C
80600C
80E00C
80F80C
81FC0C
818E0C
81860C
81860C
81860C
81FC0C
80F80C
80000C
80000C
80000C
FFFFFC
FFFFF8
ENDCHAR
STARTCHAR E14D
ENCODING 57677
SWIDTH 1440 0
DWIDTH 24 0
BBX 22 22 1 -5
BITMAP
FFFFFC
80000C
80000C
80000C
80200C
80FC0C
81CE0C
81860C
81860C
81860C
81CE0C
80FC0C
807C0C
80180C
80300C
80700C
80E00C
80000C
80000C
80000C
FFFFFC
FFFFF8
ENDCHAR
STARTCHAR E14E
ENCODING 57678
SWIDTH 1440 0
DWIDTH 24 0
BBX 22 22 1 -5
BITMAP
FFFFFC
80000C
80000C
80000C
80000C
80300C
80300C
80300C
80300C
80300C
80300C
80300C
80300C
80000C
80200C
80700C
80300C
80000C
80000C
80000C
FFFFFC
FFFFF8
ENDCHAR
STARTCHAR E14F
ENCODING 57679
SWIDTH 1440 0
DWIDTH 24 0
BBX 22 22 1 -5
BITMAP
FFFFFC
80000C
80000C
80000C
80300C
80FC0C
81CE0C
81860C
80060C
800C0C
80380C
80300C
80300C
80000C
80200C
80700C
80300C
80000C
80000C
80000C
FFFFFC
FFFFF8
ENDCHAR
STARTCHAR E150
ENCODING 57680
SWIDTH 1440 0
DWIDTH 24 0
BBX 22 22 1 -5
BITMAP
FFFFFC
80000C
80000C
80000C
80200C
80460C
80460C
80C40C
83FF0C
83FF0C
80CC0C
808C0C
83FE0C
83FE0C
81880C
81980C
81980C
80000C
80000C
80000C
FFFFFC
FFFFF8
ENDCHAR
STARTCHAR E151
ENCODING 57681
SWIDTH 1440 0
DWIDTH 24 0
BBX 22 22 1 -5
BITMAP
FFFFFC
80000C
80000C
80000C
80000C
80000C
80000C
80000C
80000C
80000C
80FC0C
80FC0C
80000C
80000C
80000C
80000C
80000C
80000C
80000C
80000C
FFFFFC
FFFFF8
ENDCHAR
STARTCHAR E152
ENCODING 57682
SWIDTH 1440 0
DWIDTH 24 0
BBX 22 22 1 -5
BITMAP
FFFFFC
80000C
80000C
80000C
80000C
80000C
80020C
800E0C
803E0C
80F00C
83C00C
83C00C
80F00C
803C0C
800E0C
80020C
80000C
80000C
80000C
80000C
FFFFFC
FFFFF8
ENDCHAR
STARTCHAR E153
ENCODING 57683
SWIDTH 1440 0
DWIDTH 24 0
BBX 22 22 1 -5
BITMAP
FFFFFC
80000C
80000C
80000C
80000C
80000C
81000C
81800C
81E00C
807C0C
801E0C
800E0C
803C0C
81F00C
81C00C
81000C
80000C
80000C
80000C
80000C
FFFFFC
FFFFF8
ENDCHAR
STARTCHAR E154
ENCODING 57684
SWIDTH 1440 0
DWIDTH 24 0
BBX 22 22 1 -5
BITMAP
FFFFFC
80000C
80000C
80000C
80000C
80000C
80000C
80000C
81FE0C
81FE0C
80000C
80000C
81FE0C
81FE0C
80000C
80000C
80000C
80000C
80000C
80000C
FFFFFC
FFFFF8
ENDCHAR
STARTCHAR E155
ENCODING 57685
SWIDTH 1440 0
DWIDTH 24 0
BBX 22 22 1 -5
BITMAP
FFFFFC
80000C
80000C
80000C
80000C
80000C
80000C
80300C
80300C
80300C
81FE0C
81FE0C
80300C
80300C
80300C
80000C
80000C
80000C
80000C
80000C
FFFFFC
FFFFF8
ENDCHAR
STARTCHAR E156
ENCODING 57686
SWIDTH 1440 0
DWIDTH 24 0
BBX 22 22 1 -5
BITMAP
FFFFFC
80000C
80000C
80000C
80000C
80000C
80000C
80000C
80000C
80000C
81FE0C
81FE0C
80000C
80000C
80000C
80000C
80000C
80000C
80000C
80000C
FFFFFC
FFFFF8
ENDCHAR
STARTCHAR E157
ENCODING 57687
SWIDTH 1440 0
DWIDTH 24 0
BBX 22 22 1 -5
BITMAP
FFFFFC
80000C
80000C
80000C
80000C
80000C
80000C
81840C
81CE0C
80FC0C
80780C
80780C
80FC0C
81CE0C
81840C
80000C
80000C
80000C
80000C
80000C
FFFFFC
FFFFF8
ENDCHAR
STARTCHAR E158
ENCODING 57688
SWIDTH 1440 0
DWIDTH 24 0
BBX 22 22 1 -5
BITMAP
FFFFFC
80000C
80000C
80000C
80000C
80000C
80200C
80700C
80300C
80000C
81FE0C
81FE0C
80000C
80300C
80700C
80300C
80000C
80000C
80000C
80000C
FFFFFC
FFFFF8
ENDCHAR
STARTCHAR E159
ENCODING 57689
SWIDTH 1440 0
DWIDTH 24 0
BBX 22 22 1 -5
BITMAP
FFFFFC
80000C
80000C
80000C
80000C
80300C
80780C
80FC0C
81BE0C
83370C
86330C
80300C
80300C
80300C
80300C
80300C
80300C
80000C
80000C
80000C
FFFFFC
FFFFF8
ENDCHAR
STARTCHAR E15A
ENCODING 57690
SWIDTH 1440 0
DWIDTH 24 0
BBX 22 22 1 -5
BITMAP
FFFFFC
80000C
80000C
80000C
80000C
80300C
80300C
80300C
80300C
80300C
82310C
87330C
83B60C
81FC0C
80F80C
80700C
80200C
80000C
80000C
80000C
FFFFFC
FFFFF8
ENDCHAR
STARTCHAR E15B
ENCODING 57691
SWIDTH 1440 0
DWIDTH 24 0
BBX 22 22 1 -5
BITMAP
FFFFFC
80000C
80000C
80000C
80000C
80300C
80600C
80C00C
81800C
83000C
87FF8C
87000C
83800C
81C00C
80E00C
80700C
80000C
80000C
80000C
80000C
FFFFFC
FFFFF8
ENDCHAR
STARTCHAR E15C
ENCODING 57692
SWIDTH 1440 0
DWIDTH 24 0
BBX 22 22 1 -5
BITMAP
FFFFFC
80000C
80000C
80000C
80000C
80300C
80380C
801C0C
800E0C
80070C
87FF8C
80030C
80060C
800C0C
80180C
80300C
80000C
80000C
80000C
80000C
FFFFFC
FFFFF8
ENDCHAR
STARTCHAR E15D
ENCODING 57693
SWIDTH 1440 0
DWIDTH 24 0
BBX 22 22 1 -5
BITMAP
FFFFFC
80000C
80000C
80000C
80000C
80000C
80010C
80038C
80070C
820E0C
871C0C
83B80C
81F00C
80E00C
80400C
80000C
80000C
80000C
80000C
80000C
FFFFFC
FFFFF8
ENDCHAR
STARTCHAR E15E
ENCODING 57694
SWIDTH 1440 0
DWIDTH 24 0
BBX 22 22 1 -5
BITMAP
FFFFFC
80000C
80000C
80000C
80000C
80000C
81060C
838E0C
81DC0C
80F80C
80700C
80F80C
81DC0C
838E0C
81040C
80000C
80000C
80000C
80000C
80000C
FFFFFC
FFFFF8
ENDCHAR
STARTCHAR F6C3
ENCODING 63171
SWIDTH 0 0
DWIDTH 0 0
BBX 2 3 1 -4
BITMAP
C0
C0
80
ENDCHAR
STARTCHAR FE20
ENCODING 65056
SWIDTH 0 0
DWIDTH 0 0
BBX 7 3 -7 10
BITMAP
0E
7E
C0
ENDCHAR
STARTCHAR FE21
ENCODING 65057
SWIDTH 0 0
DWIDTH 0 0
BBX 7 3 0 10
BITMAP
E0
FC
0E
ENDCHAR
STARTCHAR FE22
ENCODING 65058
SWIDTH 0 0
DWIDTH 0 0
BBX 9 3 -10 9
BITMAP
3F00
FF80
8000
ENDCHAR
STARTCHAR FE23
ENCODING 65059
SWIDTH 0 0
DWIDTH 0 0
BBX 9 2 0 10
BITMAP
0080
FF00
ENDCHAR
STARTCHAR FE24
ENCODING 65060
SWIDTH 0 0
DWIDTH 0 0
BBX 4 1 -5 11
BITMAP
F0
ENDCHAR
STARTCHAR FE25
ENCODING 65061
SWIDTH 0 0
DWIDTH 0 0
BBX 5 1 -10 11
BITMAP
F8
ENDCHAR
STARTCHAR FE26
ENCODING 65062
SWIDTH 0 0
DWIDTH 0 0
BBX 9 1 -10 11
BITMAP
FF80
ENDCHAR
STARTCHAR FE27
ENCODING 65063
SWIDTH 0 0
DWIDTH 0 0
BBX 7 3 -7 -4
BITMAP
C0
3E
06
ENDCHAR
STARTCHAR FE28
ENCODING 65064
SWIDTH 0 0
DWIDTH 0 0
BBX 7 3 0 -4
BITMAP
0E
F8
C0
ENDCHAR
STARTCHAR FE29
ENCODING 65065
SWIDTH 0 0
DWIDTH 0 0
BBX 10 3 -10 -4
BITMAP
3F00
7FC0
C000
ENDCHAR
STARTCHAR FE2A
ENCODING 65066
SWIDTH 0 0
DWIDTH 0 0
BBX 9 2 0 -3
BITMAP
0080
FF00
ENDCHAR
STARTCHAR FE2B
ENCODING 65067
SWIDTH 0 0
DWIDTH 0 0
BBX 4 1 -5 -2
BITMAP
F0
ENDCHAR
STARTCHAR FE2C
ENCODING 65068
SWIDTH 0 0
DWIDTH 0 0
BBX 4 1 -10 -2
BITMAP
F0
ENDCHAR
STARTCHAR FE2D
ENCODING 65069
SWIDTH 0 0
DWIDTH 0 0
BBX 9 1 -10 -2
BITMAP
FF80
ENDCHAR
STARTCHAR FEFF
ENCODING 65279
SWIDTH 0 0
DWIDTH 0 0
BBX 0 0 0 0
BITMAP
ENDCHAR
ENDFONT
