STARTFONT 2.1
COMMENT
COMMENT Converted from OpenType font "Inter-Regular.ttf" by "otf2bdf 3.0".
COMMENT
FONT -FreeType-Inter-Medium-R-Normal--17-120-100-100-P-92-ISO10646-1
SIZE 12 100 100
FONTBOUNDINGBOX 41 23 -13 -5
STARTPROPERTIES 19
FOUNDRY "FreeType"
FAMILY_NAME "Inter"
WEIGHT_NAME "Medium"
SLANT "R"
SETWIDTH_NAME "Normal"
ADD_STYLE_NAME ""
PIXEL_SIZE 17
POINT_SIZE 120
RESOLUTION_X 100
RESOLUTION_Y 100
SPACING "P"
AVERAGE_WIDTH 92
CHARSET_REGISTRY "ISO10646"
CHARSET_ENCODING "1"
FONT_ASCENT 16
FONT_DESCENT 4
COPYRIGHT "Copyright 2020 The Inter Project Authors (https://github.com/rsms/inter)"
_OTF_FONTFILE "Inter-Regular.ttf"
_OTF_PSNAME "Inter-Regular"
ENDPROPERTIES
CHARS 2498
STARTCHAR 0020
ENCODING 32
SWIDTH 300 0
DWIDTH 5 0
BBX 0 0 0 0
BITMAP
ENDCHAR
STARTCHAR 0021
ENCODING 33
SWIDTH 300 0
DWIDTH 5 0
BBX 2 12 1 0
BITMAP
40
40
40
40
40
40
40
40
40
00
C0
C0
ENDCHAR
STARTCHAR 0022
ENCODING 34
SWIDTH 420 0
DWIDTH 7 0
BBX 5 4 1 8
BITMAP
D8
D8
D8
D8
ENDCHAR
STARTCHAR 0023
ENCODING 35
SWIDTH 660 0
DWIDTH 11 0
BBX 10 12 0 0
BITMAP
1880
1880
1180
7FC0
1100
1100
3100
FFC0
FFC0
2300
2200
2200
ENDCHAR
STARTCHAR 0024
ENCODING 36
SWIDTH 660 0
DWIDTH 11 0
BBX 9 16 1 -2
BITMAP
0800
0800
7F00
4900
C980
C800
6800
3C00
0F00
0980
0980
C980
6B00
3E00
0800
0800
ENDCHAR
STARTCHAR 0025
ENCODING 37
SWIDTH 840 0
DWIDTH 14 0
BBX 11 13 1 0
BITMAP
2020
7840
C880
C980
4900
7200
0600
0400
09E0
1920
1120
2120
61E0
ENDCHAR
STARTCHAR 0026
ENCODING 38
SWIDTH 660 0
DWIDTH 11 0
BBX 10 12 1 0
BITMAP
7C00
6600
4600
6400
3C00
3000
7800
CD80
8780
8300
C700
7DC0
ENDCHAR
STARTCHAR 0027
ENCODING 39
SWIDTH 240 0
DWIDTH 4 0
BBX 2 4 1 8
BITMAP
C0
C0
C0
C0
ENDCHAR
STARTCHAR 0028
ENCODING 40
SWIDTH 360 0
DWIDTH 6 0
BBX 3 16 2 -3
BITMAP
20
60
40
C0
C0
80
80
80
80
80
C0
C0
40
40
60
20
ENDCHAR
STARTCHAR 0029
ENCODING 41
SWIDTH 360 0
DWIDTH 6 0
BBX 3 16 1 -3
BITMAP
80
40
40
60
20
20
20
20
20
20
20
60
60
40
C0
80
ENDCHAR
STARTCHAR 002A
ENCODING 42
SWIDTH 540 0
DWIDTH 9 0
BBX 7 7 1 5
BITMAP
10
D6
78
38
D6
10
10
ENDCHAR
STARTCHAR 002B
ENCODING 43
SWIDTH 660 0
DWIDTH 11 0
BBX 8 8 2 1
BITMAP
10
10
10
FF
FF
10
10
10
ENDCHAR
STARTCHAR 002C
ENCODING 44
SWIDTH 300 0
DWIDTH 5 0
BBX 2 5 1 -3
BITMAP
40
40
40
C0
80
ENDCHAR
STARTCHAR 002D
ENCODING 45
SWIDTH 480 0
DWIDTH 8 0
BBX 6 1 1 5
BITMAP
FC
ENDCHAR
STARTCHAR 002E
ENCODING 46
SWIDTH 300 0
DWIDTH 5 0
BBX 2 2 1 0
BITMAP
C0
C0
ENDCHAR
STARTCHAR 002F
ENCODING 47
SWIDTH 360 0
DWIDTH 6 0
BBX 6 15 0 -2
BITMAP
0C
08
08
18
10
10
10
30
20
20
20
60
40
40
C0
ENDCHAR
STARTCHAR 0030
ENCODING 48
SWIDTH 660 0
DWIDTH 11 0
BBX 9 13 1 0
BITMAP
0800
3E00
6300
C100
C100
C180
8180
8180
C180
C100
4300
6200
3E00
ENDCHAR
STARTCHAR 0031
ENCODING 49
SWIDTH 480 0
DWIDTH 8 0
BBX 5 12 1 0
BITMAP
38
F8
98
18
18
18
18
18
18
18
18
18
ENDCHAR
STARTCHAR 0032
ENCODING 50
SWIDTH 600 0
DWIDTH 10 0
BBX 8 13 1 0
BITMAP
08
7E
43
C3
03
03
06
0C
18
30
20
40
FF
ENDCHAR
STARTCHAR 0033
ENCODING 51
SWIDTH 660 0
DWIDTH 11 0
BBX 9 13 1 0
BITMAP
0800
3E00
6300
4100
0100
0300
1C00
0300
0100
0180
C180
6300
3E00
ENDCHAR
STARTCHAR 0034
ENCODING 52
SWIDTH 660 0
DWIDTH 11 0
BBX 9 12 1 0
BITMAP
0600
0E00
0A00
1200
3200
2200
6200
C200
FF80
0200
0200
0200
ENDCHAR
STARTCHAR 0035
ENCODING 53
SWIDTH 600 0
DWIDTH 10 0
BBX 8 12 1 0
BITMAP
7F
40
40
40
7C
E6
03
01
01
C3
66
3C
ENDCHAR
STARTCHAR 0036
ENCODING 54
SWIDTH 660 0
DWIDTH 11 0
BBX 9 13 1 0
BITMAP
0800
3E00
6300
4100
C000
DE00
A300
C100
C100
C180
4100
6300
3E00
ENDCHAR
STARTCHAR 0037
ENCODING 55
SWIDTH 600 0
DWIDTH 10 0
BBX 8 12 1 0
BITMAP
FF
02
06
04
0C
08
18
10
30
20
60
40
ENDCHAR
STARTCHAR 0038
ENCODING 56
SWIDTH 600 0
DWIDTH 10 0
BBX 8 13 1 0
BITMAP
08
7E
43
C1
43
62
3C
63
C1
C1
C1
63
3E
ENDCHAR
STARTCHAR 0039
ENCODING 57
SWIDTH 660 0
DWIDTH 11 0
BBX 9 13 1 0
BITMAP
1800
7E00
4300
C100
C100
C100
4380
7F00
1900
0100
C300
6600
3C00
ENDCHAR
STARTCHAR 003A
ENCODING 58
SWIDTH 300 0
DWIDTH 5 0
BBX 2 9 1 0
BITMAP
C0
C0
00
00
00
00
00
C0
C0
ENDCHAR
STARTCHAR 003B
ENCODING 59
SWIDTH 300 0
DWIDTH 5 0
BBX 3 12 1 -3
BITMAP
60
E0
00
00
00
00
00
40
40
40
C0
80
ENDCHAR
STARTCHAR 003C
ENCODING 60
SWIDTH 660 0
DWIDTH 11 0
BBX 7 9 2 0
BITMAP
02
0E
38
E0
C0
70
1C
06
02
ENDCHAR
STARTCHAR 003D
ENCODING 61
SWIDTH 660 0
DWIDTH 11 0
BBX 7 5 2 2
BITMAP
FE
00
00
FE
FE
ENDCHAR
STARTCHAR 003E
ENCODING 62
SWIDTH 660 0
DWIDTH 11 0
BBX 7 9 2 0
BITMAP
80
E0
38
0E
06
1C
70
C0
80
ENDCHAR
STARTCHAR 003F
ENCODING 63
SWIDTH 540 0
DWIDTH 9 0
BBX 7 13 1 0
BITMAP
10
7C
C6
86
06
0C
18
30
30
30
00
30
30
ENDCHAR
STARTCHAR 0040
ENCODING 64
SWIDTH 960 0
DWIDTH 16 0
BBX 14 15 1 -3
BITMAP
0FC0
3870
6018
4008
C7CC
8844
9844
9844
9844
8844
CFE8
4338
6000
3020
0FE0
ENDCHAR
STARTCHAR 0041
ENCODING 65
SWIDTH 720 0
DWIDTH 12 0
BBX 11 12 0 0
BITMAP
0600
0E00
0B00
0B00
1900
1180
3080
3F80
3FC0
6040
6060
C060
ENDCHAR
STARTCHAR 0042
ENCODING 66
SWIDTH 660 0
DWIDTH 11 0
BBX 8 12 2 0
BITMAP
FE
82
83
83
86
FC
86
83
81
81
87
FC
ENDCHAR
STARTCHAR 0043
ENCODING 67
SWIDTH 720 0
DWIDTH 12 0
BBX 10 13 1 0
BITMAP
0400
3F80
60C0
4040
C040
C000
8000
8000
C000
C040
60C0
3180
1F00
ENDCHAR
STARTCHAR 0044
ENCODING 68
SWIDTH 720 0
DWIDTH 12 0
BBX 9 12 2 0
BITMAP
FE00
8300
8180
8180
8080
8080
8080
8080
8180
8100
8700
FC00
ENDCHAR
STARTCHAR 0045
ENCODING 69
SWIDTH 600 0
DWIDTH 10 0
BBX 7 12 2 0
BITMAP
FE
80
80
80
80
FE
80
80
80
80
80
FE
ENDCHAR
STARTCHAR 0046
ENCODING 70
SWIDTH 600 0
DWIDTH 10 0
BBX 7 12 2 0
BITMAP
FE
80
80
80
80
FC
80
80
80
80
80
80
ENDCHAR
STARTCHAR 0047
ENCODING 71
SWIDTH 780 0
DWIDTH 13 0
BBX 11 13 1 0
BITMAP
0400
3F80
60C0
40C0
C060
C000
8000
83E0
C060
C040
60C0
3180
1F00
ENDCHAR
STARTCHAR 0048
ENCODING 72
SWIDTH 780 0
DWIDTH 13 0
BBX 9 12 2 0
BITMAP
8080
8080
8080
8080
8080
FF80
8080
8080
8080
8080
8080
8080
ENDCHAR
STARTCHAR 0049
ENCODING 73
SWIDTH 240 0
DWIDTH 4 0
BBX 1 12 2 0
BITMAP
80
80
80
80
80
80
80
80
80
80
80
80
ENDCHAR
STARTCHAR 004A
ENCODING 74
SWIDTH 540 0
DWIDTH 9 0
BBX 7 12 1 0
BITMAP
06
06
06
06
06
06
06
06
06
86
CC
78
ENDCHAR
STARTCHAR 004B
ENCODING 75
SWIDTH 660 0
DWIDTH 11 0
BBX 9 12 2 0
BITMAP
8380
8600
8C00
9800
B000
F000
D000
9800
8C00
8600
8300
8380
ENDCHAR
STARTCHAR 004C
ENCODING 76
SWIDTH 600 0
DWIDTH 10 0
BBX 7 12 2 0
BITMAP
80
80
80
80
80
80
80
80
80
80
80
FE
ENDCHAR
STARTCHAR 004D
ENCODING 77
SWIDTH 900 0
DWIDTH 15 0
BBX 12 12 2 0
BITMAP
C070
C070
C070
E0F0
A0B0
B1B0
9130
9130
9B30
8A30
8E30
8430
ENDCHAR
STARTCHAR 004E
ENCODING 78
SWIDTH 780 0
DWIDTH 13 0
BBX 9 12 2 0
BITMAP
C080
C080
E080
B080
9080
9880
8C80
8480
8680
8380
8180
8080
ENDCHAR
STARTCHAR 004F
ENCODING 79
SWIDTH 780 0
DWIDTH 13 0
BBX 11 13 1 0
BITMAP
0400
3F80
60C0
4040
C060
C060
8060
8060
C060
C060
60C0
3180
1F00
ENDCHAR
STARTCHAR 0050
ENCODING 80
SWIDTH 660 0
DWIDTH 11 0
BBX 8 12 2 0
BITMAP
FE
82
83
83
83
82
FE
80
80
80
80
80
ENDCHAR
STARTCHAR 0051
ENCODING 81
SWIDTH 780 0
DWIDTH 13 0
BBX 11 14 1 -1
BITMAP
0400
3F80
60C0
4040
C060
C060
8060
8060
C060
C660
63C0
3180
1F80
00C0
ENDCHAR
STARTCHAR 0052
ENCODING 82
SWIDTH 660 0
DWIDTH 11 0
BBX 8 12 2 0
BITMAP
FE
82
83
83
83
86
FC
8C
84
86
83
83
ENDCHAR
STARTCHAR 0053
ENCODING 83
SWIDTH 660 0
DWIDTH 11 0
BBX 9 13 1 0
BITMAP
0800
7F00
4100
C180
C000
6000
3C00
0700
0180
0180
C180
6300
3E00
ENDCHAR
STARTCHAR 0054
ENCODING 84
SWIDTH 660 0
DWIDTH 11 0
BBX 9 12 1 0
BITMAP
FF80
0800
0800
0800
0800
0800
0800
0800
0800
0800
0800
0800
ENDCHAR
STARTCHAR 0055
ENCODING 85
SWIDTH 780 0
DWIDTH 13 0
BBX 9 12 2 0
BITMAP
8080
8080
8080
8080
8080
8080
8080
8080
8080
C180
E300
3E00
ENDCHAR
STARTCHAR 0056
ENCODING 86
SWIDTH 720 0
DWIDTH 12 0
BBX 11 12 0 0
BITMAP
C060
6040
60C0
20C0
3080
1180
1180
1900
0B00
0A00
0E00
0600
ENDCHAR
STARTCHAR 0057
ENCODING 87
SWIDTH 960 0
DWIDTH 16 0
BBX 16 12 0 0
BITMAP
C183
4182
63C2
63C6
2244
2244
366C
162C
1428
1428
1C38
0818
ENDCHAR
STARTCHAR 0058
ENCODING 88
SWIDTH 660 0
DWIDTH 11 0
BBX 10 12 0 0
BITMAP
E0C0
2080
3180
1B00
0A00
0E00
0E00
1B00
1300
3180
60C0
E0C0
ENDCHAR
STARTCHAR 0059
ENCODING 89
SWIDTH 660 0
DWIDTH 11 0
BBX 11 12 0 0
BITMAP
E060
20C0
3180
1100
1B00
0E00
0600
0400
0400
0400
0400
0400
ENDCHAR
STARTCHAR 005A
ENCODING 90
SWIDTH 660 0
DWIDTH 11 0
BBX 9 12 1 0
BITMAP
FF80
0300
0200
0600
0C00
0800
1800
3000
2000
6000
C000
FF80
ENDCHAR
STARTCHAR 005B
ENCODING 91
SWIDTH 360 0
DWIDTH 6 0
BBX 4 16 2 -3
BITMAP
F0
80
80
80
80
80
80
80
80
80
80
80
80
80
F0
F0
ENDCHAR
STARTCHAR 005C
ENCODING 92
SWIDTH 360 0
DWIDTH 6 0
BBX 6 15 0 -2
BITMAP
C0
40
40
60
20
20
20
30
10
10
10
18
08
08
0C
ENDCHAR
STARTCHAR 005D
ENCODING 93
SWIDTH 360 0
DWIDTH 6 0
BBX 3 16 1 -3
BITMAP
E0
20
20
20
20
20
20
20
20
20
20
20
20
20
E0
E0
ENDCHAR
STARTCHAR 005E
ENCODING 94
SWIDTH 480 0
DWIDTH 8 0
BBX 6 5 1 7
BITMAP
30
78
48
C8
84
ENDCHAR
STARTCHAR 005F
ENCODING 95
SWIDTH 480 0
DWIDTH 8 0
BBX 8 1 0 -1
BITMAP
FF
ENDCHAR
STARTCHAR 0060
ENCODING 96
SWIDTH 480 0
DWIDTH 8 0
BBX 3 2 3 11
BITMAP
C0
60
ENDCHAR
STARTCHAR 0061
ENCODING 97
SWIDTH 600 0
DWIDTH 10 0
BBX 7 9 1 0
BITMAP
7C
C6
02
06
7E
C2
82
C6
7A
ENDCHAR
STARTCHAR 0062
ENCODING 98
SWIDTH 660 0
DWIDTH 11 0
BBX 8 12 2 0
BITMAP
80
80
80
BC
C6
82
83
83
83
82
C6
BC
ENDCHAR
STARTCHAR 0063
ENCODING 99
SWIDTH 540 0
DWIDTH 9 0
BBX 8 9 1 0
BITMAP
7E
42
C3
80
80
80
C3
66
3C
ENDCHAR
STARTCHAR 0064
ENCODING 100
SWIDTH 660 0
DWIDTH 11 0
BBX 8 12 1 0
BITMAP
01
01
01
7D
43
C3
81
81
81
C3
67
3D
ENDCHAR
STARTCHAR 0065
ENCODING 101
SWIDTH 600 0
DWIDTH 10 0
BBX 8 9 1 0
BITMAP
7E
42
C3
81
FF
80
C2
63
3E
ENDCHAR
STARTCHAR 0066
ENCODING 102
SWIDTH 360 0
DWIDTH 6 0
BBX 6 13 0 0
BITMAP
1C
34
20
20
F8
20
20
20
20
20
20
20
20
ENDCHAR
STARTCHAR 0067
ENCODING 103
SWIDTH 600 0
DWIDTH 10 0
BBX 8 13 1 -4
BITMAP
7D
43
C3
81
81
81
C3
65
39
01
C3
7E
18
ENDCHAR
STARTCHAR 0068
ENCODING 104
SWIDTH 600 0
DWIDTH 10 0
BBX 8 12 1 0
BITMAP
C0
C0
C0
FE
C2
C3
C3
C3
C3
C3
C3
C3
ENDCHAR
STARTCHAR 0069
ENCODING 105
SWIDTH 240 0
DWIDTH 4 0
BBX 2 13 1 0
BITMAP
C0
C0
00
00
C0
C0
C0
C0
C0
C0
C0
C0
C0
ENDCHAR
STARTCHAR 006A
ENCODING 106
SWIDTH 240 0
DWIDTH 4 0
BBX 3 16 0 -3
BITMAP
60
60
00
00
60
60
60
60
60
60
60
60
60
60
60
C0
ENDCHAR
STARTCHAR 006B
ENCODING 107
SWIDTH 540 0
DWIDTH 9 0
BBX 8 12 1 0
BITMAP
C0
C0
C1
C6
CC
D8
F0
F0
D8
CC
C6
C3
ENDCHAR
STARTCHAR 006C
ENCODING 108
SWIDTH 240 0
DWIDTH 4 0
BBX 2 12 1 0
BITMAP
C0
C0
C0
C0
C0
C0
C0
C0
C0
C0
C0
C0
ENDCHAR
STARTCHAR 006D
ENCODING 109
SWIDTH 900 0
DWIDTH 15 0
BBX 12 9 1 0
BITMAP
FDF0
C710
C210
C210
C210
C210
C210
C210
C210
ENDCHAR
STARTCHAR 006E
ENCODING 110
SWIDTH 600 0
DWIDTH 10 0
BBX 8 9 1 0
BITMAP
FE
C2
C3
C3
C3
C3
C3
C3
C3
ENDCHAR
STARTCHAR 006F
ENCODING 111
SWIDTH 600 0
DWIDTH 10 0
BBX 8 9 1 0
BITMAP
7E
43
C3
81
81
81
C3
62
3C
ENDCHAR
STARTCHAR 0070
ENCODING 112
SWIDTH 600 0
DWIDTH 10 0
BBX 8 12 1 -3
BITMAP
FE
E3
C1
C1
C1
C1
C1
E3
DE
C0
C0
C0
ENDCHAR
STARTCHAR 0071
ENCODING 113
SWIDTH 600 0
DWIDTH 10 0
BBX 8 12 1 -3
BITMAP
7D
43
C3
81
81
81
C3
67
3D
01
01
01
ENDCHAR
STARTCHAR 0072
ENCODING 114
SWIDTH 360 0
DWIDTH 6 0
BBX 5 9 1 0
BITMAP
F8
C0
C0
C0
C0
C0
C0
C0
C0
ENDCHAR
STARTCHAR 0073
ENCODING 115
SWIDTH 540 0
DWIDTH 9 0
BBX 7 9 1 0
BITMAP
7C
C6
C0
E0
3C
06
42
C6
7C
ENDCHAR
STARTCHAR 0074
ENCODING 116
SWIDTH 360 0
DWIDTH 6 0
BBX 5 12 1 0
BITMAP
40
40
40
F0
40
40
40
40
40
40
60
38
ENDCHAR
STARTCHAR 0075
ENCODING 117
SWIDTH 600 0
DWIDTH 10 0
BBX 8 9 1 0
BITMAP
C3
C3
C3
C3
C3
C3
C3
67
7B
ENDCHAR
STARTCHAR 0076
ENCODING 118
SWIDTH 540 0
DWIDTH 9 0
BBX 8 9 1 0
BITMAP
83
C2
46
44
64
2C
28
38
18
ENDCHAR
STARTCHAR 0077
ENCODING 119
SWIDTH 840 0
DWIDTH 14 0
BBX 12 9 1 0
BITMAP
8610
C630
CE20
4B20
4960
6940
39C0
30C0
30C0
ENDCHAR
STARTCHAR 0078
ENCODING 120
SWIDTH 540 0
DWIDTH 9 0
BBX 7 9 1 0
BITMAP
C6
44
6C
38
18
38
6C
44
C2
ENDCHAR
STARTCHAR 0079
ENCODING 121
SWIDTH 540 0
DWIDTH 9 0
BBX 8 12 1 -3
BITMAP
83
C2
46
46
64
2C
28
38
18
10
30
E0
ENDCHAR
STARTCHAR 007A
ENCODING 122
SWIDTH 540 0
DWIDTH 9 0
BBX 7 9 1 0
BITMAP
FE
06
0C
18
10
30
60
C0
FE
ENDCHAR
STARTCHAR 007B
ENCODING 123
SWIDTH 360 0
DWIDTH 6 0
BBX 5 16 1 -3
BITMAP
18
20
60
60
60
60
60
C0
C0
60
60
60
60
20
38
08
ENDCHAR
STARTCHAR 007C
ENCODING 124
SWIDTH 360 0
DWIDTH 6 0
BBX 1 20 2 -4
BITMAP
80
80
80
80
80
80
80
80
80
80
80
80
80
80
80
80
80
80
80
80
ENDCHAR
STARTCHAR 007D
ENCODING 125
SWIDTH 360 0
DWIDTH 6 0
BBX 5 16 1 -3
BITMAP
C0
40
60
60
60
60
20
38
38
60
60
60
60
60
C0
80
ENDCHAR
STARTCHAR 007E
ENCODING 126
SWIDTH 660 0
DWIDTH 11 0
BBX 9 3 1 3
BITMAP
7980
CF00
0200
ENDCHAR
STARTCHAR 00A0
ENCODING 160
SWIDTH 300 0
DWIDTH 5 0
BBX 0 0 0 0
BITMAP
ENDCHAR
STARTCHAR 00A1
ENCODING 161
SWIDTH 300 0
DWIDTH 5 0
BBX 2 12 1 -3
BITMAP
C0
40
00
40
40
40
40
40
40
40
40
40
ENDCHAR
STARTCHAR 00A2
ENCODING 162
SWIDTH 540 0
DWIDTH 9 0
BBX 8 13 1 -2
BITMAP
10
10
7E
52
D3
90
90
90
D3
76
3C
10
10
ENDCHAR
STARTCHAR 00A3
ENCODING 163
SWIDTH 660 0
DWIDTH 11 0
BBX 9 13 1 0
BITMAP
0800
3F00
2100
6180
6000
6000
6000
FC00
6000
6000
6000
6000
FF00
ENDCHAR
STARTCHAR 00A4
ENCODING 164
SWIDTH 720 0
DWIDTH 12 0
BBX 10 10 1 0
BITMAP
DFC0
6180
4080
C0C0
C040
C040
C0C0
4080
71C0
DF40
ENDCHAR
STARTCHAR 00A5
ENCODING 165
SWIDTH 540 0
DWIDTH 9 0
BBX 9 12 0 0
BITMAP
C180
6100
2300
3200
1600
1C00
7F00
0800
7F00
0800
0800
0800
ENDCHAR
STARTCHAR 00A6
ENCODING 166
SWIDTH 300 0
DWIDTH 5 0
BBX 1 14 2 -2
BITMAP
80
80
80
80
80
00
00
00
00
80
80
80
80
80
ENDCHAR
STARTCHAR 00A7
ENCODING 167
SWIDTH 540 0
DWIDTH 9 0
BBX 8 16 1 -3
BITMAP
10
7C
46
46
60
78
8C
86
C3
72
1E
0C
C6
C6
7C
10
ENDCHAR
STARTCHAR 00A8
ENCODING 168
SWIDTH 600 0
DWIDTH 10 0
BBX 6 2 2 11
BITMAP
48
CC
ENDCHAR
STARTCHAR 00A9
ENCODING 169
SWIDTH 960 0
DWIDTH 16 0
BBX 13 13 1 0
BITMAP
0300
1FC0
3060
6730
4FD8
5848
D808
D808
48D8
6F98
2030
38E0
0FC0
ENDCHAR
STARTCHAR 00AA
ENCODING 170
SWIDTH 480 0
DWIDTH 8 0
BBX 6 6 1 6
BITMAP
78
C8
38
C8
C8
FC
ENDCHAR
STARTCHAR 00AB
ENCODING 171
SWIDTH 540 0
DWIDTH 9 0
BBX 7 8 1 1
BITMAP
32
24
4C
D8
C8
4C
24
32
ENDCHAR
STARTCHAR 00AC
ENCODING 172
SWIDTH 540 0
DWIDTH 9 0
BBX 7 4 1 3
BITMAP
FE
FE
06
06
ENDCHAR
STARTCHAR 00AD
ENCODING 173
SWIDTH 480 0
DWIDTH 8 0
BBX 6 1 1 5
BITMAP
FC
ENDCHAR
STARTCHAR 00AE
ENCODING 174
SWIDTH 660 0
DWIDTH 11 0
BBX 10 10 1 3
BITMAP
0800
3F00
4180
9C80
9280
9CC0
9480
C280
6100
3E00
ENDCHAR
STARTCHAR 00AF
ENCODING 175
SWIDTH 480 0
DWIDTH 8 0
BBX 6 1 1 11
BITMAP
FC
ENDCHAR
STARTCHAR 00B0
ENCODING 176
SWIDTH 480 0
DWIDTH 8 0
BBX 6 5 1 7
BITMAP
78
CC
8C
C8
78
ENDCHAR
STARTCHAR 00B1
ENCODING 177
SWIDTH 660 0
DWIDTH 11 0
BBX 7 8 2 1
BITMAP
10
10
FE
FE
10
10
00
FE
ENDCHAR
STARTCHAR 00B2
ENCODING 178
SWIDTH 420 0
DWIDTH 7 0
BBX 5 8 1 6
BITMAP
70
D8
88
08
10
60
C0
F8
ENDCHAR
STARTCHAR 00B3
ENCODING 179
SWIDTH 420 0
DWIDTH 7 0
BBX 6 8 1 6
BITMAP
70
D8
08
18
38
0C
88
70
ENDCHAR
STARTCHAR 00B4
ENCODING 180
SWIDTH 480 0
DWIDTH 8 0
BBX 4 2 3 11
BITMAP
70
C0
ENDCHAR
STARTCHAR 00B5
ENCODING 181
SWIDTH 660 0
DWIDTH 11 0
BBX 8 12 1 -3
BITMAP
C1
C1
C1
C1
C1
C1
C1
E7
DD
C0
C0
C0
ENDCHAR
STARTCHAR 00B6
ENCODING 182
SWIDTH 600 0
DWIDTH 10 0
BBX 8 12 1 0
BITMAP
7F
FB
FB
FB
FB
FB
7B
03
03
03
03
03
ENDCHAR
STARTCHAR 00B7
ENCODING 183
SWIDTH 300 0
DWIDTH 5 0
BBX 2 2 1 4
BITMAP
C0
C0
ENDCHAR
STARTCHAR 00B8
ENCODING 184
SWIDTH 300 0
DWIDTH 5 0
BBX 3 4 1 -4
BITMAP
40
A0
60
C0
ENDCHAR
STARTCHAR 00B9
ENCODING 185
SWIDTH 300 0
DWIDTH 5 0
BBX 3 8 1 6
BITMAP
60
E0
A0
20
20
20
20
20
ENDCHAR
STARTCHAR 00BA
ENCODING 186
SWIDTH 480 0
DWIDTH 8 0
BBX 6 6 1 6
BITMAP
78
C8
8C
8C
C8
78
ENDCHAR
STARTCHAR 00BB
ENCODING 187
SWIDTH 540 0
DWIDTH 9 0
BBX 7 8 1 1
BITMAP
D8
48
24
36
36
64
48
D8
ENDCHAR
STARTCHAR 00BC
ENCODING 188
SWIDTH 900 0
DWIDTH 15 0
BBX 14 13 1 0
BITMAP
6000
E060
E040
6080
6180
6300
6218
0438
0C38
0858
1098
30FC
6018
ENDCHAR
STARTCHAR 00BD
ENCODING 189
SWIDTH 960 0
DWIDTH 16 0
BBX 14 13 1 0
BITMAP
6000
E060
E040
6080
6180
6300
6230
046C
0C04
0808
1018
3020
607C
ENDCHAR
STARTCHAR 00BE
ENCODING 190
SWIDTH 960 0
DWIDTH 16 0
BBX 15 13 1 0
BITMAP
6000
D830
0820
3040
18C0
8880
F10C
031C
0214
0424
0C44
187E
300C
ENDCHAR
STARTCHAR 00BF
ENCODING 191
SWIDTH 540 0
DWIDTH 9 0
BBX 7 12 1 -3
BITMAP
18
10
00
10
10
30
60
C0
80
86
C6
7C
ENDCHAR
STARTCHAR 00C0
ENCODING 192
SWIDTH 720 0
DWIDTH 12 0
BBX 11 16 0 0
BITMAP
1800
0400
0000
0000
0600
0E00
0B00
0B00
1900
1180
3080
3F80
3FC0
6040
6060
C060
ENDCHAR
STARTCHAR 00C1
ENCODING 193
SWIDTH 720 0
DWIDTH 12 0
BBX 11 16 0 0
BITMAP
0300
0200
0400
0000
0600
0E00
0B00
0B00
1900
1180
3080
3F80
3FC0
6040
6060
C060
ENDCHAR
STARTCHAR 00C2
ENCODING 194
SWIDTH 720 0
DWIDTH 12 0
BBX 11 16 0 0
BITMAP
0600
0B00
1900
0000
0600
0E00
0B00
0B00
1900
1180
3080
3F80
3FC0
6040
6060
C060
ENDCHAR
STARTCHAR 00C3
ENCODING 195
SWIDTH 720 0
DWIDTH 12 0
BBX 11 16 0 0
BITMAP
0880
1F00
1000
0000
0600
0E00
0B00
0B00
1900
1180
3080
3F80
3FC0
6040
6060
C060
ENDCHAR
STARTCHAR 00C4
ENCODING 196
SWIDTH 720 0
DWIDTH 12 0
BBX 11 16 0 0
BITMAP
1900
1900
0000
0000
0600
0E00
0B00
0B00
1900
1180
3080
3F80
3FC0
6040
6060
C060
ENDCHAR
STARTCHAR 00C5
ENCODING 197
SWIDTH 720 0
DWIDTH 12 0
BBX 11 17 0 0
BITMAP
0E00
0900
0900
0600
0000
0600
0E00
0B00
0B00
1900
1180
3080
3F80
3FC0
6040
6060
C060
ENDCHAR
STARTCHAR 00C6
ENCODING 198
SWIDTH 1020 0
DWIDTH 17 0
BBX 16 12 0 0
BITMAP
03FF
02C0
06C0
04C0
0CC0
08FE
18C0
1FC0
3FC0
20C0
60C0
C0FF
ENDCHAR
STARTCHAR 00C7
ENCODING 199
SWIDTH 720 0
DWIDTH 12 0
BBX 10 17 1 -4
BITMAP
0400
3F80
60C0
4040
C040
C000
8000
8000
C000
C040
60C0
3180
1F00
0400
0200
0200
0400
ENDCHAR
STARTCHAR 00C8
ENCODING 200
SWIDTH 600 0
DWIDTH 10 0
BBX 7 16 2 0
BITMAP
60
20
10
00
FE
80
80
80
80
FE
80
80
80
80
80
FE
ENDCHAR
STARTCHAR 00C9
ENCODING 201
SWIDTH 600 0
DWIDTH 10 0
BBX 7 16 2 0
BITMAP
0C
10
00
00
FE
80
80
80
80
FE
80
80
80
80
80
FE
ENDCHAR
STARTCHAR 00CA
ENCODING 202
SWIDTH 600 0
DWIDTH 10 0
BBX 7 16 2 0
BITMAP
30
68
4C
00
FE
80
80
80
80
FE
80
80
80
80
80
FE
ENDCHAR
STARTCHAR 00CB
ENCODING 203
SWIDTH 600 0
DWIDTH 10 0
BBX 7 16 2 0
BITMAP
4C
CC
00
00
FE
80
80
80
80
FE
80
80
80
80
80
FE
ENDCHAR
STARTCHAR 00CC
ENCODING 204
SWIDTH 240 0
DWIDTH 4 0
BBX 3 16 0 0
BITMAP
C0
40
20
00
60
60
60
60
60
60
60
60
60
60
60
60
ENDCHAR
STARTCHAR 00CD
ENCODING 205
SWIDTH 240 0
DWIDTH 4 0
BBX 3 16 2 0
BITMAP
60
C0
00
00
80
80
80
80
80
80
80
80
80
80
80
80
ENDCHAR
STARTCHAR 00CE
ENCODING 206
SWIDTH 240 0
DWIDTH 4 0
BBX 5 16 0 0
BITMAP
60
D0
98
00
60
60
60
60
60
60
60
60
60
60
60
60
ENDCHAR
STARTCHAR 00CF
ENCODING 207
SWIDTH 240 0
DWIDTH 4 0
BBX 5 16 0 0
BITMAP
98
98
00
00
60
60
60
60
60
60
60
60
60
60
60
60
ENDCHAR
STARTCHAR 00D0
ENCODING 208
SWIDTH 720 0
DWIDTH 12 0
BBX 11 12 0 0
BITMAP
7F80
60C0
6060
6060
6020
F820
F820
6020
6060
6040
61C0
7F00
ENDCHAR
STARTCHAR 00D1
ENCODING 209
SWIDTH 780 0
DWIDTH 13 0
BBX 9 16 2 0
BITMAP
1200
3E00
6000
0000
C080
C080
E080
B080
9080
9880
8C80
8480
8680
8380
8180
8080
ENDCHAR
STARTCHAR 00D2
ENCODING 210
SWIDTH 780 0
DWIDTH 13 0
BBX 11 16 1 0
BITMAP
1800
0C00
0000
0400
3F80
60C0
4040
C060
C060
8060
8060
C060
C060
60C0
3180
1F00
ENDCHAR
STARTCHAR 00D3
ENCODING 211
SWIDTH 780 0
DWIDTH 13 0
BBX 11 16 1 0
BITMAP
0300
0600
0000
0400
3F80
60C0
4040
C060
C060
8060
8060
C060
C060
60C0
3180
1F00
ENDCHAR
STARTCHAR 00D4
ENCODING 212
SWIDTH 780 0
DWIDTH 13 0
BBX 11 16 1 0
BITMAP
0E00
0A00
1100
0400
3F80
60C0
4040
C060
C060
8060
8060
C060
C060
60C0
3180
1F00
ENDCHAR
STARTCHAR 00D5
ENCODING 213
SWIDTH 780 0
DWIDTH 13 0
BBX 11 16 1 0
BITMAP
0900
1F00
3000
0400
3F80
60C0
4040
C060
C060
8060
8060
C060
C060
60C0
3180
1F00
ENDCHAR
STARTCHAR 00D6
ENCODING 214
SWIDTH 780 0
DWIDTH 13 0
BBX 11 16 1 0
BITMAP
1100
1B00
0000
0400
3F80
60C0
4040
C060
C060
8060
8060
C060
C060
60C0
3180
1F00
ENDCHAR
STARTCHAR 00D7
ENCODING 215
SWIDTH 660 0
DWIDTH 11 0
BBX 7 8 2 1
BITMAP
82
C6
6C
38
38
6C
C6
82
ENDCHAR
STARTCHAR 00D8
ENCODING 216
SWIDTH 780 0
DWIDTH 13 0
BBX 11 13 1 0
BITMAP
0440
3FC0
60C0
4140
C360
C260
8460
8C60
C860
D060
70C0
3180
5F00
ENDCHAR
STARTCHAR 00D9
ENCODING 217
SWIDTH 780 0
DWIDTH 13 0
BBX 9 16 2 0
BITMAP
3000
1000
0800
0000
8080
8080
8080
8080
8080
8080
8080
8080
8080
C180
E300
3E00
ENDCHAR
STARTCHAR 00DA
ENCODING 218
SWIDTH 780 0
DWIDTH 13 0
BBX 9 16 2 0
BITMAP
0600
0C00
0000
0000
8080
8080
8080
8080
8080
8080
8080
8080
8080
C180
E300
3E00
ENDCHAR
STARTCHAR 00DB
ENCODING 219
SWIDTH 780 0
DWIDTH 13 0
BBX 9 16 2 0
BITMAP
1800
3400
2600
0000
8080
8080
8080
8080
8080
8080
8080
8080
8080
C180
E300
3E00
ENDCHAR
STARTCHAR 00DC
ENCODING 220
SWIDTH 780 0
DWIDTH 13 0
BBX 9 16 2 0
BITMAP
2600
3600
0000
0000
8080
8080
8080
8080
8080
8080
8080
8080
8080
C180
E300
3E00
ENDCHAR
STARTCHAR 00DD
ENCODING 221
SWIDTH 660 0
DWIDTH 11 0
BBX 11 16 0 0
BITMAP
0300
0600
0000
8020
6040
20C0
3180
1100
1B00
0E00
0600
0400
0400
0400
0400
0400
ENDCHAR
STARTCHAR 00DE
ENCODING 222
SWIDTH 660 0
DWIDTH 11 0
BBX 8 12 1 0
BITMAP
C0
C0
FC
FF
C1
C1
C1
C3
FE
C0
C0
C0
ENDCHAR
STARTCHAR 00DF
ENCODING 223
SWIDTH 600 0
DWIDTH 10 0
BBX 7 13 2 0
BITMAP
10
FC
84
86
86
84
B8
8E
82
82
82
86
BC
ENDCHAR
STARTCHAR 00E0
ENCODING 224
SWIDTH 600 0
DWIDTH 10 0
BBX 7 13 1 0
BITMAP
70
10
08
00
7C
C6
02
06
7E
C2
82
C6
7A
ENDCHAR
STARTCHAR 00E1
ENCODING 225
SWIDTH 600 0
DWIDTH 10 0
BBX 7 13 1 0
BITMAP
0C
08
10
00
7C
C6
02
06
7E
C2
82
C6
7A
ENDCHAR
STARTCHAR 00E2
ENCODING 226
SWIDTH 600 0
DWIDTH 10 0
BBX 7 13 1 0
BITMAP
18
3C
66
00
7C
C6
02
06
7E
C2
82
C6
7A
ENDCHAR
STARTCHAR 00E3
ENCODING 227
SWIDTH 600 0
DWIDTH 10 0
BBX 7 13 1 0
BITMAP
22
7E
40
00
7C
C6
02
06
7E
C2
82
C6
7A
ENDCHAR
STARTCHAR 00E4
ENCODING 228
SWIDTH 600 0
DWIDTH 10 0
BBX 7 13 1 0
BITMAP
24
66
00
00
7C
C6
02
06
7E
C2
82
C6
7A
ENDCHAR
STARTCHAR 00E5
ENCODING 229
SWIDTH 600 0
DWIDTH 10 0
BBX 7 14 1 0
BITMAP
3C
24
24
18
00
7C
C6
02
06
7E
C2
82
C6
7A
ENDCHAR
STARTCHAR 00E6
ENCODING 230
SWIDTH 960 0
DWIDTH 16 0
BBX 14 9 1 0
BITMAP
7DF0
C708
020C
060C
7FFC
C200
8308
C50C
78F0
ENDCHAR
STARTCHAR 00E7
ENCODING 231
SWIDTH 540 0
DWIDTH 9 0
BBX 8 13 1 -4
BITMAP
7E
42
C3
80
80
80
C3
66
3C
18
0C
0C
10
ENDCHAR
STARTCHAR 00E8
ENCODING 232
SWIDTH 600 0
DWIDTH 10 0
BBX 8 13 1 0
BITMAP
70
10
08
00
7E
42
C3
81
FF
80
C2
63
3E
ENDCHAR
STARTCHAR 00E9
ENCODING 233
SWIDTH 600 0
DWIDTH 10 0
BBX 8 13 1 0
BITMAP
0C
08
10
00
7E
42
C3
81
FF
80
C2
63
3E
ENDCHAR
STARTCHAR 00EA
ENCODING 234
SWIDTH 600 0
DWIDTH 10 0
BBX 8 13 1 0
BITMAP
18
3C
66
00
7E
42
C3
81
FF
80
C2
63
3E
ENDCHAR
STARTCHAR 00EB
ENCODING 235
SWIDTH 600 0
DWIDTH 10 0
BBX 8 13 1 0
BITMAP
24
66
00
00
7E
42
C3
81
FF
80
C2
63
3E
ENDCHAR
STARTCHAR 00EC
ENCODING 236
SWIDTH 240 0
DWIDTH 4 0
BBX 3 13 0 0
BITMAP
C0
40
20
00
60
60
60
60
60
60
60
60
60
ENDCHAR
STARTCHAR 00ED
ENCODING 237
SWIDTH 240 0
DWIDTH 4 0
BBX 4 13 1 0
BITMAP
70
40
80
00
C0
C0
C0
C0
C0
C0
C0
C0
C0
ENDCHAR
STARTCHAR 00EE
ENCODING 238
SWIDTH 240 0
DWIDTH 4 0
BBX 6 13 -1 0
BITMAP
30
78
CC
00
30
30
30
30
30
30
30
30
30
ENDCHAR
STARTCHAR 00EF
ENCODING 239
SWIDTH 240 0
DWIDTH 4 0
BBX 6 13 -1 0
BITMAP
48
CC
00
00
30
30
30
30
30
30
30
30
30
ENDCHAR
STARTCHAR 00F0
ENCODING 240
SWIDTH 600 0
DWIDTH 10 0
BBX 8 13 1 0
BITMAP
22
1C
3C
24
3A
7E
C3
83
81
81
C3
46
3C
ENDCHAR
STARTCHAR 00F1
ENCODING 241
SWIDTH 600 0
DWIDTH 10 0
BBX 8 13 1 0
BITMAP
22
7E
40
00
FE
C2
C3
C3
C3
C3
C3
C3
C3
ENDCHAR
STARTCHAR 00F2
ENCODING 242
SWIDTH 600 0
DWIDTH 10 0
BBX 8 13 1 0
BITMAP
30
10
08
00
7E
43
C3
81
81
81
C3
62
3C
ENDCHAR
STARTCHAR 00F3
ENCODING 243
SWIDTH 600 0
DWIDTH 10 0
BBX 8 13 1 0
BITMAP
0E
08
10
00
7E
43
C3
81
81
81
C3
62
3C
ENDCHAR
STARTCHAR 00F4
ENCODING 244
SWIDTH 600 0
DWIDTH 10 0
BBX 8 13 1 0
BITMAP
18
3C
66
00
7E
43
C3
81
81
81
C3
62
3C
ENDCHAR
STARTCHAR 00F5
ENCODING 245
SWIDTH 600 0
DWIDTH 10 0
BBX 8 13 1 0
BITMAP
22
7E
40
00
7E
43
C3
81
81
81
C3
62
3C
ENDCHAR
STARTCHAR 00F6
ENCODING 246
SWIDTH 600 0
DWIDTH 10 0
BBX 8 13 1 0
BITMAP
24
66
00
00
7E
43
C3
81
81
81
C3
62
3C
ENDCHAR
STARTCHAR 00F7
ENCODING 247
SWIDTH 660 0
DWIDTH 11 0
BBX 7 8 2 1
BITMAP
18
18
00
FE
FE
00
10
18
ENDCHAR
STARTCHAR 00F8
ENCODING 248
SWIDTH 600 0
DWIDTH 10 0
BBX 8 10 1 0
BITMAP
02
7F
47
C7
89
99
91
E3
62
FC
ENDCHAR
STARTCHAR 00F9
ENCODING 249
SWIDTH 600 0
DWIDTH 10 0
BBX 8 13 1 0
BITMAP
70
10
08
00
C3
C3
C3
C3
C3
C3
C3
67
7B
ENDCHAR
STARTCHAR 00FA
ENCODING 250
SWIDTH 600 0
DWIDTH 10 0
BBX 8 13 1 0
BITMAP
0C
08
10
00
C3
C3
C3
C3
C3
C3
C3
67
7B
ENDCHAR
STARTCHAR 00FB
ENCODING 251
SWIDTH 600 0
DWIDTH 10 0
BBX 8 13 1 0
BITMAP
18
3C
66
00
C3
C3
C3
C3
C3
C3
C3
67
7B
ENDCHAR
STARTCHAR 00FC
ENCODING 252
SWIDTH 600 0
DWIDTH 10 0
BBX 8 13 1 0
BITMAP
24
66
00
00
C3
C3
C3
C3
C3
C3
C3
67
7B
ENDCHAR
STARTCHAR 00FD
ENCODING 253
SWIDTH 540 0
DWIDTH 9 0
BBX 8 16 1 -3
BITMAP
0C
08
10
00
83
C2
46
46
64
2C
28
38
18
10
30
E0
ENDCHAR
STARTCHAR 00FE
ENCODING 254
SWIDTH 600 0
DWIDTH 10 0
BBX 8 15 1 -3
BITMAP
C0
C0
C0
FE
E3
C1
C1
C1
C1
C1
E3
DE
C0
C0
C0
ENDCHAR
STARTCHAR 00FF
ENCODING 255
SWIDTH 540 0
DWIDTH 9 0
BBX 8 16 1 -3
BITMAP
64
6C
00
00
83
C2
46
46
64
2C
28
38
18
10
30
E0
ENDCHAR
STARTCHAR 0100
ENCODING 256
SWIDTH 720 0
DWIDTH 12 0
BBX 11 15 0 0
BITMAP
1F80
0000
0000
0600
0E00
0B00
0B00
1900
1180
3080
3F80
3FC0
6040
6060
C060
ENDCHAR
STARTCHAR 0101
ENCODING 257
SWIDTH 600 0
DWIDTH 10 0
BBX 7 12 1 0
BITMAP
7E
00
00
7C
C6
02
06
7E
C2
82
C6
7A
ENDCHAR
STARTCHAR 0102
ENCODING 258
SWIDTH 720 0
DWIDTH 12 0
BBX 11 15 0 0
BITMAP
1900
0E00
0000
0600
0E00
0B00
0B00
1900
1180
3080
3F80
3FC0
6040
6060
C060
ENDCHAR
STARTCHAR 0103
ENCODING 259
SWIDTH 600 0
DWIDTH 10 0
BBX 7 12 1 0
BITMAP
64
38
00
7C
C6
02
06
7E
C2
82
C6
7A
ENDCHAR
STARTCHAR 0104
ENCODING 260
SWIDTH 720 0
DWIDTH 12 0
BBX 11 16 0 -4
BITMAP
0600
0E00
0B00
0B00
1900
1180
3080
3F80
3FC0
6040
6060
C060
0040
00C0
00E0
0060
ENDCHAR
STARTCHAR 0105
ENCODING 261
SWIDTH 600 0
DWIDTH 10 0
BBX 7 13 1 -4
BITMAP
7C
C6
02
06
7E
C2
82
C6
7A
06
0C
0E
06
ENDCHAR
STARTCHAR 0106
ENCODING 262
SWIDTH 720 0
DWIDTH 12 0
BBX 10 16 1 0
BITMAP
0300
0600
0000
0400
3F80
60C0
4040
C040
C000
8000
8000
C000
C040
60C0
3180
1F00
ENDCHAR
STARTCHAR 0107
ENCODING 263
SWIDTH 540 0
DWIDTH 9 0
BBX 8 13 1 0
BITMAP
0E
08
10
00
7E
42
C3
80
80
80
C3
66
3C
ENDCHAR
STARTCHAR 0108
ENCODING 264
SWIDTH 720 0
DWIDTH 12 0
BBX 10 16 1 0
BITMAP
0E00
0A00
1100
0400
3F80
60C0
4040
C040
C000
8000
8000
C000
C040
60C0
3180
1F00
ENDCHAR
STARTCHAR 0109
ENCODING 265
SWIDTH 540 0
DWIDTH 9 0
BBX 8 13 1 0
BITMAP
18
3C
66
00
7E
42
C3
80
80
80
C3
66
3C
ENDCHAR
STARTCHAR 010A
ENCODING 266
SWIDTH 720 0
DWIDTH 12 0
BBX 10 16 1 0
BITMAP
0400
0C00
0000
0400
3F80
60C0
4040
C040
C000
8000
8000
C000
C040
60C0
3180
1F00
ENDCHAR
STARTCHAR 010B
ENCODING 267
SWIDTH 540 0
DWIDTH 9 0
BBX 8 13 1 0
BITMAP
18
18
00
00
7E
42
C3
80
80
80
C3
66
3C
ENDCHAR
STARTCHAR 010C
ENCODING 268
SWIDTH 720 0
DWIDTH 12 0
BBX 10 16 1 0
BITMAP
1B00
0A00
0400
0400
3F80
60C0
4040
C040
C000
8000
8000
C000
C040
60C0
3180
1F00
ENDCHAR
STARTCHAR 010D
ENCODING 269
SWIDTH 540 0
DWIDTH 9 0
BBX 8 13 1 0
BITMAP
66
1C
18
00
7E
42
C3
80
80
80
C3
66
3C
ENDCHAR
STARTCHAR 010E
ENCODING 270
SWIDTH 720 0
DWIDTH 12 0
BBX 9 16 2 0
BITMAP
CC00
3800
3000
0000
FE00
8300
8180
8180
8080
8080
8080
8080
8180
8100
8700
FC00
ENDCHAR
STARTCHAR 010F
ENCODING 271
SWIDTH 720 0
DWIDTH 12 0
BBX 11 13 1 0
BITMAP
0060
0160
0140
0100
7D00
4300
C300
8100
8100
8100
C300
6700
3D00
ENDCHAR
STARTCHAR 0110
ENCODING 272
SWIDTH 720 0
DWIDTH 12 0
BBX 11 12 0 0
BITMAP
7F80
60C0
6060
6060
6020
F820
F820
6020
6060
6040
61C0
7F00
ENDCHAR
STARTCHAR 0111
ENCODING 273
SWIDTH 660 0
DWIDTH 11 0
BBX 9 12 1 0
BITMAP
0F80
0F80
0100
7D00
4300
C300
8100
8100
8100
C300
6700
3D00
ENDCHAR
STARTCHAR 0112
ENCODING 274
SWIDTH 600 0
DWIDTH 10 0
BBX 7 15 2 0
BITMAP
FC
00
00
FE
80
80
80
80
FE
80
80
80
80
80
FE
ENDCHAR
STARTCHAR 0113
ENCODING 275
SWIDTH 600 0
DWIDTH 10 0
BBX 8 12 1 0
BITMAP
7E
00
00
7E
42
C3
81
FF
80
C2
63
3E
ENDCHAR
STARTCHAR 0114
ENCODING 276
SWIDTH 600 0
DWIDTH 10 0
BBX 7 15 2 0
BITMAP
4C
38
00
FE
80
80
80
80
FE
80
80
80
80
80
FE
ENDCHAR
STARTCHAR 0115
ENCODING 277
SWIDTH 600 0
DWIDTH 10 0
BBX 8 12 1 0
BITMAP
64
18
00
7E
42
C3
81
FF
80
C2
63
3E
ENDCHAR
STARTCHAR 0116
ENCODING 278
SWIDTH 600 0
DWIDTH 10 0
BBX 7 16 2 0
BITMAP
10
30
00
00
FE
80
80
80
80
FE
80
80
80
80
80
FE
ENDCHAR
STARTCHAR 0117
ENCODING 279
SWIDTH 600 0
DWIDTH 10 0
BBX 8 13 1 0
BITMAP
18
18
00
00
7E
42
C3
81
FF
80
C2
63
3E
ENDCHAR
STARTCHAR 0118
ENCODING 280
SWIDTH 600 0
DWIDTH 10 0
BBX 7 16 2 -4
BITMAP
FE
80
80
80
80
FE
80
80
80
80
80
FE
04
0C
0E
06
ENDCHAR
STARTCHAR 0119
ENCODING 281
SWIDTH 600 0
DWIDTH 10 0
BBX 8 13 1 -4
BITMAP
7E
42
C3
81
FF
80
C2
63
3E
18
10
18
1C
ENDCHAR
STARTCHAR 011A
ENCODING 282
SWIDTH 600 0
DWIDTH 10 0
BBX 7 16 2 0
BITMAP
4C
38
30
00
FE
80
80
80
80
FE
80
80
80
80
80
FE
ENDCHAR
STARTCHAR 011B
ENCODING 283
SWIDTH 600 0
DWIDTH 10 0
BBX 8 13 1 0
BITMAP
66
38
18
00
7E
42
C3
81
FF
80
C2
63
3E
ENDCHAR
STARTCHAR 011C
ENCODING 284
SWIDTH 780 0
DWIDTH 13 0
BBX 11 16 1 0
BITMAP
0C00
0A00
1100
0400
3F80
60C0
40C0
C060
C000
8000
83E0
C060
C040
60C0
3180
1F00
ENDCHAR
STARTCHAR 011D
ENCODING 285
SWIDTH 600 0
DWIDTH 10 0
BBX 8 17 1 -4
BITMAP
18
34
26
00
7D
43
C3
81
81
81
C3
65
39
01
C3
7E
18
ENDCHAR
STARTCHAR 011E
ENCODING 286
SWIDTH 780 0
DWIDTH 13 0
BBX 11 15 1 0
BITMAP
1B00
0E00
0400
3F80
60C0
40C0
C060
C000
8000
83E0
C060
C040
60C0
3180
1F00
ENDCHAR
STARTCHAR 011F
ENCODING 287
SWIDTH 600 0
DWIDTH 10 0
BBX 8 16 1 -4
BITMAP
26
1C
00
7D
43
C3
81
81
81
C3
65
39
01
C3
7E
18
ENDCHAR
STARTCHAR 0120
ENCODING 288
SWIDTH 780 0
DWIDTH 13 0
BBX 11 16 1 0
BITMAP
0400
0C00
0000
0400
3F80
60C0
40C0
C060
C000
8000
83E0
C060
C040
60C0
3180
1F00
ENDCHAR
STARTCHAR 0121
ENCODING 289
SWIDTH 600 0
DWIDTH 10 0
BBX 8 17 1 -4
BITMAP
08
18
00
00
7D
43
C3
81
81
81
C3
65
39
01
C3
7E
18
ENDCHAR
STARTCHAR 0122
ENCODING 290
SWIDTH 780 0
DWIDTH 13 0
BBX 11 17 1 -4
BITMAP
0400
3F80
60C0
40C0
C060
C000
8000
83E0
C060
C040
60C0
3180
1F00
0000
0400
0C00
0800
ENDCHAR
STARTCHAR 0123
ENCODING 291
SWIDTH 600 0
DWIDTH 10 0
BBX 8 18 1 -4
BITMAP
0C
18
18
00
00
7D
43
C3
81
81
81
C3
65
39
01
C3
7E
18
ENDCHAR
STARTCHAR 0124
ENCODING 292
SWIDTH 780 0
DWIDTH 13 0
BBX 9 16 2 0
BITMAP
1800
1400
2200
0000
8080
8080
8080
8080
8080
FF80
8080
8080
8080
8080
8080
8080
ENDCHAR
STARTCHAR 0125
ENCODING 293
SWIDTH 600 0
DWIDTH 10 0
BBX 10 16 -1 0
BITMAP
3000
7800
CC00
0000
3000
3000
3000
3F80
3080
30C0
30C0
30C0
30C0
30C0
30C0
30C0
ENDCHAR
STARTCHAR 0126
ENCODING 294
SWIDTH 780 0
DWIDTH 13 0
BBX 11 12 1 0
BITMAP
4040
4040
FFE0
FFE0
4040
7FC0
4040
4040
4040
4040
4040
4040
ENDCHAR
STARTCHAR 0127
ENCODING 295
SWIDTH 600 0
DWIDTH 10 0
BBX 10 12 -1 0
BITMAP
FC00
FC00
3000
3F80
3080
30C0
30C0
30C0
30C0
30C0
30C0
30C0
ENDCHAR
STARTCHAR 0128
ENCODING 296
SWIDTH 480 0
DWIDTH 8 0
BBX 6 16 1 0
BITMAP
44
F8
80
00
30
30
30
30
30
30
30
30
30
30
30
30
ENDCHAR
STARTCHAR 0129
ENCODING 297
SWIDTH 300 0
DWIDTH 5 0
BBX 6 13 -1 0
BITMAP
24
7C
C0
00
10
10
10
10
10
10
10
10
10
ENDCHAR
STARTCHAR 012A
ENCODING 298
SWIDTH 240 0
DWIDTH 4 0
BBX 6 15 -1 0
BITMAP
FC
00
00
30
30
30
30
30
30
30
30
30
30
30
30
ENDCHAR
STARTCHAR 012B
ENCODING 299
SWIDTH 240 0
DWIDTH 4 0
BBX 6 12 -1 0
BITMAP
FC
00
00
30
30
30
30
30
30
30
30
30
ENDCHAR
STARTCHAR 012C
ENCODING 300
SWIDTH 240 0
DWIDTH 4 0
BBX 5 15 0 0
BITMAP
98
70
00
60
60
60
60
60
60
60
60
60
60
60
60
ENDCHAR
STARTCHAR 012D
ENCODING 301
SWIDTH 240 0
DWIDTH 4 0
BBX 5 12 0 0
BITMAP
98
70
00
60
60
60
60
60
60
60
60
60
ENDCHAR
STARTCHAR 012E
ENCODING 302
SWIDTH 240 0
DWIDTH 4 0
BBX 3 16 0 -4
BITMAP
60
60
60
60
60
60
60
60
60
60
60
60
40
C0
E0
60
ENDCHAR
STARTCHAR 012F
ENCODING 303
SWIDTH 240 0
DWIDTH 4 0
BBX 3 17 0 -4
BITMAP
60
60
00
00
60
60
60
60
60
60
60
60
60
40
80
E0
40
ENDCHAR
STARTCHAR 0130
ENCODING 304
SWIDTH 240 0
DWIDTH 4 0
BBX 2 16 1 0
BITMAP
40
C0
00
00
C0
C0
C0
C0
C0
C0
C0
C0
C0
C0
C0
C0
ENDCHAR
STARTCHAR 0131
ENCODING 305
SWIDTH 240 0
DWIDTH 4 0
BBX 2 9 1 0
BITMAP
C0
C0
C0
C0
C0
C0
C0
C0
C0
ENDCHAR
STARTCHAR 0132
ENCODING 306
SWIDTH 840 0
DWIDTH 14 0
BBX 10 12 2 0
BITMAP
8040
8040
8040
8040
8040
8040
8040
8040
8040
9840
88C0
8F80
ENDCHAR
STARTCHAR 0133
ENCODING 307
SWIDTH 480 0
DWIDTH 8 0
BBX 6 16 1 -3
BITMAP
CC
CC
00
00
CC
CC
CC
CC
CC
CC
CC
CC
CC
0C
0C
18
ENDCHAR
STARTCHAR 0134
ENCODING 308
SWIDTH 540 0
DWIDTH 9 0
BBX 9 16 1 0
BITMAP
0600
0F00
1980
0000
0600
0600
0600
0600
0600
0600
0600
0600
0600
8600
CC00
7800
ENDCHAR
STARTCHAR 0135
ENCODING 309
SWIDTH 240 0
DWIDTH 4 0
BBX 6 16 -1 -3
BITMAP
30
78
CC
00
30
30
30
30
30
30
30
30
30
30
30
60
ENDCHAR
STARTCHAR 0136
ENCODING 310
SWIDTH 660 0
DWIDTH 11 0
BBX 9 16 2 -4
BITMAP
8380
8600
8C00
9800
B000
F000
D000
9800
8C00
8600
8300
8380
0000
1000
3000
2000
ENDCHAR
STARTCHAR 0137
ENCODING 311
SWIDTH 540 0
DWIDTH 9 0
BBX 8 16 1 -4
BITMAP
C0
C0
C1
C6
CC
D8
F0
F0
D8
CC
C6
C3
00
18
10
30
ENDCHAR
STARTCHAR 0138
ENCODING 312
SWIDTH 660 0
DWIDTH 11 0
BBX 8 9 1 0
BITMAP
C3
C6
CC
D8
F0
D8
CC
C6
C3
ENDCHAR
STARTCHAR 0139
ENCODING 313
SWIDTH 600 0
DWIDTH 10 0
BBX 7 16 2 0
BITMAP
60
C0
00
00
80
80
80
80
80
80
80
80
80
80
80
FE
ENDCHAR
STARTCHAR 013A
ENCODING 314
SWIDTH 240 0
DWIDTH 4 0
BBX 3 16 1 0
BITMAP
60
40
80
00
C0
C0
C0
C0
C0
C0
C0
C0
C0
C0
C0
C0
ENDCHAR
STARTCHAR 013B
ENCODING 315
SWIDTH 600 0
DWIDTH 10 0
BBX 7 16 2 -4
BITMAP
80
80
80
80
80
80
80
80
80
80
80
FE
00
30
20
20
ENDCHAR
STARTCHAR 013C
ENCODING 316
SWIDTH 240 0
DWIDTH 4 0
BBX 2 16 1 -4
BITMAP
C0
C0
C0
C0
C0
C0
C0
C0
C0
C0
C0
C0
00
C0
80
80
ENDCHAR
STARTCHAR 013D
ENCODING 317
SWIDTH 600 0
DWIDTH 10 0
BBX 7 13 2 0
BITMAP
18
90
90
80
80
80
80
80
80
80
80
80
FE
ENDCHAR
STARTCHAR 013E
ENCODING 318
SWIDTH 300 0
DWIDTH 5 0
BBX 4 13 1 0
BITMAP
10
D0
D0
C0
C0
C0
C0
C0
C0
C0
C0
C0
C0
ENDCHAR
STARTCHAR 013F
ENCODING 319
SWIDTH 600 0
DWIDTH 10 0
BBX 7 12 2 0
BITMAP
80
80
80
80
98
98
80
80
80
80
80
FE
ENDCHAR
STARTCHAR 0140
ENCODING 320
SWIDTH 300 0
DWIDTH 5 0
BBX 5 12 1 0
BITMAP
C0
C0
C0
C0
D0
F8
C0
C0
C0
C0
C0
C0
ENDCHAR
STARTCHAR 0141
ENCODING 321
SWIDTH 600 0
DWIDTH 10 0
BBX 9 12 0 0
BITMAP
6000
6000
6000
6000
6800
7800
E000
6000
6000
6000
6000
7F80
ENDCHAR
STARTCHAR 0142
ENCODING 322
SWIDTH 240 0
DWIDTH 4 0
BBX 4 12 0 0
BITMAP
60
60
60
60
70
70
E0
60
60
60
60
60
ENDCHAR
STARTCHAR 0143
ENCODING 323
SWIDTH 780 0
DWIDTH 13 0
BBX 9 16 2 0
BITMAP
0600
0C00
0000
0000
C080
C080
E080
B080
9080
9880
8C80
8480
8680
8380
8180
8080
ENDCHAR
STARTCHAR 0144
ENCODING 324
SWIDTH 600 0
DWIDTH 10 0
BBX 8 13 1 0
BITMAP
0C
08
10
00
FE
C2
C3
C3
C3
C3
C3
C3
C3
ENDCHAR
STARTCHAR 0145
ENCODING 325
SWIDTH 780 0
DWIDTH 13 0
BBX 9 16 2 -4
BITMAP
C080
C080
E080
B080
9080
9880
8C80
8480
8680
8380
8180
8080
0000
0800
1800
1000
ENDCHAR
STARTCHAR 0146
ENCODING 326
SWIDTH 600 0
DWIDTH 10 0
BBX 8 13 1 -4
BITMAP
FE
C2
C3
C3
C3
C3
C3
C3
C3
00
18
10
10
ENDCHAR
STARTCHAR 0147
ENCODING 327
SWIDTH 780 0
DWIDTH 13 0
BBX 9 16 2 0
BITMAP
2600
1400
0800
0000
C080
C080
E080
B080
9080
9880
8C80
8480
8680
8380
8180
8080
ENDCHAR
STARTCHAR 0148
ENCODING 328
SWIDTH 600 0
DWIDTH 10 0
BBX 8 13 1 0
BITMAP
66
38
18
00
FE
C2
C3
C3
C3
C3
C3
C3
C3
ENDCHAR
STARTCHAR 014A
ENCODING 330
SWIDTH 780 0
DWIDTH 13 0
BBX 9 15 2 -3
BITMAP
C080
C080
E080
B080
9080
9880
8C80
8480
8680
8380
8180
8080
0080
0080
0380
ENDCHAR
STARTCHAR 014B
ENCODING 331
SWIDTH 600 0
DWIDTH 10 0
BBX 8 12 1 -3
BITMAP
FE
C2
C3
C3
C3
C3
C3
C3
C3
03
03
0E
ENDCHAR
STARTCHAR 014C
ENCODING 332
SWIDTH 780 0
DWIDTH 13 0
BBX 11 15 1 0
BITMAP
1F00
0000
0400
3F80
60C0
4040
C060
C060
8060
8060
C060
C060
60C0
3180
1F00
ENDCHAR
STARTCHAR 014D
ENCODING 333
SWIDTH 600 0
DWIDTH 10 0
BBX 8 12 1 0
BITMAP
7E
00
00
7E
43
C3
81
81
81
C3
62
3C
ENDCHAR
STARTCHAR 014E
ENCODING 334
SWIDTH 780 0
DWIDTH 13 0
BBX 11 15 1 0
BITMAP
1B00
0E00
0400
3F80
60C0
4040
C060
C060
8060
8060
C060
C060
60C0
3180
1F00
ENDCHAR
STARTCHAR 014F
ENCODING 335
SWIDTH 600 0
DWIDTH 10 0
BBX 8 12 1 0
BITMAP
26
1C
00
7E
43
C3
81
81
81
C3
62
3C
ENDCHAR
STARTCHAR 0150
ENCODING 336
SWIDTH 780 0
DWIDTH 13 0
BBX 11 16 1 0
BITMAP
0480
0900
1A00
0400
3F80
60C0
4040
C060
C060
8060
8060
C060
C060
60C0
3180
1F00
ENDCHAR
STARTCHAR 0151
ENCODING 337
SWIDTH 600 0
DWIDTH 10 0
BBX 8 13 1 0
BITMAP
1B
16
2C
00
7E
43
C3
81
81
81
C3
62
3C
ENDCHAR
STARTCHAR 0152
ENCODING 338
SWIDTH 960 0
DWIDTH 16 0
BBX 14 12 1 0
BITMAP
3FFC
6100
4100
C100
C100
81FC
8100
C100
C100
6100
3100
1FFC
ENDCHAR
STARTCHAR 0153
ENCODING 339
SWIDTH 1020 0
DWIDTH 17 0
BBX 15 9 1 0
BITMAP
7EFC
4384
C386
8102
81FE
8100
C384
62C6
3C7C
ENDCHAR
STARTCHAR 0154
ENCODING 340
SWIDTH 660 0
DWIDTH 11 0
BBX 8 16 2 0
BITMAP
0C
18
00
00
FE
82
83
83
83
86
FC
8C
84
86
83
83
ENDCHAR
STARTCHAR 0155
ENCODING 341
SWIDTH 360 0
DWIDTH 6 0
BBX 5 13 1 0
BITMAP
18
30
00
00
F8
C0
C0
C0
C0
C0
C0
C0
C0
ENDCHAR
STARTCHAR 0156
ENCODING 342
SWIDTH 660 0
DWIDTH 11 0
BBX 8 16 2 -4
BITMAP
FE
82
83
83
83
86
FC
8C
84
86
83
83
00
10
10
20
ENDCHAR
STARTCHAR 0157
ENCODING 343
SWIDTH 360 0
DWIDTH 6 0
BBX 5 13 1 -4
BITMAP
F8
C0
C0
C0
C0
C0
C0
C0
C0
00
C0
80
80
ENDCHAR
STARTCHAR 0158
ENCODING 344
SWIDTH 660 0
DWIDTH 11 0
BBX 8 16 2 0
BITMAP
4C
28
10
00
FE
82
83
83
83
86
FC
8C
84
86
83
83
ENDCHAR
STARTCHAR 0159
ENCODING 345
SWIDTH 360 0
DWIDTH 6 0
BBX 5 13 1 0
BITMAP
D8
50
20
00
F8
C0
C0
C0
C0
C0
C0
C0
C0
ENDCHAR
STARTCHAR 015A
ENCODING 346
SWIDTH 660 0
DWIDTH 11 0
BBX 9 16 1 0
BITMAP
0600
0C00
0000
0800
7F00
4100
C180
C000
6000
3C00
0700
0180
0180
C180
6300
3E00
ENDCHAR
STARTCHAR 015B
ENCODING 347
SWIDTH 540 0
DWIDTH 9 0
BBX 7 13 1 0
BITMAP
0C
18
00
00
7C
C6
C0
E0
3C
06
42
C6
7C
ENDCHAR
STARTCHAR 015C
ENCODING 348
SWIDTH 660 0
DWIDTH 11 0
BBX 9 16 1 0
BITMAP
1800
1400
2200
0800
7F00
4100
C180
C000
6000
3C00
0700
0180
0180
C180
6300
3E00
ENDCHAR
STARTCHAR 015D
ENCODING 349
SWIDTH 540 0
DWIDTH 9 0
BBX 7 13 1 0
BITMAP
18
28
44
00
7C
C6
C0
E0
3C
06
42
C6
7C
ENDCHAR
STARTCHAR 015E
ENCODING 350
SWIDTH 660 0
DWIDTH 11 0
BBX 9 17 1 -4
BITMAP
0800
7F00
4100
C180
C000
6000
3C00
0700
0180
0180
C180
6300
3E00
0800
0400
0400
0800
ENDCHAR
STARTCHAR 015F
ENCODING 351
SWIDTH 540 0
DWIDTH 9 0
BBX 7 13 1 -4
BITMAP
7C
C6
C0
E0
3C
06
42
C6
7C
10
08
08
10
ENDCHAR
STARTCHAR 0160
ENCODING 352
SWIDTH 660 0
DWIDTH 11 0
BBX 9 16 1 0
BITMAP
3600
1400
0800
0800
7F00
4100
C180
C000
6000
3C00
0700
0180
0180
C180
6300
3E00
ENDCHAR
STARTCHAR 0161
ENCODING 353
SWIDTH 540 0
DWIDTH 9 0
BBX 7 13 1 0
BITMAP
6C
28
10
00
7C
C6
C0
E0
3C
06
42
C6
7C
ENDCHAR
STARTCHAR 0162
ENCODING 354
SWIDTH 660 0
DWIDTH 11 0
BBX 9 16 1 -4
BITMAP
FF80
0800
0800
0800
0800
0800
0800
0800
0800
0800
0800
0800
0800
0400
0400
0800
ENDCHAR
STARTCHAR 0163
ENCODING 355
SWIDTH 360 0
DWIDTH 6 0
BBX 5 16 1 -4
BITMAP
40
40
40
F0
40
40
40
40
40
40
60
38
30
18
18
20
ENDCHAR
STARTCHAR 0164
ENCODING 356
SWIDTH 660 0
DWIDTH 11 0
BBX 9 16 1 0
BITMAP
3600
1400
0800
0000
FF80
0800
0800
0800
0800
0800
0800
0800
0800
0800
0800
0800
ENDCHAR
STARTCHAR 0165
ENCODING 357
SWIDTH 360 0
DWIDTH 6 0
BBX 5 14 1 0
BITMAP
18
18
58
40
40
F0
40
40
40
40
40
40
60
38
ENDCHAR
STARTCHAR 0166
ENCODING 358
SWIDTH 660 0
DWIDTH 11 0
BBX 9 12 1 0
BITMAP
FF80
0800
0800
0800
0800
3E00
3E00
0800
0800
0800
0800
0800
ENDCHAR
STARTCHAR 0167
ENCODING 359
SWIDTH 360 0
DWIDTH 6 0
BBX 5 12 1 0
BITMAP
40
40
40
F0
40
40
F0
40
40
40
60
38
ENDCHAR
STARTCHAR 0168
ENCODING 360
SWIDTH 780 0
DWIDTH 13 0
BBX 9 16 2 0
BITMAP
1200
3E00
4000
0000
8080
8080
8080
8080
8080
8080
8080
8080
8080
C180
E300
3E00
ENDCHAR
STARTCHAR 0169
ENCODING 361
SWIDTH 600 0
DWIDTH 10 0
BBX 8 13 1 0
BITMAP
22
7E
40
00
C3
C3
C3
C3
C3
C3
C3
67
7B
ENDCHAR
STARTCHAR 016A
ENCODING 362
SWIDTH 780 0
DWIDTH 13 0
BBX 9 15 2 0
BITMAP
7E00
0000
0000
8080
8080
8080
8080
8080
8080
8080
8080
8080
C180
E300
3E00
ENDCHAR
STARTCHAR 016B
ENCODING 363
SWIDTH 600 0
DWIDTH 10 0
BBX 8 12 1 0
BITMAP
7E
00
00
C3
C3
C3
C3
C3
C3
C3
67
7B
ENDCHAR
STARTCHAR 016C
ENCODING 364
SWIDTH 780 0
DWIDTH 13 0
BBX 9 15 2 0
BITMAP
2600
1C00
0000
8080
8080
8080
8080
8080
8080
8080
8080
8080
C180
E300
3E00
ENDCHAR
STARTCHAR 016D
ENCODING 365
SWIDTH 600 0
DWIDTH 10 0
BBX 8 12 1 0
BITMAP
64
38
00
C3
C3
C3
C3
C3
C3
C3
67
7B
ENDCHAR
STARTCHAR 016E
ENCODING 366
SWIDTH 780 0
DWIDTH 13 0
BBX 9 17 2 0
BITMAP
1C00
2400
2400
1800
0000
8080
8080
8080
8080
8080
8080
8080
8080
8080
C180
E300
3E00
ENDCHAR
STARTCHAR 016F
ENCODING 367
SWIDTH 600 0
DWIDTH 10 0
BBX 8 14 1 0
BITMAP
3C
24
24
18
00
C3
C3
C3
C3
C3
C3
C3
67
7B
ENDCHAR
STARTCHAR 0170
ENCODING 368
SWIDTH 780 0
DWIDTH 13 0
BBX 9 16 2 0
BITMAP
1B00
1200
3400
0000
8080
8080
8080
8080
8080
8080
8080
8080
8080
C180
E300
3E00
ENDCHAR
STARTCHAR 0171
ENCODING 369
SWIDTH 600 0
DWIDTH 10 0
BBX 8 13 1 0
BITMAP
1B
16
2C
00
C3
C3
C3
C3
C3
C3
C3
67
7B
ENDCHAR
STARTCHAR 0172
ENCODING 370
SWIDTH 780 0
DWIDTH 13 0
BBX 9 16 2 -4
BITMAP
8080
8080
8080
8080
8080
8080
8080
8080
8080
C180
E300
3E00
1800
1000
1C00
0800
ENDCHAR
STARTCHAR 0173
ENCODING 371
SWIDTH 600 0
DWIDTH 10 0
BBX 8 13 1 -4
BITMAP
C3
C3
C3
C3
C3
C3
C3
67
7B
06
04
07
02
ENDCHAR
STARTCHAR 0174
ENCODING 372
SWIDTH 960 0
DWIDTH 16 0
BBX 16 16 0 0
BITMAP
0180
03C0
0660
8000
4183
4182
63C2
63C6
2244
2244
366C
162C
1428
1428
1C38
0818
ENDCHAR
STARTCHAR 0175
ENCODING 373
SWIDTH 840 0
DWIDTH 14 0
BBX 12 13 1 0
BITMAP
0600
0B00
1980
0000
8610
C630
CE20
4B20
4960
6940
39C0
30C0
30C0
ENDCHAR
STARTCHAR 0176
ENCODING 374
SWIDTH 660 0
DWIDTH 11 0
BBX 11 16 0 0
BITMAP
0600
0A00
1100
8020
6040
20C0
3180
1100
1B00
0E00
0600
0400
0400
0400
0400
0400
ENDCHAR
STARTCHAR 0177
ENCODING 375
SWIDTH 540 0
DWIDTH 9 0
BBX 8 16 1 -3
BITMAP
18
2C
64
00
83
C2
46
46
64
2C
28
38
18
10
30
E0
ENDCHAR
STARTCHAR 0178
ENCODING 376
SWIDTH 660 0
DWIDTH 11 0
BBX 11 16 0 0
BITMAP
1900
1B00
0000
8020
6040
20C0
3180
1100
1B00
0E00
0600
0400
0400
0400
0400
0400
ENDCHAR
STARTCHAR 0179
ENCODING 377
SWIDTH 660 0
DWIDTH 11 0
BBX 9 16 1 0
BITMAP
0600
0C00
0000
0000
FF80
0300
0200
0600
0C00
0800
1800
3000
2000
6000
C000
FF80
ENDCHAR
STARTCHAR 017A
ENCODING 378
SWIDTH 540 0
DWIDTH 9 0
BBX 7 13 1 0
BITMAP
0C
18
00
00
FE
06
0C
18
10
30
60
C0
FE
ENDCHAR
STARTCHAR 017B
ENCODING 379
SWIDTH 660 0
DWIDTH 11 0
BBX 9 16 1 0
BITMAP
0800
1800
0000
0000
FF80
0300
0200
0600
0C00
0800
1800
3000
2000
6000
C000
FF80
ENDCHAR
STARTCHAR 017C
ENCODING 380
SWIDTH 540 0
DWIDTH 9 0
BBX 7 13 1 0
BITMAP
10
18
00
00
FE
06
0C
18
10
30
60
C0
FE
ENDCHAR
STARTCHAR 017D
ENCODING 381
SWIDTH 660 0
DWIDTH 11 0
BBX 9 16 1 0
BITMAP
2600
1C00
0800
0000
FF80
0300
0200
0600
0C00
0800
1800
3000
2000
6000
C000
FF80
ENDCHAR
STARTCHAR 017E
ENCODING 382
SWIDTH 540 0
DWIDTH 9 0
BBX 7 13 1 0
BITMAP
6C
28
10
00
FE
06
0C
18
10
30
60
C0
FE
ENDCHAR
STARTCHAR 017F
ENCODING 383
SWIDTH 300 0
DWIDTH 5 0
BBX 4 13 0 0
BITMAP
70
60
C0
C0
C0
C0
C0
C0
C0
C0
C0
C0
C0
ENDCHAR
STARTCHAR 0180
ENCODING 384
SWIDTH 660 0
DWIDTH 11 0
BBX 10 12 0 0
BITMAP
F800
F800
6000
6F00
7180
6080
60C0
60C0
60C0
6080
7180
6F00
ENDCHAR
STARTCHAR 0181
ENCODING 385
SWIDTH 840 0
DWIDTH 14 0
BBX 12 12 1 0
BITMAP
FFC0
9860
9820
1820
1860
1F80
1860
1820
1830
1830
1860
1FC0
ENDCHAR
STARTCHAR 0182
ENCODING 386
SWIDTH 660 0
DWIDTH 11 0
BBX 8 12 2 0
BITMAP
FE
80
80
80
80
FE
83
81
81
83
87
FC
ENDCHAR
STARTCHAR 0183
ENCODING 387
SWIDTH 660 0
DWIDTH 11 0
BBX 8 12 2 0
BITMAP
FC
80
80
BC
C6
82
83
83
83
82
C6
BC
ENDCHAR
STARTCHAR 0184
ENCODING 388
SWIDTH 720 0
DWIDTH 12 0
BBX 12 12 0 0
BITMAP
F800
1800
1800
1800
1800
1FC0
1860
1830
1830
1830
1860
1FC0
ENDCHAR
STARTCHAR 0185
ENCODING 389
SWIDTH 660 0
DWIDTH 11 0
BBX 9 13 1 0
BITMAP
4000
E000
E000
E000
7F00
6180
6080
6080
6080
6080
6180
7100
5F00
ENDCHAR
STARTCHAR 0186
ENCODING 390
SWIDTH 720 0
DWIDTH 12 0
BBX 10 13 1 0
BITMAP
0800
3F00
6180
C0C0
8040
0040
0040
0040
0040
C0C0
C080
6380
3F00
ENDCHAR
STARTCHAR 0187
ENCODING 391
SWIDTH 780 0
DWIDTH 13 0
BBX 12 13 1 0
BITMAP
0410
3FF0
60E0
4040
C040
C000
8000
8000
C000
C040
60C0
3180
1F00
ENDCHAR
STARTCHAR 0188
ENCODING 392
SWIDTH 600 0
DWIDTH 10 0
BBX 10 10 1 0
BITMAP
01C0
7F00
4300
C300
8000
8000
8000
C300
6600
3C00
ENDCHAR
STARTCHAR 0189
ENCODING 393
SWIDTH 720 0
DWIDTH 12 0
BBX 11 12 0 0
BITMAP
7F80
60C0
6060
6060
6020
F820
F820
6020
6060
6040
61C0
7F00
ENDCHAR
STARTCHAR 018A
ENCODING 394
SWIDTH 900 0
DWIDTH 15 0
BBX 13 12 1 0
BITMAP
FFC0
9870
9810
1818
1818
1818
1818
1818
1810
1830
18E0
1FC0
ENDCHAR
STARTCHAR 018B
ENCODING 395
SWIDTH 660 0
DWIDTH 11 0
BBX 9 12 1 0
BITMAP
7F80
0180
0180
0180
0180
7F80
E180
C180
C180
C180
6180
3F80
ENDCHAR
STARTCHAR 018C
ENCODING 396
SWIDTH 660 0
DWIDTH 11 0
BBX 8 12 1 0
BITMAP
7F
01
01
7D
43
C3
81
81
81
C3
67
3D
ENDCHAR
STARTCHAR 018D
ENCODING 397
SWIDTH 540 0
DWIDTH 9 0
BBX 8 12 1 -3
BITMAP
7C
C6
C2
83
83
82
C6
7C
30
18
0C
7C
ENDCHAR
STARTCHAR 018E
ENCODING 398
SWIDTH 600 0
DWIDTH 10 0
BBX 8 12 1 0
BITMAP
FF
03
03
03
03
7F
7F
03
03
03
03
FF
ENDCHAR
STARTCHAR 018F
ENCODING 399
SWIDTH 720 0
DWIDTH 12 0
BBX 10 12 1 0
BITMAP
7F00
2380
0080
00C0
00C0
00C0
FFC0
C0C0
C0C0
4080
7380
3F00
ENDCHAR
STARTCHAR 0190
ENCODING 400
SWIDTH 660 0
DWIDTH 11 0
BBX 9 12 1 0
BITMAP
3E00
6300
C180
C000
4000
7C00
7C00
C000
C000
C180
E300
3E00
ENDCHAR
STARTCHAR 0191
ENCODING 401
SWIDTH 600 0
DWIDTH 10 0
BBX 9 15 0 -3
BITMAP
7F80
6000
6000
6000
6000
7F00
6000
6000
6000
6000
6000
6000
6000
6000
E000
ENDCHAR
STARTCHAR 0192
ENCODING 402
SWIDTH 420 0
DWIDTH 7 0
BBX 6 17 0 -4
BITMAP
1C
1C
30
30
7C
30
30
30
30
30
30
30
30
30
30
E0
C0
ENDCHAR
STARTCHAR 0193
ENCODING 403
SWIDTH 780 0
DWIDTH 13 0
BBX 12 13 1 0
BITMAP
0400
3FB0
60E0
40C0
C060
C000
8000
83E0
C060
C040
60C0
3180
1F00
ENDCHAR
STARTCHAR 0194
ENCODING 404
SWIDTH 660 0
DWIDTH 11 0
BBX 11 16 0 -4
BITMAP
C060
60C0
6080
2180
3100
1300
1B00
0A00
0E00
0C00
0C00
0E00
1A00
1B00
1E00
0C00
ENDCHAR
STARTCHAR 0195
ENCODING 405
SWIDTH 960 0
DWIDTH 16 0
BBX 14 12 1 0
BITMAP
C000
C000
C000
FE0C
C20C
C30C
C30C
C308
C308
C318
C110
C1E0
ENDCHAR
STARTCHAR 0196
ENCODING 406
SWIDTH 360 0
DWIDTH 6 0
BBX 4 13 1 0
BITMAP
C0
C0
C0
C0
C0
C0
C0
C0
C0
C0
C0
C0
70
ENDCHAR
STARTCHAR 0197
ENCODING 407
SWIDTH 240 0
DWIDTH 4 0
BBX 5 12 0 0
BITMAP
60
60
60
60
60
F8
F8
60
60
60
60
60
ENDCHAR
STARTCHAR 0198
ENCODING 408
SWIDTH 660 0
DWIDTH 11 0
BBX 9 13 2 0
BITMAP
0100
8380
8600
8C00
9800
B000
F000
D000
9800
8C00
8600
8300
8380
ENDCHAR
STARTCHAR 0199
ENCODING 409
SWIDTH 540 0
DWIDTH 9 0
BBX 8 13 1 0
BITMAP
20
70
C0
C0
C6
CC
D8
F0
F0
D8
CC
C6
C3
ENDCHAR
STARTCHAR 019A
ENCODING 410
SWIDTH 240 0
DWIDTH 4 0
BBX 6 12 -1 0
BITMAP
30
30
30
30
30
FC
FC
30
30
30
30
30
ENDCHAR
STARTCHAR 019B
ENCODING 411
SWIDTH 660 0
DWIDTH 11 0
BBX 9 13 1 0
BITMAP
6000
7800
7800
5800
1800
1800
3C00
3C00
2600
6600
6600
C300
C380
ENDCHAR
STARTCHAR 019C
ENCODING 412
SWIDTH 900 0
DWIDTH 15 0
BBX 13 12 1 0
BITMAP
C318
C318
C318
C318
C318
C318
C318
C318
C318
C318
6738
79F8
ENDCHAR
STARTCHAR 019D
ENCODING 413
SWIDTH 780 0
DWIDTH 13 0
BBX 11 15 0 -3
BITMAP
3020
3020
3820
2C20
2420
2620
2320
2120
21A0
20E0
2060
2020
2000
6000
E000
ENDCHAR
STARTCHAR 019E
ENCODING 414
SWIDTH 600 0
DWIDTH 10 0
BBX 8 12 1 -3
BITMAP
FE
C2
C3
C3
C3
C3
C3
C3
C3
03
03
03
ENDCHAR
STARTCHAR 019F
ENCODING 415
SWIDTH 780 0
DWIDTH 13 0
BBX 11 13 1 0
BITMAP
0400
3F80
60C0
4040
C060
C060
FEE0
87E0
C060
C060
60C0
3180
1F00
ENDCHAR
STARTCHAR 01A0
ENCODING 416
SWIDTH 780 0
DWIDTH 13 0
BBX 12 13 1 0
BITMAP
0430
3FB0
60E0
4040
C060
C060
8060
8060
C060
C060
60C0
3180
1F00
ENDCHAR
STARTCHAR 01A1
ENCODING 417
SWIDTH 600 0
DWIDTH 10 0
BBX 9 10 1 0
BITMAP
0080
7E80
4300
C300
8100
8100
8100
C300
6200
3C00
ENDCHAR
STARTCHAR 01A2
ENCODING 418
SWIDTH 900 0
DWIDTH 15 0
BBX 12 15 1 -3
BITMAP
3F70
71F0
4090
C090
C090
C090
C090
C090
C090
6090
7190
3F10
0010
0010
0010
ENDCHAR
STARTCHAR 01A3
ENCODING 419
SWIDTH 660 0
DWIDTH 11 0
BBX 9 12 1 -3
BITMAP
7D80
C780
C780
8580
8580
8580
C580
C580
7D80
0180
0180
0180
ENDCHAR
STARTCHAR 01A4
ENCODING 420
SWIDTH 780 0
DWIDTH 13 0
BBX 11 12 1 0
BITMAP
FFC0
9860
9820
1820
1820
1860
1FC0
1800
1800
1800
1800
1800
ENDCHAR
STARTCHAR 01A5
ENCODING 421
SWIDTH 600 0
DWIDTH 10 0
BBX 8 14 1 -3
BITMAP
60
C0
FE
E3
C1
C1
C1
C1
C1
E3
DE
C0
C0
C0
ENDCHAR
STARTCHAR 01A6
ENCODING 422
SWIDTH 720 0
DWIDTH 12 0
BBX 10 16 1 -3
BITMAP
C000
FE00
C700
C300
C300
C300
C700
FE00
C400
C600
C200
C300
C180
0180
00C0
00C0
ENDCHAR
STARTCHAR 01A7
ENCODING 423
SWIDTH 660 0
DWIDTH 11 0
BBX 9 13 1 0
BITMAP
0800
7E00
C300
C180
0100
0300
1E00
7000
C000
8000
C180
6300
3E00
ENDCHAR
STARTCHAR 01A8
ENCODING 424
SWIDTH 540 0
DWIDTH 9 0
BBX 7 9 1 0
BITMAP
7C
C6
06
0C
78
C0
84
C6
7C
ENDCHAR
STARTCHAR 01A9
ENCODING 425
SWIDTH 660 0
DWIDTH 11 0
BBX 9 12 1 0
BITMAP
FF00
C000
6000
3000
1800
0C00
0800
1800
3000
6000
C000
FF80
ENDCHAR
STARTCHAR 01AA
ENCODING 426
SWIDTH 540 0
DWIDTH 9 0
BBX 7 16 1 -3
BITMAP
70
F8
CC
CC
FC
3C
0C
0C
0C
0C
0C
0C
0C
0C
0C
0E
ENDCHAR
STARTCHAR 01AB
ENCODING 427
SWIDTH 360 0
DWIDTH 6 0
BBX 5 15 1 -3
BITMAP
40
40
40
F0
40
40
40
40
40
40
60
38
18
18
70
ENDCHAR
STARTCHAR 01AC
ENCODING 428
SWIDTH 720 0
DWIDTH 12 0
BBX 10 12 1 0
BITMAP
FFC0
8C00
8C00
0C00
0C00
0C00
0C00
0C00
0C00
0C00
0C00
0C00
ENDCHAR
STARTCHAR 01AD
ENCODING 429
SWIDTH 360 0
DWIDTH 6 0
BBX 5 13 1 0
BITMAP
38
60
60
60
F0
60
60
60
60
60
60
60
38
ENDCHAR
STARTCHAR 01AE
ENCODING 430
SWIDTH 660 0
DWIDTH 11 0
BBX 9 15 1 -3
BITMAP
FF80
0800
0800
0800
0800
0800
0800
0800
0800
0800
0800
0800
0800
0800
0E00
ENDCHAR
STARTCHAR 01AF
ENCODING 431
SWIDTH 900 0
DWIDTH 15 0
BBX 12 13 2 0
BITMAP
0030
80B0
80E0
8080
8080
8080
8080
8080
8080
8080
C180
E300
3E00
ENDCHAR
STARTCHAR 01B0
ENCODING 432
SWIDTH 660 0
DWIDTH 11 0
BBX 10 10 1 0
BITMAP
0040
C340
C380
C300
C300
C300
C300
C300
6700
7B00
ENDCHAR
STARTCHAR 01B1
ENCODING 433
SWIDTH 780 0
DWIDTH 13 0
BBX 11 12 1 0
BITMAP
F1E0
3180
60C0
4040
C060
C060
8060
C060
C060
60C0
3180
1F00
ENDCHAR
STARTCHAR 01B2
ENCODING 434
SWIDTH 660 0
DWIDTH 11 0
BBX 9 12 1 0
BITMAP
C700
C180
C180
C180
C180
C180
C180
C180
C180
C180
6300
3E00
ENDCHAR
STARTCHAR 01B3
ENCODING 435
SWIDTH 720 0
DWIDTH 12 0
BBX 12 13 0 0
BITMAP
8030
6060
20C0
3180
1180
1B00
0E00
0600
0400
0400
0400
0400
0400
ENDCHAR
STARTCHAR 01B4
ENCODING 436
SWIDTH 600 0
DWIDTH 10 0
BBX 10 15 1 -4
BITMAP
01C0
0300
8200
C600
4600
4400
6C00
2C00
2800
3800
1800
1000
3000
E000
C000
ENDCHAR
STARTCHAR 01B5
ENCODING 437
SWIDTH 660 0
DWIDTH 11 0
BBX 9 12 1 0
BITMAP
FF80
0300
0200
0600
0C00
3E00
3E00
3000
2000
6000
C000
FF80
ENDCHAR
STARTCHAR 01B6
ENCODING 438
SWIDTH 540 0
DWIDTH 9 0
BBX 7 9 1 0
BITMAP
FE
06
0C
7C
7C
30
60
C0
FE
ENDCHAR
STARTCHAR 01B7
ENCODING 439
SWIDTH 720 0
DWIDTH 12 0
BBX 10 15 1 -3
BITMAP
7F80
0180
0300
0600
0C00
1C00
0700
0180
0080
00C0
00C0
80C0
C080
6180
3F00
ENDCHAR
STARTCHAR 01B8
ENCODING 440
SWIDTH 720 0
DWIDTH 12 0
BBX 10 15 1 -3
BITMAP
FF80
6000
3000
1800
0C00
1C00
3800
6000
C000
C000
8000
C0C0
C0C0
6180
3F00
ENDCHAR
STARTCHAR 01B9
ENCODING 441
SWIDTH 660 0
DWIDTH 11 0
BBX 9 12 1 -3
BITMAP
7F00
6000
3000
1800
0C00
3C00
6000
C000
C000
C180
6300
3E00
ENDCHAR
STARTCHAR 01BA
ENCODING 442
SWIDTH 540 0
DWIDTH 9 0
BBX 7 13 1 -4
BITMAP
FE
06
0C
38
3C
06
06
3C
F0
C0
C6
FC
30
ENDCHAR
STARTCHAR 01BB
ENCODING 443
SWIDTH 600 0
DWIDTH 10 0
BBX 9 13 1 0
BITMAP
0800
7E00
4300
C300
0300
0300
1F80
1F80
1800
3000
2000
4000
FF00
ENDCHAR
STARTCHAR 01BC
ENCODING 444
SWIDTH 600 0
DWIDTH 10 0
BBX 8 12 1 0
BITMAP
FF
40
40
40
7C
E6
03
01
01
C3
66
3C
ENDCHAR
STARTCHAR 01BD
ENCODING 445
SWIDTH 540 0
DWIDTH 9 0
BBX 7 9 1 0
BITMAP
FE
60
60
7C
66
02
C2
66
3C
ENDCHAR
STARTCHAR 01BE
ENCODING 446
SWIDTH 540 0
DWIDTH 9 0
BBX 7 11 1 0
BITMAP
10
10
7C
10
10
18
1C
06
C2
C6
7C
ENDCHAR
STARTCHAR 01BF
ENCODING 447
SWIDTH 660 0
DWIDTH 11 0
BBX 7 12 2 -3
BITMAP
BC
CE
86
86
82
86
86
8C
98
F0
80
80
ENDCHAR
STARTCHAR 01C0
ENCODING 448
SWIDTH 300 0
DWIDTH 5 0
BBX 1 12 2 0
BITMAP
80
80
80
80
80
80
80
80
80
80
80
80
ENDCHAR
STARTCHAR 01C1
ENCODING 449
SWIDTH 360 0
DWIDTH 6 0
BBX 4 12 1 0
BITMAP
B0
B0
B0
B0
B0
B0
B0
B0
B0
B0
B0
B0
ENDCHAR
STARTCHAR 01C2
ENCODING 450
SWIDTH 300 0
DWIDTH 5 0
BBX 5 12 0 0
BITMAP
20
20
20
F8
F8
20
20
F8
F8
20
20
20
ENDCHAR
STARTCHAR 01C3
ENCODING 451
SWIDTH 300 0
DWIDTH 5 0
BBX 2 12 1 0
BITMAP
40
40
40
40
40
40
40
40
40
00
C0
C0
ENDCHAR
STARTCHAR 01C5
ENCODING 453
SWIDTH 1260 0
DWIDTH 21 0
BBX 19 13 2 0
BITMAP
000C80
FE0700
830300
818000
819FC0
8080C0
808180
808100
808300
818600
810C00
870800
FC1FE0
ENDCHAR
STARTCHAR 01C6
ENCODING 454
SWIDTH 1080 0
DWIDTH 18 0
BBX 16 13 1 0
BITMAP
0026
0114
0108
0100
7D7F
4302
C306
810C
8118
8110
C330
6760
3D7F
ENDCHAR
STARTCHAR 01C7
ENCODING 455
SWIDTH 1140 0
DWIDTH 19 0
BBX 15 12 2 0
BITMAP
8002
8002
8002
8002
8002
8002
8002
8002
8002
80C2
8046
FE7C
ENDCHAR
STARTCHAR 01C8
ENCODING 456
SWIDTH 840 0
DWIDTH 14 0
BBX 11 16 2 -3
BITMAP
0040
8060
8000
8000
8040
8040
8040
8040
8040
8040
8040
8040
FE40
0040
0040
01C0
ENDCHAR
STARTCHAR 01C9
ENCODING 457
SWIDTH 480 0
DWIDTH 8 0
BBX 6 16 1 -3
BITMAP
0C
CC
C0
C0
CC
CC
CC
CC
CC
CC
CC
CC
CC
0C
0C
18
ENDCHAR
STARTCHAR 01CA
ENCODING 458
SWIDTH 1320 0
DWIDTH 22 0
BBX 19 12 2 0
BITMAP
C08060
C08060
E08060
B08060
908060
988060
8C8060
848060
868060
839840
818CC0
808780
ENDCHAR
STARTCHAR 01CB
ENCODING 459
SWIDTH 1020 0
DWIDTH 17 0
BBX 14 16 2 -3
BITMAP
0008
C08C
C080
E080
B088
9088
9888
8C88
8488
8688
8388
8188
8088
0008
0008
0038
ENDCHAR
STARTCHAR 01CC
ENCODING 460
SWIDTH 840 0
DWIDTH 14 0
BBX 12 16 1 -3
BITMAP
0030
0030
0000
0000
FE30
C230
C330
C330
C330
C330
C330
C330
C330
0030
0030
0060
ENDCHAR
STARTCHAR 01CD
ENCODING 461
SWIDTH 720 0
DWIDTH 12 0
BBX 11 16 0 0
BITMAP
1900
0E00
0400
0000
0600
0E00
0B00
0B00
1900
1180
3080
3F80
3FC0
6040
6060
C060
ENDCHAR
STARTCHAR 01CE
ENCODING 462
SWIDTH 600 0
DWIDTH 10 0
BBX 7 13 1 0
BITMAP
66
38
18
00
7C
C6
02
06
7E
C2
82
C6
7A
ENDCHAR
STARTCHAR 01CF
ENCODING 463
SWIDTH 240 0
DWIDTH 4 0
BBX 5 16 0 0
BITMAP
98
70
20
00
60
60
60
60
60
60
60
60
60
60
60
60
ENDCHAR
STARTCHAR 01D0
ENCODING 464
SWIDTH 240 0
DWIDTH 4 0
BBX 6 13 -1 0
BITMAP
CC
38
30
00
30
30
30
30
30
30
30
30
30
ENDCHAR
STARTCHAR 01D1
ENCODING 465
SWIDTH 780 0
DWIDTH 13 0
BBX 11 16 1 0
BITMAP
1B00
0A00
0400
0400
3F80
60C0
4040
C060
C060
8060
8060
C060
C060
60C0
3180
1F00
ENDCHAR
STARTCHAR 01D2
ENCODING 466
SWIDTH 600 0
DWIDTH 10 0
BBX 8 13 1 0
BITMAP
66
1C
18
00
7E
43
C3
81
81
81
C3
62
3C
ENDCHAR
STARTCHAR 01D3
ENCODING 467
SWIDTH 780 0
DWIDTH 13 0
BBX 9 16 2 0
BITMAP
2600
1C00
0800
0000
8080
8080
8080
8080
8080
8080
8080
8080
8080
C180
E300
3E00
ENDCHAR
STARTCHAR 01D4
ENCODING 468
SWIDTH 600 0
DWIDTH 10 0
BBX 8 13 1 0
BITMAP
66
38
18
00
C3
C3
C3
C3
C3
C3
C3
67
7B
ENDCHAR
STARTCHAR 01D5
ENCODING 469
SWIDTH 780 0
DWIDTH 13 0
BBX 9 18 2 0
BITMAP
7E00
0000
2600
3600
0000
0000
8080
8080
8080
8080
8080
8080
8080
8080
8080
C180
E300
3E00
ENDCHAR
STARTCHAR 01D6
ENCODING 470
SWIDTH 600 0
DWIDTH 10 0
BBX 8 15 1 0
BITMAP
7E
00
24
66
00
00
C3
C3
C3
C3
C3
C3
C3
67
7B
ENDCHAR
STARTCHAR 01D7
ENCODING 471
SWIDTH 780 0
DWIDTH 13 0
BBX 9 18 2 0
BITMAP
0600
0800
0000
3600
2200
0000
8080
8080
8080
8080
8080
8080
8080
8080
8080
C180
E300
3E00
ENDCHAR
STARTCHAR 01D8
ENCODING 472
SWIDTH 600 0
DWIDTH 10 0
BBX 8 16 1 0
BITMAP
0C
08
10
24
66
00
00
C3
C3
C3
C3
C3
C3
C3
67
7B
ENDCHAR
STARTCHAR 01D9
ENCODING 473
SWIDTH 780 0
DWIDTH 13 0
BBX 9 17 2 0
BITMAP
3600
1800
6600
2200
0000
8080
8080
8080
8080
8080
8080
8080
8080
8080
C180
E300
3E00
ENDCHAR
STARTCHAR 01DA
ENCODING 474
SWIDTH 600 0
DWIDTH 10 0
BBX 8 15 1 0
BITMAP
66
18
00
66
24
00
C3
C3
C3
C3
C3
C3
C3
67
7B
ENDCHAR
STARTCHAR 01DB
ENCODING 475
SWIDTH 780 0
DWIDTH 13 0
BBX 9 17 2 0
BITMAP
3000
1800
6600
2200
0000
8080
8080
8080
8080
8080
8080
8080
8080
8080
C180
E300
3E00
ENDCHAR
STARTCHAR 01DC
ENCODING 476
SWIDTH 600 0
DWIDTH 10 0
BBX 8 15 1 0
BITMAP
70
18
00
66
24
00
C3
C3
C3
C3
C3
C3
C3
67
7B
ENDCHAR
STARTCHAR 01DD
ENCODING 477
SWIDTH 600 0
DWIDTH 10 0
BBX 8 9 1 0
BITMAP
7E
C2
03
01
FF
81
C3
66
3C
ENDCHAR
STARTCHAR 01DE
ENCODING 478
SWIDTH 720 0
DWIDTH 12 0
BBX 11 18 0 0
BITMAP
1F80
0000
1900
1900
0000
0000
0600
0E00
0B00
0B00
1900
1180
3080
3F80
3FC0
6040
6060
C060
ENDCHAR
STARTCHAR 01DF
ENCODING 479
SWIDTH 600 0
DWIDTH 10 0
BBX 7 15 1 0
BITMAP
7E
00
24
66
00
00
7C
C6
02
06
7E
C2
82
C6
7A
ENDCHAR
STARTCHAR 01E0
ENCODING 480
SWIDTH 720 0
DWIDTH 12 0
BBX 11 18 0 0
BITMAP
1F00
0000
0400
0600
0000
0000
0600
0E00
0B00
0B00
1900
1180
3080
3F80
3FC0
6040
6060
C060
ENDCHAR
STARTCHAR 01E1
ENCODING 481
SWIDTH 600 0
DWIDTH 10 0
BBX 7 15 1 0
BITMAP
7E
00
18
18
00
00
7C
C6
02
06
7E
C2
82
C6
7A
ENDCHAR
STARTCHAR 01E2
ENCODING 482
SWIDTH 1020 0
DWIDTH 17 0
BBX 16 15 0 0
BITMAP
00FC
0000
0000
03FF
02C0
06C0
04C0
0CC0
08FE
18C0
1FC0
3FC0
20C0
60C0
C0FF
ENDCHAR
STARTCHAR 01E3
ENCODING 483
SWIDTH 960 0
DWIDTH 16 0
BBX 14 12 1 0
BITMAP
0FC0
0000
0000
7DF0
C708
020C
060C
7FFC
C200
8308
C50C
78F0
ENDCHAR
STARTCHAR 01E4
ENCODING 484
SWIDTH 780 0
DWIDTH 13 0
BBX 11 13 1 0
BITMAP
0400
3F80
60C0
40C0
C060
C000
8000
83E0
C060
C3E0
60C0
3180
1F00
ENDCHAR
STARTCHAR 01E5
ENCODING 485
SWIDTH 600 0
DWIDTH 10 0
BBX 10 13 1 -4
BITMAP
7D00
4300
C300
87C0
87C0
8100
C300
6500
3900
0100
C300
7E00
1800
ENDCHAR
STARTCHAR 01E6
ENCODING 486
SWIDTH 780 0
DWIDTH 13 0
BBX 11 16 1 0
BITMAP
1B00
0A00
0400
0400
3F80
60C0
40C0
C060
C000
8000
83E0
C060
C040
60C0
3180
1F00
ENDCHAR
STARTCHAR 01E7
ENCODING 487
SWIDTH 600 0
DWIDTH 10 0
BBX 8 17 1 -4
BITMAP
26
1C
18
00
7D
43
C3
81
81
81
C3
65
39
01
C3
7E
18
ENDCHAR
STARTCHAR 01E8
ENCODING 488
SWIDTH 660 0
DWIDTH 11 0
BBX 9 16 2 0
BITMAP
6C00
2800
1000
0080
8300
8600
8C00
9800
B000
F000
D000
9800
8C00
8600
8300
8380
ENDCHAR
STARTCHAR 01E9
ENCODING 489
SWIDTH 540 0
DWIDTH 9 0
BBX 10 16 -1 0
BITMAP
CC00
3800
3000
0000
3000
3000
3040
3180
3300
3600
3C00
3C00
3600
3300
3180
30C0
ENDCHAR
STARTCHAR 01EA
ENCODING 490
SWIDTH 780 0
DWIDTH 13 0
BBX 11 17 1 -4
BITMAP
0400
3F80
60C0
4040
C060
C060
8060
8060
C060
C060
60C0
3180
1F00
0C00
0800
0E00
0400
ENDCHAR
STARTCHAR 01EB
ENCODING 491
SWIDTH 600 0
DWIDTH 10 0
BBX 8 13 1 -4
BITMAP
7E
43
C3
81
81
81
C3
62
3C
18
30
38
18
ENDCHAR
STARTCHAR 01EC
ENCODING 492
SWIDTH 780 0
DWIDTH 13 0
BBX 11 19 1 -4
BITMAP
1F00
0000
0400
3F80
60C0
4040
C060
C060
8060
8060
C060
C060
60C0
3180
1F00
0C00
0800
0E00
0400
ENDCHAR
STARTCHAR 01ED
ENCODING 493
SWIDTH 600 0
DWIDTH 10 0
BBX 8 16 1 -4
BITMAP
7E
00
00
7E
43
C3
81
81
81
C3
62
3C
18
30
38
18
ENDCHAR
STARTCHAR 01EE
ENCODING 494
SWIDTH 720 0
DWIDTH 12 0
BBX 10 19 1 -3
BITMAP
3200
1C00
0C00
0000
7F80
0180
0300
0600
0C00
1C00
0700
0180
0080
00C0
00C0
80C0
C080
6180
3F00
ENDCHAR
STARTCHAR 01EF
ENCODING 495
SWIDTH 660 0
DWIDTH 11 0
BBX 8 16 1 -3
BITMAP
26
1C
08
00
7F
02
06
0C
18
1E
03
01
01
C1
63
3E
ENDCHAR
STARTCHAR 01F0
ENCODING 496
SWIDTH 240 0
DWIDTH 4 0
BBX 6 16 -1 -3
BITMAP
CC
78
30
00
30
30
30
30
30
30
30
30
30
30
30
60
ENDCHAR
STARTCHAR 01F1
ENCODING 497
SWIDTH 1380 0
DWIDTH 23 0
BBX 20 12 2 0
BITMAP
FE1FF0
830020
818060
8180C0
808080
808180
808300
808200
818600
810C00
870800
FC1FF0
ENDCHAR
STARTCHAR 01F2
ENCODING 498
SWIDTH 1260 0
DWIDTH 21 0
BBX 19 12 2 0
BITMAP
FE0000
830000
818000
819FC0
8080C0
808180
808100
808300
818600
810C00
870800
FC1FE0
ENDCHAR
STARTCHAR 01F3
ENCODING 499
SWIDTH 1080 0
DWIDTH 18 0
BBX 16 12 1 0
BITMAP
0100
0100
0100
7D7F
4302
C306
810C
8118
8110
C330
6760
3D7F
ENDCHAR
STARTCHAR 01F4
ENCODING 500
SWIDTH 780 0
DWIDTH 13 0
BBX 11 16 1 0
BITMAP
0300
0600
0000
0400
3F80
60C0
40C0
C060
C000
8000
83E0
C060
C040
60C0
3180
1F00
ENDCHAR
STARTCHAR 01F5
ENCODING 501
SWIDTH 600 0
DWIDTH 10 0
BBX 8 17 1 -4
BITMAP
06
08
00
00
7D
43
C3
81
81
81
C3
65
39
01
C3
7E
18
ENDCHAR
STARTCHAR 01F6
ENCODING 502
SWIDTH 1140 0
DWIDTH 19 0
BBX 16 12 2 0
BITMAP
8080
8080
8080
8083
8083
FF83
8083
8083
8083
8082
80C6
807C
ENDCHAR
STARTCHAR 01F7
ENCODING 503
SWIDTH 660 0
DWIDTH 11 0
BBX 9 15 1 -3
BITMAP
FE00
C300
C100
C180
C180
C180
C180
C100
C300
C200
C600
DC00
F000
C000
C000
ENDCHAR
STARTCHAR 01F8
ENCODING 504
SWIDTH 780 0
DWIDTH 13 0
BBX 9 16 2 0
BITMAP
3000
1800
0000
0000
C080
C080
E080
B080
9080
9880
8C80
8480
8680
8380
8180
8080
ENDCHAR
STARTCHAR 01F9
ENCODING 505
SWIDTH 600 0
DWIDTH 10 0
BBX 8 13 1 0
BITMAP
70
10
08
00
FE
C2
C3
C3
C3
C3
C3
C3
C3
ENDCHAR
STARTCHAR 01FA
ENCODING 506
SWIDTH 720 0
DWIDTH 12 0
BBX 11 18 0 0
BITMAP
0300
0600
0600
0A00
0600
0000
0600
0E00
0B00
0B00
1900
1180
3080
3F80
3FC0
6040
6060
C060
ENDCHAR
STARTCHAR 01FB
ENCODING 507
SWIDTH 600 0
DWIDTH 10 0
BBX 7 15 1 0
BITMAP
0C
08
18
28
18
00
7C
C6
02
06
7E
C2
82
C6
7A
ENDCHAR
STARTCHAR 01FC
ENCODING 508
SWIDTH 1020 0
DWIDTH 17 0
BBX 16 16 0 0
BITMAP
0018
0010
0020
0000
03FF
02C0
06C0
04C0
0CC0
08FE
18C0
1FC0
3FC0
20C0
60C0
C0FF
ENDCHAR
STARTCHAR 01FD
ENCODING 509
SWIDTH 960 0
DWIDTH 16 0
BBX 14 13 1 0
BITMAP
0180
0100
0200
0000
7DF0
C708
020C
060C
7FFC
C200
8308
C50C
78F0
ENDCHAR
STARTCHAR 01FE
ENCODING 510
SWIDTH 780 0
DWIDTH 13 0
BBX 11 16 1 0
BITMAP
0300
0600
0000
0440
3FC0
60C0
4140
C360
C260
8460
8C60
C860
D060
70C0
3180
5F00
ENDCHAR
STARTCHAR 01FF
ENCODING 511
SWIDTH 600 0
DWIDTH 10 0
BBX 8 13 1 0
BITMAP
0E
08
10
02
7F
47
C7
89
99
91
E3
62
FC
ENDCHAR
STARTCHAR 0200
ENCODING 512
SWIDTH 720 0
DWIDTH 12 0
BBX 11 16 0 0
BITMAP
3600
1A00
0100
0000
0600
0E00
0B00
0B00
1900
1180
3080
3F80
3FC0
6040
6060
C060
ENDCHAR
STARTCHAR 0201
ENCODING 513
SWIDTH 600 0
DWIDTH 10 0
BBX 7 13 1 0
BITMAP
D8
6C
00
00
7C
C6
02
06
7E
C2
82
C6
7A
ENDCHAR
STARTCHAR 0202
ENCODING 514
SWIDTH 720 0
DWIDTH 12 0
BBX 11 16 0 0
BITMAP
0F00
1900
0000
0000
0600
0E00
0B00
0B00
1900
1180
3080
3F80
3FC0
6040
6060
C060
ENDCHAR
STARTCHAR 0203
ENCODING 515
SWIDTH 600 0
DWIDTH 10 0
BBX 7 13 1 0
BITMAP
3C
64
00
00
7C
C6
02
06
7E
C2
82
C6
7A
ENDCHAR
STARTCHAR 0204
ENCODING 516
SWIDTH 600 0
DWIDTH 10 0
BBX 8 16 1 0
BITMAP
FC
2C
10
00
FF
C0
C0
C0
C0
FF
C0
C0
C0
C0
C0
FF
ENDCHAR
STARTCHAR 0205
ENCODING 517
SWIDTH 600 0
DWIDTH 10 0
BBX 8 13 1 0
BITMAP
D8
6C
00
00
7E
42
C3
81
FF
80
C2
63
3E
ENDCHAR
STARTCHAR 0206
ENCODING 518
SWIDTH 600 0
DWIDTH 10 0
BBX 7 16 2 0
BITMAP
78
4C
00
00
FE
80
80
80
80
FE
80
80
80
80
80
FE
ENDCHAR
STARTCHAR 0207
ENCODING 519
SWIDTH 600 0
DWIDTH 10 0
BBX 8 13 1 0
BITMAP
3C
64
00
00
7E
42
C3
81
FF
80
C2
63
3E
ENDCHAR
STARTCHAR 0208
ENCODING 520
SWIDTH 240 0
DWIDTH 4 0
BBX 6 16 -2 0
BITMAP
FC
2C
10
00
18
18
18
18
18
18
18
18
18
18
18
18
ENDCHAR
STARTCHAR 0209
ENCODING 521
SWIDTH 240 0
DWIDTH 4 0
BBX 6 13 -2 0
BITMAP
D8
6C
00
00
18
18
18
18
18
18
18
18
18
ENDCHAR
STARTCHAR 020A
ENCODING 522
SWIDTH 240 0
DWIDTH 4 0
BBX 5 16 0 0
BITMAP
F0
98
00
00
60
60
60
60
60
60
60
60
60
60
60
60
ENDCHAR
STARTCHAR 020B
ENCODING 523
SWIDTH 240 0
DWIDTH 4 0
BBX 5 13 0 0
BITMAP
F0
90
08
00
60
60
60
60
60
60
60
60
60
ENDCHAR
STARTCHAR 020C
ENCODING 524
SWIDTH 780 0
DWIDTH 13 0
BBX 11 16 1 0
BITMAP
3600
1200
0800
0400
3F80
60C0
4040
C060
C060
8060
8060
C060
C060
60C0
3180
1F00
ENDCHAR
STARTCHAR 020D
ENCODING 525
SWIDTH 600 0
DWIDTH 10 0
BBX 8 13 1 0
BITMAP
D8
2C
00
00
7E
43
C3
81
81
81
C3
62
3C
ENDCHAR
STARTCHAR 020E
ENCODING 526
SWIDTH 780 0
DWIDTH 13 0
BBX 11 16 1 0
BITMAP
0E00
1300
0000
0400
3F80
60C0
4040
C060
C060
8060
8060
C060
C060
60C0
3180
1F00
ENDCHAR
STARTCHAR 020F
ENCODING 527
SWIDTH 600 0
DWIDTH 10 0
BBX 8 13 1 0
BITMAP
3C
26
00
00
7E
43
C3
81
81
81
C3
62
3C
ENDCHAR
STARTCHAR 0210
ENCODING 528
SWIDTH 660 0
DWIDTH 11 0
BBX 9 16 1 0
BITMAP
EC00
2400
1000
0000
FF00
C100
C180
C180
C180
C300
FE00
C600
C200
C300
C180
C180
ENDCHAR
STARTCHAR 0211
ENCODING 529
SWIDTH 360 0
DWIDTH 6 0
BBX 6 13 0 0
BITMAP
D8
48
20
00
7C
60
60
60
60
60
60
60
60
ENDCHAR
STARTCHAR 0212
ENCODING 530
SWIDTH 660 0
DWIDTH 11 0
BBX 8 16 2 0
BITMAP
38
4C
00
00
FE
82
83
83
83
86
FC
8C
84
86
83
83
ENDCHAR
STARTCHAR 0213
ENCODING 531
SWIDTH 360 0
DWIDTH 6 0
BBX 5 13 1 0
BITMAP
70
88
00
00
F8
C0
C0
C0
C0
C0
C0
C0
C0
ENDCHAR
STARTCHAR 0214
ENCODING 532
SWIDTH 780 0
DWIDTH 13 0
BBX 9 16 2 0
BITMAP
EC00
2C00
1000
0000
8080
8080
8080
8080
8080
8080
8080
8080
8080
C180
E300
3E00
ENDCHAR
STARTCHAR 0215
ENCODING 533
SWIDTH 600 0
DWIDTH 10 0
BBX 8 13 1 0
BITMAP
D8
6C
00
00
C3
C3
C3
C3
C3
C3
C3
67
7B
ENDCHAR
STARTCHAR 0216
ENCODING 534
SWIDTH 780 0
DWIDTH 13 0
BBX 9 16 2 0
BITMAP
1C00
2600
0000
0000
8080
8080
8080
8080
8080
8080
8080
8080
8080
C180
E300
3E00
ENDCHAR
STARTCHAR 0217
ENCODING 535
SWIDTH 600 0
DWIDTH 10 0
BBX 8 13 1 0
BITMAP
3C
64
00
00
C3
C3
C3
C3
C3
C3
C3
67
7B
ENDCHAR
STARTCHAR 0218
ENCODING 536
SWIDTH 660 0
DWIDTH 11 0
BBX 9 17 1 -4
BITMAP
0800
7F00
4100
C180
C000
6000
3C00
0700
0180
0180
C180
6300
3E00
0000
0800
1800
1000
ENDCHAR
STARTCHAR 0219
ENCODING 537
SWIDTH 540 0
DWIDTH 9 0
BBX 7 13 1 -4
BITMAP
7C
C6
C0
E0
3C
06
42
C6
7C
00
10
30
20
ENDCHAR
STARTCHAR 021A
ENCODING 538
SWIDTH 660 0
DWIDTH 11 0
BBX 9 16 1 -4
BITMAP
FF80
0800
0800
0800
0800
0800
0800
0800
0800
0800
0800
0800
0000
0800
1800
1000
ENDCHAR
STARTCHAR 021B
ENCODING 539
SWIDTH 360 0
DWIDTH 6 0
BBX 5 16 1 -4
BITMAP
40
40
40
F0
40
40
40
40
40
40
60
38
00
20
60
40
ENDCHAR
STARTCHAR 021C
ENCODING 540
SWIDTH 660 0
DWIDTH 11 0
BBX 9 16 1 -4
BITMAP
7E00
6300
C100
0100
0100
0300
0700
1900
6180
0180
0180
0300
0700
0E00
7800
4000
ENDCHAR
STARTCHAR 021D
ENCODING 541
SWIDTH 540 0
DWIDTH 9 0
BBX 7 13 1 -4
BITMAP
7C
C6
C6
06
0C
1E
66
06
06
06
1C
78
40
ENDCHAR
STARTCHAR 021E
ENCODING 542
SWIDTH 780 0
DWIDTH 13 0
BBX 9 16 2 0
BITMAP
2600
1C00
0800
0000
8080
8080
8080
8080
8080
FF80
8080
8080
8080
8080
8080
8080
ENDCHAR
STARTCHAR 021F
ENCODING 543
SWIDTH 600 0
DWIDTH 10 0
BBX 10 16 -1 0
BITMAP
CC00
3800
3000
0000
3000
3000
3000
3F80
3080
30C0
30C0
30C0
30C0
30C0
30C0
30C0
ENDCHAR
STARTCHAR 0220
ENCODING 544
SWIDTH 660 0
DWIDTH 11 0
BBX 9 15 1 -3
BITMAP
FE00
C300
C180
C180
C180
C180
C180
C180
C180
C180
C180
C180
0180
0180
0180
ENDCHAR
STARTCHAR 0221
ENCODING 545
SWIDTH 720 0
DWIDTH 12 0
BBX 12 15 1 -3
BITMAP
0100
0100
0100
7D00
4300
C300
8100
8100
8100
C300
6700
3DE0
0330
0730
05E0
ENDCHAR
STARTCHAR 0222
ENCODING 546
SWIDTH 660 0
DWIDTH 11 0
BBX 9 12 1 0
BITMAP
6300
C180
8180
C180
E700
7F00
C380
C180
8180
C180
E300
7E00
ENDCHAR
STARTCHAR 0223
ENCODING 547
SWIDTH 660 0
DWIDTH 11 0
BBX 9 13 1 0
BITMAP
6200
E300
C180
8180
C180
E300
7F00
C380
8180
8180
C180
E300
7E00
ENDCHAR
STARTCHAR 0224
ENCODING 548
SWIDTH 660 0
DWIDTH 11 0
BBX 9 14 1 -2
BITMAP
FF80
0300
0200
0600
0C00
0800
1800
3000
2000
6000
C000
FF00
0180
0180
ENDCHAR
STARTCHAR 0225
ENCODING 549
SWIDTH 540 0
DWIDTH 9 0
BBX 7 11 1 -2
BITMAP
FE
06
0C
18
10
30
60
C0
FE
02
02
ENDCHAR
STARTCHAR 0226
ENCODING 550
SWIDTH 720 0
DWIDTH 12 0
BBX 11 16 0 0
BITMAP
0400
0600
0000
0000
0600
0E00
0B00
0B00
1900
1180
3080
3F80
3FC0
6040
6060
C060
ENDCHAR
STARTCHAR 0227
ENCODING 551
SWIDTH 600 0
DWIDTH 10 0
BBX 7 13 1 0
BITMAP
18
18
00
00
7C
C6
02
06
7E
C2
82
C6
7A
ENDCHAR
STARTCHAR 0228
ENCODING 552
SWIDTH 600 0
DWIDTH 10 0
BBX 7 16 2 -4
BITMAP
FE
80
80
80
80
FE
80
80
80
80
80
FE
30
18
18
20
ENDCHAR
STARTCHAR 0229
ENCODING 553
SWIDTH 600 0
DWIDTH 10 0
BBX 8 13 1 -4
BITMAP
7E
42
C3
81
FF
80
C2
63
3E
18
0C
0C
10
ENDCHAR
STARTCHAR 022A
ENCODING 554
SWIDTH 780 0
DWIDTH 13 0
BBX 11 18 1 0
BITMAP
1F00
0000
1100
1B00
0000
0400
3F80
60C0
4040
C060
C060
8060
8060
C060
C060
60C0
3180
1F00
ENDCHAR
STARTCHAR 022B
ENCODING 555
SWIDTH 600 0
DWIDTH 10 0
BBX 8 15 1 0
BITMAP
7E
00
24
66
00
00
7E
43
C3
81
81
81
C3
62
3C
ENDCHAR
STARTCHAR 022C
ENCODING 556
SWIDTH 780 0
DWIDTH 13 0
BBX 11 17 1 0
BITMAP
1F00
0000
0900
1600
0400
3F80
60C0
4040
C060
C060
8060
8060
C060
C060
60C0
3180
1F00
ENDCHAR
STARTCHAR 022D
ENCODING 557
SWIDTH 600 0
DWIDTH 10 0
BBX 8 15 1 0
BITMAP
7E
7E
02
7E
44
00
7E
43
C3
81
81
81
C3
62
3C
ENDCHAR
STARTCHAR 022E
ENCODING 558
SWIDTH 780 0
DWIDTH 13 0
BBX 11 16 1 0
BITMAP
0400
0C00
0000
0400
3F80
60C0
4040
C060
C060
8060
8060
C060
C060
60C0
3180
1F00
ENDCHAR
STARTCHAR 022F
ENCODING 559
SWIDTH 600 0
DWIDTH 10 0
BBX 8 13 1 0
BITMAP
18
18
00
00
7E
43
C3
81
81
81
C3
62
3C
ENDCHAR
STARTCHAR 0230
ENCODING 560
SWIDTH 780 0
DWIDTH 13 0
BBX 11 18 1 0
BITMAP
3F00
0000
0400
0C00
0000
0400
3F80
60C0
4040
C060
C060
8060
8060
C060
C060
60C0
3180
1F00
ENDCHAR
STARTCHAR 0231
ENCODING 561
SWIDTH 600 0
DWIDTH 10 0
BBX 8 15 1 0
BITMAP
7E
00
18
18
00
00
7E
43
C3
81
81
81
C3
62
3C
ENDCHAR
STARTCHAR 0232
ENCODING 562
SWIDTH 660 0
DWIDTH 11 0
BBX 11 15 0 0
BITMAP
1F00
0000
8020
6040
20C0
3180
1100
1B00
0E00
0600
0400
0400
0400
0400
0400
ENDCHAR
STARTCHAR 0233
ENCODING 563
SWIDTH 540 0
DWIDTH 9 0
BBX 8 15 1 -3
BITMAP
7E
00
00
83
C2
46
46
64
2C
28
38
18
10
30
E0
ENDCHAR
STARTCHAR 0234
ENCODING 564
SWIDTH 360 0
DWIDTH 6 0
BBX 7 15 -1 -3
BITMAP
30
30
30
30
30
30
30
30
30
30
30
3C
36
72
DE
ENDCHAR
STARTCHAR 0235
ENCODING 565
SWIDTH 780 0
DWIDTH 13 0
BBX 11 11 1 -2
BITMAP
FE00
C200
C300
C300
C300
C300
C300
C3E0
C320
0F20
05E0
ENDCHAR
STARTCHAR 0236
ENCODING 566
SWIDTH 480 0
DWIDTH 8 0
BBX 6 12 1 0
BITMAP
60
60
60
F8
60
60
60
60
7C
64
E4
BC
ENDCHAR
STARTCHAR 0237
ENCODING 567
SWIDTH 240 0
DWIDTH 4 0
BBX 3 12 0 -3
BITMAP
60
60
60
60
60
60
60
60
60
60
60
C0
ENDCHAR
STARTCHAR 0238
ENCODING 568
SWIDTH 900 0
DWIDTH 15 0
BBX 14 13 1 0
BITMAP
0300
0300
0300
0300
7BF0
6718
C308
C308
C30C
C308
C308
6718
7BF0
ENDCHAR
STARTCHAR 0239
ENCODING 569
SWIDTH 900 0
DWIDTH 15 0
BBX 14 12 1 -3
BITMAP
7EF0
6718
C318
C308
C30C
C308
C318
6718
7FF0
0300
0300
0300
ENDCHAR
STARTCHAR 023A
ENCODING 570
SWIDTH 720 0
DWIDTH 12 0
BBX 11 16 0 -2
BITMAP
0080
0080
0780
0F00
0B00
0B00
1B00
1780
3480
3F80
3FC0
6840
6860
D860
1000
1000
ENDCHAR
STARTCHAR 023B
ENCODING 571
SWIDTH 720 0
DWIDTH 12 0
BBX 10 16 1 -2
BITMAP
0180
0500
3F80
62C0
4240
C640
C400
8400
8C00
C800
C840
78C0
3180
1F00
3000
2000
ENDCHAR
STARTCHAR 023C
ENCODING 572
SWIDTH 540 0
DWIDTH 9 0
BBX 8 15 1 -3
BITMAP
03
02
04
7E
46
CB
88
90
90
D3
66
3C
40
40
C0
ENDCHAR
STARTCHAR 023D
ENCODING 573
SWIDTH 600 0
DWIDTH 10 0
BBX 9 12 0 0
BITMAP
6000
6000
6000
6000
6000
F800
F800
6000
6000
6000
6000
7F80
ENDCHAR
STARTCHAR 023E
ENCODING 574
SWIDTH 660 0
DWIDTH 11 0
BBX 9 16 1 -2
BITMAP
0100
0300
FF80
0E00
0C00
0C00
0C00
0800
0800
1800
1800
1800
3800
2800
2000
6000
ENDCHAR
STARTCHAR 023F
ENCODING 575
SWIDTH 540 0
DWIDTH 9 0
BBX 7 12 1 -3
BITMAP
7C
C6
C0
E0
3C
06
42
C6
7C
60
20
1C
ENDCHAR
STARTCHAR 0240
ENCODING 576
SWIDTH 540 0
DWIDTH 9 0
BBX 9 12 1 -3
BITMAP
FE00
0600
0C00
1800
1000
3000
6000
C000
F800
0800
0400
0780
ENDCHAR
STARTCHAR 0241
ENCODING 577
SWIDTH 540 0
DWIDTH 9 0
BBX 7 12 1 0
BITMAP
7C
C6
86
02
02
02
02
06
1C
18
10
10
ENDCHAR
STARTCHAR 0242
ENCODING 578
SWIDTH 540 0
DWIDTH 9 0
BBX 7 9 1 0
BITMAP
7C
66
C6
06
06
1C
18
18
18
ENDCHAR
STARTCHAR 0243
ENCODING 579
SWIDTH 720 0
DWIDTH 12 0
BBX 10 12 1 0
BITMAP
7F80
6080
60C0
60C0
6180
7F00
6180
60C0
F840
F8C0
61C0
7F00
ENDCHAR
STARTCHAR 0244
ENCODING 580
SWIDTH 780 0
DWIDTH 13 0
BBX 13 12 0 0
BITMAP
6020
6020
6020
6020
6020
FFF8
6020
6020
2020
3060
38C0
0F80
ENDCHAR
STARTCHAR 0245
ENCODING 581
SWIDTH 720 0
DWIDTH 12 0
BBX 10 12 1 0
BITMAP
0C00
0C00
1E00
1A00
1300
3300
3100
2180
6180
6080
C0C0
C0C0
ENDCHAR
STARTCHAR 0246
ENCODING 582
SWIDTH 600 0
DWIDTH 10 0
BBX 7 16 2 -2
BITMAP
06
04
FE
8C
88
88
98
FE
90
B0
B0
A0
A0
FE
40
40
ENDCHAR
STARTCHAR 0247
ENCODING 583
SWIDTH 600 0
DWIDTH 10 0
BBX 8 15 1 -3
BITMAP
03
02
04
7E
46
CB
89
FF
90
D2
63
3E
40
40
C0
ENDCHAR
STARTCHAR 0248
ENCODING 584
SWIDTH 540 0
DWIDTH 9 0
BBX 9 12 1 0
BITMAP
0600
0600
0600
0600
1F80
1F80
0600
0600
0600
8600
CC00
7800
ENDCHAR
STARTCHAR 0249
ENCODING 585
SWIDTH 240 0
DWIDTH 4 0
BBX 6 16 -1 -3
BITMAP
30
30
00
00
30
30
30
FC
FC
30
30
30
30
30
30
60
ENDCHAR
STARTCHAR 024A
ENCODING 586
SWIDTH 780 0
DWIDTH 13 0
BBX 12 16 1 -3
BITMAP
0400
3F40
61C0
40C0
C040
C040
8040
C040
C040
C040
60C0
31C0
1F40
0040
0060
0070
ENDCHAR
STARTCHAR 024B
ENCODING 587
SWIDTH 660 0
DWIDTH 11 0
BBX 10 12 1 -3
BITMAP
7D00
4300
C300
8100
8100
8100
C300
6700
3D00
0100
0100
01C0
ENDCHAR
STARTCHAR 024C
ENCODING 588
SWIDTH 660 0
DWIDTH 11 0
BBX 11 12 0 0
BITMAP
3F80
20C0
20C0
2040
20C0
2180
FF80
2300
2180
2180
20C0
20E0
ENDCHAR
STARTCHAR 024D
ENCODING 589
SWIDTH 360 0
DWIDTH 6 0
BBX 7 9 -1 0
BITMAP
3E
30
30
30
FC
FC
30
30
30
ENDCHAR
STARTCHAR 024E
ENCODING 590
SWIDTH 660 0
DWIDTH 11 0
BBX 11 12 0 0
BITMAP
E060
20C0
FFE0
1100
1B00
0E00
0600
0400
0400
0400
0400
0400
ENDCHAR
STARTCHAR 024F
ENCODING 591
SWIDTH 540 0
DWIDTH 9 0
BBX 8 12 1 -3
BITMAP
83
C2
FF
FF
64
2C
28
38
18
10
30
E0
ENDCHAR
STARTCHAR 0250
ENCODING 592
SWIDTH 600 0
DWIDTH 10 0
BBX 8 9 1 0
BITMAP
FE
C3
C3
C2
FC
C0
C2
46
7C
ENDCHAR
STARTCHAR 0251
ENCODING 593
SWIDTH 660 0
DWIDTH 11 0
BBX 9 9 1 0
BITMAP
7D80
4700
C300
8300
8100
8300
C300
6780
3C80
ENDCHAR
STARTCHAR 0252
ENCODING 594
SWIDTH 660 0
DWIDTH 11 0
BBX 9 9 1 0
BITMAP
DE00
7300
6100
6180
6180
6180
6100
7300
7E00
ENDCHAR
STARTCHAR 0253
ENCODING 595
SWIDTH 600 0
DWIDTH 10 0
BBX 8 13 1 0
BITMAP
20
70
C0
C0
FE
E3
C1
C1
C1
C1
C1
E3
DE
ENDCHAR
STARTCHAR 0254
ENCODING 596
SWIDTH 540 0
DWIDTH 9 0
BBX 7 9 1 0
BITMAP
7C
C6
86
02
02
02
86
C6
7C
ENDCHAR
STARTCHAR 0255
ENCODING 597
SWIDTH 540 0
DWIDTH 9 0
BBX 9 9 0 0
BITMAP
3F00
2100
6180
4000
4600
5F00
7180
7100
DE00
ENDCHAR
STARTCHAR 0256
ENCODING 598
SWIDTH 600 0
DWIDTH 10 0
BBX 10 15 1 -3
BITMAP
0100
0100
0100
7D00
4300
C300
8100
8100
8100
C300
6700
3D00
0100
0100
01C0
ENDCHAR
STARTCHAR 0257
ENCODING 599
SWIDTH 600 0
DWIDTH 10 0
BBX 10 13 1 0
BITMAP
00C0
01C0
0100
0100
7D00
4300
C300
8100
8100
8100
C300
6700
3D00
ENDCHAR
STARTCHAR 0258
ENCODING 600
SWIDTH 540 0
DWIDTH 9 0
BBX 7 9 1 0
BITMAP
7C
C6
C6
82
FE
02
06
CE
7C
ENDCHAR
STARTCHAR 0259
ENCODING 601
SWIDTH 600 0
DWIDTH 10 0
BBX 8 9 1 0
BITMAP
7E
C2
03
01
FF
81
C3
66
3C
ENDCHAR
STARTCHAR 025A
ENCODING 602
SWIDTH 720 0
DWIDTH 12 0
BBX 11 9 1 0
BITMAP
7800
CC00
0680
1F80
FA80
86E0
8600
CC00
7800
ENDCHAR
STARTCHAR 025B
ENCODING 603
SWIDTH 540 0
DWIDTH 9 0
BBX 7 9 1 0
BITMAP
7C
C6
80
C0
78
C0
82
C6
7C
ENDCHAR
STARTCHAR 025C
ENCODING 604
SWIDTH 540 0
DWIDTH 9 0
BBX 7 9 1 0
BITMAP
7C
C6
02
06
1C
02
82
C6
7C
ENDCHAR
STARTCHAR 025D
ENCODING 605
SWIDTH 720 0
DWIDTH 12 0
BBX 11 9 1 0
BITMAP
7C00
C780
0380
06C0
1C60
0200
8200
C600
7C00
ENDCHAR
STARTCHAR 025E
ENCODING 606
SWIDTH 600 0
DWIDTH 10 0
BBX 8 9 1 0
BITMAP
7E
C2
83
86
9C
82
C3
62
3E
ENDCHAR
STARTCHAR 025F
ENCODING 607
SWIDTH 240 0
DWIDTH 4 0
BBX 6 12 -1 -3
BITMAP
30
30
30
FC
FC
30
30
30
30
30
30
60
ENDCHAR
STARTCHAR 0260
ENCODING 608
SWIDTH 600 0
DWIDTH 10 0
BBX 10 17 1 -4
BITMAP
0040
01C0
0100
0100
7D00
4300
C300
8100
8100
8100
C300
6500
3900
0100
C300
7E00
1800
ENDCHAR
STARTCHAR 0261
ENCODING 609
SWIDTH 600 0
DWIDTH 10 0
BBX 8 13 1 -4
BITMAP
7D
43
C3
81
81
81
C3
65
39
01
C3
7E
18
ENDCHAR
STARTCHAR 0262
ENCODING 610
SWIDTH 660 0
DWIDTH 11 0
BBX 8 9 1 0
BITMAP
3E
63
C1
C0
C7
C7
C1
63
3E
ENDCHAR
STARTCHAR 0263
ENCODING 611
SWIDTH 600 0
DWIDTH 10 0
BBX 9 13 1 -4
BITMAP
C180
C300
6200
6600
3400
3C00
1800
1800
1C00
3C00
2400
3C00
1800
ENDCHAR
STARTCHAR 0264
ENCODING 612
SWIDTH 720 0
DWIDTH 12 0
BBX 10 9 1 0
BITMAP
71C0
FBC0
1E00
0C00
0C00
1E00
1A00
1A00
1E00
ENDCHAR
STARTCHAR 0265
ENCODING 613
SWIDTH 600 0
DWIDTH 10 0
BBX 8 12 1 -3
BITMAP
C3
C3
C3
C3
C3
C3
C3
67
7B
03
03
03
ENDCHAR
STARTCHAR 0266
ENCODING 614
SWIDTH 600 0
DWIDTH 10 0
BBX 8 13 1 0
BITMAP
20
70
C0
C0
FE
C2
C3
C3
C3
C3
C3
C3
C3
ENDCHAR
STARTCHAR 0267
ENCODING 615
SWIDTH 600 0
DWIDTH 10 0
BBX 8 16 1 -3
BITMAP
20
70
C0
C0
FE
C2
C3
C3
C3
C3
C3
C3
C3
03
03
0E
ENDCHAR
STARTCHAR 0268
ENCODING 616
SWIDTH 240 0
DWIDTH 4 0
BBX 6 13 -1 0
BITMAP
30
30
00
00
30
30
30
FC
FC
30
30
30
30
ENDCHAR
STARTCHAR 0269
ENCODING 617
SWIDTH 360 0
DWIDTH 6 0
BBX 4 9 1 0
BITMAP
C0
C0
C0
C0
C0
C0
C0
C0
70
ENDCHAR
STARTCHAR 026A
ENCODING 618
SWIDTH 360 0
DWIDTH 6 0
BBX 4 9 1 0
BITMAP
F0
60
60
60
60
60
60
60
F0
ENDCHAR
STARTCHAR 026B
ENCODING 619
SWIDTH 300 0
DWIDTH 5 0
BBX 6 12 0 0
BITMAP
20
20
20
20
24
FC
A0
20
20
20
20
20
ENDCHAR
STARTCHAR 026C
ENCODING 620
SWIDTH 420 0
DWIDTH 7 0
BBX 7 12 0 0
BITMAP
08
08
08
78
C8
C8
7E
08
08
08
08
08
ENDCHAR
STARTCHAR 026D
ENCODING 621
SWIDTH 300 0
DWIDTH 5 0
BBX 4 15 1 -3
BITMAP
C0
C0
C0
C0
C0
C0
C0
C0
C0
C0
C0
C0
C0
C0
70
ENDCHAR
STARTCHAR 026E
ENCODING 622
SWIDTH 660 0
DWIDTH 11 0
BBX 8 15 2 -3
BITMAP
80
80
80
FF
86
8C
88
90
BC
86
83
83
03
46
FC
ENDCHAR
STARTCHAR 026F
ENCODING 623
SWIDTH 900 0
DWIDTH 15 0
BBX 12 9 1 0
BITMAP
C210
C210
C210
C210
C210
C210
C210
4730
79D0
ENDCHAR
STARTCHAR 0270
ENCODING 624
SWIDTH 900 0
DWIDTH 15 0
BBX 12 12 1 -3
BITMAP
C210
C210
C210
C210
C210
C210
C210
4730
79D0
0010
0010
0010
ENDCHAR
STARTCHAR 0271
ENCODING 625
SWIDTH 900 0
DWIDTH 15 0
BBX 12 12 1 -3
BITMAP
FDF0
C710
C210
C210
C210
C210
C210
C210
C210
0010
0010
0070
ENDCHAR
STARTCHAR 0272
ENCODING 626
SWIDTH 600 0
DWIDTH 10 0
BBX 9 12 0 -3
BITMAP
2F00
3180
2180
2080
2080
2080
2080
2080
2080
2000
2000
E000
ENDCHAR
STARTCHAR 0273
ENCODING 627
SWIDTH 600 0
DWIDTH 10 0
BBX 9 12 1 -3
BITMAP
FE00
C200
C300
C300
C300
C300
C300
C300
C300
0300
0300
0180
ENDCHAR
STARTCHAR 0274
ENCODING 628
SWIDTH 600 0
DWIDTH 10 0
BBX 8 9 1 0
BITMAP
C3
E3
F3
D3
DB
CF
C7
C7
C3
ENDCHAR
STARTCHAR 0275
ENCODING 629
SWIDTH 600 0
DWIDTH 10 0
BBX 8 9 1 0
BITMAP
7E
43
C3
81
FF
81
C3
62
3C
ENDCHAR
STARTCHAR 0276
ENCODING 630
SWIDTH 900 0
DWIDTH 15 0
BBX 13 9 1 0
BITMAP
3FF8
6300
4300
C300
C3F0
C300
4300
6300
3FF8
ENDCHAR
STARTCHAR 0277
ENCODING 631
SWIDTH 840 0
DWIDTH 14 0
BBX 12 9 1 0
BITMAP
1F80
70E0
4020
C030
C630
C630
C630
4F60
79E0
ENDCHAR
STARTCHAR 0278
ENCODING 632
SWIDTH 660 0
DWIDTH 11 0
BBX 8 16 1 -3
BITMAP
08
08
08
08
3E
6B
4B
C9
C9
C9
4B
6B
3E
08
08
08
ENDCHAR
STARTCHAR 0279
ENCODING 633
SWIDTH 360 0
DWIDTH 6 0
BBX 5 9 0 0
BITMAP
08
08
08
08
08
08
18
38
E8
ENDCHAR
STARTCHAR 027A
ENCODING 634
SWIDTH 360 0
DWIDTH 6 0
BBX 4 13 1 0
BITMAP
10
10
10
10
10
10
10
10
10
10
10
70
D0
ENDCHAR
STARTCHAR 027B
ENCODING 635
SWIDTH 420 0
DWIDTH 7 0
BBX 7 13 0 -4
BITMAP
08
08
08
08
08
08
18
38
E8
08
08
0E
06
ENDCHAR
STARTCHAR 027C
ENCODING 636
SWIDTH 420 0
DWIDTH 7 0
BBX 5 12 1 -3
BITMAP
F8
C0
C0
C0
C0
C0
C0
C0
C0
C0
C0
C0
ENDCHAR
STARTCHAR 027D
ENCODING 637
SWIDTH 420 0
DWIDTH 7 0
BBX 5 12 1 -3
BITMAP
F8
C0
C0
C0
C0
C0
C0
C0
C0
C0
C0
70
ENDCHAR
STARTCHAR 027E
ENCODING 638
SWIDTH 300 0
DWIDTH 5 0
BBX 4 9 1 0
BITMAP
70
C0
C0
C0
C0
C0
C0
C0
C0
ENDCHAR
STARTCHAR 027F
ENCODING 639
SWIDTH 300 0
DWIDTH 5 0
BBX 4 12 0 -3
BITMAP
E0
30
30
30
30
30
30
30
30
30
30
30
ENDCHAR
STARTCHAR 0280
ENCODING 640
SWIDTH 660 0
DWIDTH 11 0
BBX 8 9 1 0
BITMAP
FC
C6
C3
C3
FE
FC
C6
C2
C3
ENDCHAR
STARTCHAR 0281
ENCODING 641
SWIDTH 660 0
DWIDTH 11 0
BBX 8 9 1 0
BITMAP
C3
C2
C6
FC
FE
C3
C3
C6
FC
ENDCHAR
STARTCHAR 0282
ENCODING 642
SWIDTH 540 0
DWIDTH 9 0
BBX 7 12 1 -3
BITMAP
7C
C6
C0
E0
3C
06
42
C6
FC
80
E0
60
ENDCHAR
STARTCHAR 0283
ENCODING 643
SWIDTH 480 0
DWIDTH 8 0
BBX 6 17 1 -4
BITMAP
1C
3C
30
30
30
30
30
30
30
30
30
30
30
30
30
E0
C0
ENDCHAR
STARTCHAR 0284
ENCODING 644
SWIDTH 480 0
DWIDTH 8 0
BBX 6 17 1 -4
BITMAP
1C
3C
30
30
30
30
30
30
30
30
30
F8
F8
30
30
E0
C0
ENDCHAR
STARTCHAR 0285
ENCODING 645
SWIDTH 480 0
DWIDTH 8 0
BBX 6 13 1 -4
BITMAP
E0
60
30
30
30
30
30
30
30
30
30
3C
0C
ENDCHAR
STARTCHAR 0286
ENCODING 646
SWIDTH 540 0
DWIDTH 9 0
BBX 7 17 1 -4
BITMAP
06
0E
18
18
18
18
18
18
18
18
18
18
78
F8
9C
FE
60
ENDCHAR
STARTCHAR 0287
ENCODING 647
SWIDTH 360 0
DWIDTH 6 0
BBX 5 11 1 -2
BITMAP
E0
20
20
20
20
20
20
20
F8
20
20
ENDCHAR
STARTCHAR 0288
ENCODING 648
SWIDTH 360 0
DWIDTH 6 0
BBX 5 16 1 -4
BITMAP
40
40
40
F0
40
40
40
40
40
40
40
40
40
40
70
38
ENDCHAR
STARTCHAR 0289
ENCODING 649
SWIDTH 600 0
DWIDTH 10 0
BBX 10 9 0 0
BITMAP
2180
2180
2180
FFC0
2180
2180
2180
3380
1F80
ENDCHAR
STARTCHAR 028A
ENCODING 650
SWIDTH 660 0
DWIDTH 11 0
BBX 9 9 1 0
BITMAP
C380
6300
6300
4100
C180
C180
C180
E300
7E00
ENDCHAR
STARTCHAR 028B
ENCODING 651
SWIDTH 540 0
DWIDTH 9 0
BBX 7 9 1 0
BITMAP
DE
C6
C6
C6
C6
C6
C6
66
7C
ENDCHAR
STARTCHAR 028C
ENCODING 652
SWIDTH 540 0
DWIDTH 9 0
BBX 8 9 1 0
BITMAP
18
38
28
2C
64
46
46
C2
83
ENDCHAR
STARTCHAR 028D
ENCODING 653
SWIDTH 840 0
DWIDTH 14 0
BBX 13 9 0 0
BITMAP
1860
18E0
38A0
34A0
24B0
2590
6710
4318
C318
ENDCHAR
STARTCHAR 028E
ENCODING 654
SWIDTH 540 0
DWIDTH 9 0
BBX 8 13 1 0
BITMAP
06
0E
18
18
18
38
2C
2C
64
46
C6
C2
83
ENDCHAR
STARTCHAR 028F
ENCODING 655
SWIDTH 540 0
DWIDTH 9 0
BBX 9 9 0 0
BITMAP
C180
6300
2200
3600
1C00
1C00
0800
0800
0800
ENDCHAR
STARTCHAR 0290
ENCODING 656
SWIDTH 600 0
DWIDTH 10 0
BBX 9 13 1 -4
BITMAP
FE00
0600
0C00
1800
1000
3000
6000
C000
FE00
0200
0200
0380
0180
ENDCHAR
STARTCHAR 0291
ENCODING 657
SWIDTH 600 0
DWIDTH 10 0
BBX 9 11 1 -2
BITMAP
FE00
0600
0C00
1800
1300
3780
6880
D980
FF00
6000
2000
ENDCHAR
STARTCHAR 0292
ENCODING 658
SWIDTH 660 0
DWIDTH 11 0
BBX 8 12 1 -3
BITMAP
7F
02
06
0C
18
1E
03
01
01
C1
63
3E
ENDCHAR
STARTCHAR 0293
ENCODING 659
SWIDTH 660 0
DWIDTH 11 0
BBX 9 13 1 -4
BITMAP
7F00
0200
0600
0C00
1800
1E00
0300
0100
7900
CF00
C300
7F80
1800
ENDCHAR
STARTCHAR 0294
ENCODING 660
SWIDTH 540 0
DWIDTH 9 0
BBX 7 13 1 0
BITMAP
38
EC
C6
02
02
02
02
06
3C
38
30
30
30
ENDCHAR
STARTCHAR 0295
ENCODING 661
SWIDTH 540 0
DWIDTH 9 0
BBX 7 13 1 0
BITMAP
3C
6E
C2
C0
80
80
C0
C0
78
38
18
18
18
ENDCHAR
STARTCHAR 0296
ENCODING 662
SWIDTH 540 0
DWIDTH 9 0
BBX 7 13 1 0
BITMAP
10
10
10
10
1C
06
02
02
02
02
86
C6
7C
ENDCHAR
STARTCHAR 0297
ENCODING 663
SWIDTH 540 0
DWIDTH 9 0
BBX 7 13 1 -4
BITMAP
3C
66
C2
C0
80
80
80
80
80
C0
C6
7E
18
ENDCHAR
STARTCHAR 0298
ENCODING 664
SWIDTH 780 0
DWIDTH 13 0
BBX 11 13 1 0
BITMAP
0400
3F80
60C0
4040
C060
C060
8460
8E60
C060
C060
60C0
3180
1F00
ENDCHAR
STARTCHAR 0299
ENCODING 665
SWIDTH 600 0
DWIDTH 10 0
BBX 8 9 1 0
BITMAP
FE
C2
C2
C6
FE
C2
C3
C2
FE
ENDCHAR
STARTCHAR 029A
ENCODING 666
SWIDTH 600 0
DWIDTH 10 0
BBX 8 9 1 0
BITMAP
7C
C6
83
E3
7B
C3
82
C6
7C
ENDCHAR
STARTCHAR 029B
ENCODING 667
SWIDTH 660 0
DWIDTH 11 0
BBX 10 10 1 0
BITMAP
0040
3FC0
6300
C100
C000
C700
C700
C100
6300
3E00
ENDCHAR
STARTCHAR 029C
ENCODING 668
SWIDTH 600 0
DWIDTH 10 0
BBX 8 9 1 0
BITMAP
C3
C3
C3
C3
FF
C3
C3
C3
C3
ENDCHAR
STARTCHAR 029D
ENCODING 669
SWIDTH 360 0
DWIDTH 6 0
BBX 6 16 0 -3
BITMAP
18
18
00
00
18
18
18
18
18
18
18
18
7C
D8
98
F0
ENDCHAR
STARTCHAR 029E
ENCODING 670
SWIDTH 540 0
DWIDTH 9 0
BBX 8 12 0 -3
BITMAP
E1
21
31
1B
0F
0D
19
31
61
01
01
01
ENDCHAR
STARTCHAR 029F
ENCODING 671
SWIDTH 480 0
DWIDTH 8 0
BBX 6 9 1 0
BITMAP
80
80
80
80
80
80
80
80
FC
ENDCHAR
STARTCHAR 02A0
ENCODING 672
SWIDTH 660 0
DWIDTH 11 0
BBX 10 14 1 -3
BITMAP
01C0
0100
7D00
4300
C300
8100
8100
8100
C300
6700
3D00
0100
0100
0100
ENDCHAR
STARTCHAR 02A1
ENCODING 673
SWIDTH 540 0
DWIDTH 9 0
BBX 7 13 1 0
BITMAP
38
EC
C6
02
02
02
02
06
3C
38
7C
7C
30
ENDCHAR
STARTCHAR 02A2
ENCODING 674
SWIDTH 540 0
DWIDTH 9 0
BBX 7 13 1 0
BITMAP
3C
6E
C2
C0
80
80
C0
C0
78
38
7C
7C
18
ENDCHAR
STARTCHAR 02A3
ENCODING 675
SWIDTH 1080 0
DWIDTH 18 0
BBX 16 12 1 0
BITMAP
0100
0100
0100
7D7F
4302
C306
810C
8118
8110
C330
6760
3D7F
ENDCHAR
STARTCHAR 02A4
ENCODING 676
SWIDTH 960 0
DWIDTH 16 0
BBX 15 16 1 -4
BITMAP
0100
0100
0100
7DFC
430C
C318
8110
8130
8170
C37C
6704
3D06
0006
0104
00FC
0070
ENDCHAR
STARTCHAR 02A5
ENCODING 677
SWIDTH 1140 0
DWIDTH 19 0
BBX 18 14 1 -2
BITMAP
010000
010000
010000
7D7F00
430200
C30600
810C00
811980
8117C0
C334C0
676D80
3D7F00
003000
001000
ENDCHAR
STARTCHAR 02A6
ENCODING 678
SWIDTH 720 0
DWIDTH 12 0
BBX 11 11 1 0
BITMAP
6000
6000
FF80
6CC0
6860
6C00
6780
60E0
6060
60C0
3F80
ENDCHAR
STARTCHAR 02A7
ENCODING 679
SWIDTH 540 0
DWIDTH 9 0
BBX 9 17 0 -4
BITMAP
0180
0380
3600
3600
FE00
3600
3600
3600
3600
3600
3600
3600
3E00
0600
0600
1C00
1800
ENDCHAR
STARTCHAR 02A8
ENCODING 680
SWIDTH 840 0
DWIDTH 14 0
BBX 12 12 1 0
BITMAP
4000
4000
4000
F3E0
4630
4C10
4C00
4C40
4DF0
4F30
6E30
3BE0
ENDCHAR
STARTCHAR 02A9
ENCODING 681
SWIDTH 840 0
DWIDTH 14 0
BBX 13 16 0 -3
BITMAP
1C00
3400
2000
2000
FFF0
2718
2618
2618
2618
2618
2618
2618
2618
0018
0018
0030
ENDCHAR
STARTCHAR 02AA
ENCODING 682
SWIDTH 660 0
DWIDTH 11 0
BBX 9 12 1 0
BITMAP
8000
8000
8000
9F00
B300
B180
B800
9F00
8380
8180
E180
BF00
ENDCHAR
STARTCHAR 02AB
ENCODING 683
SWIDTH 720 0
DWIDTH 12 0
BBX 10 12 1 0
BITMAP
C000
C000
C000
FFC0
C0C0
C180
C300
C200
C600
CC00
D800
DFC0
ENDCHAR
STARTCHAR 02AC
ENCODING 684
SWIDTH 480 0
DWIDTH 8 0
BBX 7 12 0 0
BITMAP
DA
5A
6A
6C
24
00
00
D2
5A
5A
6C
24
ENDCHAR
STARTCHAR 02AD
ENCODING 685
SWIDTH 540 0
DWIDTH 9 0
BBX 7 12 1 0
BITMAP
FE
82
82
82
82
00
00
FE
82
82
82
82
ENDCHAR
STARTCHAR 02AE
ENCODING 686
SWIDTH 660 0
DWIDTH 11 0
BBX 9 12 1 -3
BITMAP
C080
6080
2080
2080
2080
2080
2180
3380
1E80
0080
0080
0080
ENDCHAR
STARTCHAR 02AF
ENCODING 687
SWIDTH 720 0
DWIDTH 12 0
BBX 11 12 1 -3
BITMAP
C080
6080
2080
2080
2080
2080
2180
3380
1E80
0080
0080
00E0
ENDCHAR
STARTCHAR 02B0
ENCODING 688
SWIDTH 420 0
DWIDTH 7 0
BBX 5 8 1 6
BITMAP
80
80
F8
88
88
88
88
88
ENDCHAR
STARTCHAR 02B1
ENCODING 689
SWIDTH 480 0
DWIDTH 8 0
BBX 5 10 1 5
BITMAP
E0
E0
C0
F8
C8
C8
C8
C8
C8
C8
ENDCHAR
STARTCHAR 02B2
ENCODING 690
SWIDTH 180 0
DWIDTH 3 0
BBX 2 11 0 4
BITMAP
40
40
00
40
40
40
40
40
40
40
C0
ENDCHAR
STARTCHAR 02B3
ENCODING 691
SWIDTH 300 0
DWIDTH 5 0
BBX 3 6 1 6
BITMAP
E0
80
80
80
80
80
ENDCHAR
STARTCHAR 02B4
ENCODING 692
SWIDTH 300 0
DWIDTH 5 0
BBX 3 7 1 5
BITMAP
60
60
60
60
60
E0
A0
ENDCHAR
STARTCHAR 02B5
ENCODING 693
SWIDTH 360 0
DWIDTH 6 0
BBX 4 9 1 3
BITMAP
20
20
20
20
20
E0
A0
20
30
ENDCHAR
STARTCHAR 02B6
ENCODING 694
SWIDTH 480 0
DWIDTH 8 0
BBX 6 7 1 5
BITMAP
8C
98
F0
98
88
F8
F0
ENDCHAR
STARTCHAR 02B7
ENCODING 695
SWIDTH 540 0
DWIDTH 9 0
BBX 9 6 0 6
BITMAP
CC80
4D80
5500
7500
3300
3200
ENDCHAR
STARTCHAR 02B8
ENCODING 696
SWIDTH 360 0
DWIDTH 6 0
BBX 6 8 0 4
BITMAP
CC
48
68
28
30
30
30
60
ENDCHAR
STARTCHAR 02B9
ENCODING 697
SWIDTH 240 0
DWIDTH 4 0
BBX 2 4 1 8
BITMAP
C0
C0
C0
40
ENDCHAR
STARTCHAR 02BA
ENCODING 698
SWIDTH 420 0
DWIDTH 7 0
BBX 4 4 1 8
BITMAP
D0
D0
D0
50
ENDCHAR
STARTCHAR 02BB
ENCODING 699
SWIDTH 300 0
DWIDTH 5 0
BBX 3 5 1 8
BITMAP
60
C0
C0
C0
C0
ENDCHAR
STARTCHAR 02BC
ENCODING 700
SWIDTH 240 0
DWIDTH 4 0
BBX 3 4 0 8
BITMAP
60
40
40
C0
ENDCHAR
STARTCHAR 02BD
ENCODING 701
SWIDTH 300 0
DWIDTH 5 0
BBX 2 5 1 8
BITMAP
C0
C0
40
40
40
ENDCHAR
STARTCHAR 02BE
ENCODING 702
SWIDTH 180 0
DWIDTH 3 0
BBX 1 4 1 9
BITMAP
80
80
80
80
ENDCHAR
STARTCHAR 02BF
ENCODING 703
SWIDTH 180 0
DWIDTH 3 0
BBX 1 4 1 9
BITMAP
80
80
80
80
ENDCHAR
STARTCHAR 02C0
ENCODING 704
SWIDTH 480 0
DWIDTH 8 0
BBX 6 10 1 5
BITMAP
70
D8
0C
0C
0C
0C
38
30
30
30
ENDCHAR
STARTCHAR 02C1
ENCODING 705
SWIDTH 480 0
DWIDTH 8 0
BBX 6 10 1 5
BITMAP
78
C8
C4
80
80
C0
70
30
30
30
ENDCHAR
STARTCHAR 02C2
ENCODING 706
SWIDTH 480 0
DWIDTH 8 0
BBX 6 6 1 5
BITMAP
04
3C
E0
E0
3C
04
ENDCHAR
STARTCHAR 02C3
ENCODING 707
SWIDTH 480 0
DWIDTH 8 0
BBX 6 6 1 5
BITMAP
80
F0
1C
1C
F0
80
ENDCHAR
STARTCHAR 02C4
ENCODING 708
SWIDTH 480 0
DWIDTH 8 0
BBX 6 6 1 5
BITMAP
30
30
70
58
C8
8C
ENDCHAR
STARTCHAR 02C5
ENCODING 709
SWIDTH 480 0
DWIDTH 8 0
BBX 6 6 1 5
BITMAP
8C
C8
58
50
30
30
ENDCHAR
STARTCHAR 02C6
ENCODING 710
SWIDTH 480 0
DWIDTH 8 0
BBX 5 3 1 10
BITMAP
30
58
C8
ENDCHAR
STARTCHAR 02C7
ENCODING 711
SWIDTH 480 0
DWIDTH 8 0
BBX 5 3 1 10
BITMAP
C8
70
30
ENDCHAR
STARTCHAR 02C8
ENCODING 712
SWIDTH 180 0
DWIDTH 3 0
BBX 1 3 1 10
BITMAP
80
80
80
ENDCHAR
STARTCHAR 02C9
ENCODING 713
SWIDTH 480 0
DWIDTH 8 0
BBX 5 1 1 11
BITMAP
F8
ENDCHAR
STARTCHAR 02CA
ENCODING 714
SWIDTH 360 0
DWIDTH 6 0
BBX 3 2 4 11
BITMAP
60
80
ENDCHAR
STARTCHAR 02CB
ENCODING 715
SWIDTH 360 0
DWIDTH 6 0
BBX 4 2 3 11
BITMAP
E0
30
ENDCHAR
STARTCHAR 02CC
ENCODING 716
SWIDTH 180 0
DWIDTH 3 0
BBX 1 3 1 -4
BITMAP
80
80
80
ENDCHAR
STARTCHAR 02CD
ENCODING 717
SWIDTH 480 0
DWIDTH 8 0
BBX 5 1 1 -2
BITMAP
F8
ENDCHAR
STARTCHAR 02CE
ENCODING 718
SWIDTH 360 0
DWIDTH 6 0
BBX 4 2 3 -2
BITMAP
E0
30
ENDCHAR
STARTCHAR 02CF
ENCODING 719
SWIDTH 360 0
DWIDTH 6 0
BBX 3 2 4 -2
BITMAP
60
80
ENDCHAR
STARTCHAR 02D0
ENCODING 720
SWIDTH 300 0
DWIDTH 5 0
BBX 2 9 1 0
BITMAP
C0
40
00
00
00
00
00
40
C0
ENDCHAR
STARTCHAR 02D1
ENCODING 721
SWIDTH 300 0
DWIDTH 5 0
BBX 2 2 1 7
BITMAP
C0
40
ENDCHAR
STARTCHAR 02D2
ENCODING 722
SWIDTH 180 0
DWIDTH 3 0
BBX 1 4 1 3
BITMAP
80
80
80
80
ENDCHAR
STARTCHAR 02D3
ENCODING 723
SWIDTH 180 0
DWIDTH 3 0
BBX 1 4 1 3
BITMAP
80
80
80
80
ENDCHAR
STARTCHAR 02D4
ENCODING 724
SWIDTH 360 0
DWIDTH 6 0
BBX 4 3 1 1
BITMAP
60
F0
F0
ENDCHAR
STARTCHAR 02D5
ENCODING 725
SWIDTH 360 0
DWIDTH 6 0
BBX 4 3 1 1
BITMAP
F0
60
60
ENDCHAR
STARTCHAR 02D6
ENCODING 726
SWIDTH 360 0
DWIDTH 6 0
BBX 4 4 1 1
BITMAP
60
F0
F0
60
ENDCHAR
STARTCHAR 02D7
ENCODING 727
SWIDTH 300 0
DWIDTH 5 0
BBX 4 2 0 2
BITMAP
F0
F0
ENDCHAR
STARTCHAR 02D8
ENCODING 728
SWIDTH 480 0
DWIDTH 8 0
BBX 5 2 1 10
BITMAP
C8
70
ENDCHAR
STARTCHAR 02D9
ENCODING 729
SWIDTH 240 0
DWIDTH 4 0
BBX 2 2 1 11
BITMAP
C0
C0
ENDCHAR
STARTCHAR 02DA
ENCODING 730
SWIDTH 300 0
DWIDTH 5 0
BBX 5 4 0 10
BITMAP
70
C8
58
30
ENDCHAR
STARTCHAR 02DB
ENCODING 731
SWIDTH 300 0
DWIDTH 5 0
BBX 3 5 1 -4
BITMAP
60
C0
80
E0
40
ENDCHAR
STARTCHAR 02DC
ENCODING 732
SWIDTH 540 0
DWIDTH 9 0
BBX 6 3 1 10
BITMAP
24
7C
80
ENDCHAR
STARTCHAR 02DD
ENCODING 733
SWIDTH 360 0
DWIDTH 6 0
BBX 6 3 1 10
BITMAP
6C
D8
B0
ENDCHAR
STARTCHAR 02DE
ENCODING 734
SWIDTH 300 0
DWIDTH 5 0
BBX 5 3 0 3
BITMAP
E0
30
18
ENDCHAR
STARTCHAR 02DF
ENCODING 735
SWIDTH 360 0
DWIDTH 6 0
BBX 4 4 1 10
BITMAP
90
F0
60
F0
ENDCHAR
STARTCHAR 02E0
ENCODING 736
SWIDTH 480 0
DWIDTH 8 0
BBX 6 10 1 2
BITMAP
CC
C8
58
78
70
30
30
30
50
70
ENDCHAR
STARTCHAR 02E1
ENCODING 737
SWIDTH 180 0
DWIDTH 3 0
BBX 1 8 1 6
BITMAP
80
80
80
80
80
80
80
80
ENDCHAR
STARTCHAR 02E2
ENCODING 738
SWIDTH 360 0
DWIDTH 6 0
BBX 5 6 1 6
BITMAP
F0
88
E0
18
98
F0
ENDCHAR
STARTCHAR 02E3
ENCODING 739
SWIDTH 360 0
DWIDTH 6 0
BBX 6 6 0 6
BITMAP
CC
38
30
30
68
CC
ENDCHAR
STARTCHAR 02E4
ENCODING 740
SWIDTH 480 0
DWIDTH 8 0
BBX 6 7 1 5
BITMAP
78
CC
80
80
E0
70
30
ENDCHAR
STARTCHAR 02E5
ENCODING 741
SWIDTH 360 0
DWIDTH 6 0
BBX 4 12 1 0
BITMAP
F0
30
30
30
30
30
30
30
30
30
30
30
ENDCHAR
STARTCHAR 02E6
ENCODING 742
SWIDTH 360 0
DWIDTH 6 0
BBX 4 12 1 0
BITMAP
30
30
F0
F0
30
30
30
30
30
30
30
30
ENDCHAR
STARTCHAR 02E7
ENCODING 743
SWIDTH 360 0
DWIDTH 6 0
BBX 4 12 1 0
BITMAP
30
30
30
30
30
F0
F0
30
30
30
30
30
ENDCHAR
STARTCHAR 02E8
ENCODING 744
SWIDTH 360 0
DWIDTH 6 0
BBX 4 12 1 0
BITMAP
30
30
30
30
30
30
30
30
F0
F0
30
30
ENDCHAR
STARTCHAR 02E9
ENCODING 745
SWIDTH 360 0
DWIDTH 6 0
BBX 4 12 1 0
BITMAP
30
30
30
30
30
30
30
30
30
30
30
F0
ENDCHAR
STARTCHAR 02EA
ENCODING 746
SWIDTH 360 0
DWIDTH 6 0
BBX 4 8 1 0
BITMAP
80
80
80
80
80
80
80
F0
ENDCHAR
STARTCHAR 02EB
ENCODING 747
SWIDTH 360 0
DWIDTH 6 0
BBX 4 8 1 0
BITMAP
C0
C0
C0
C0
F0
C0
C0
C0
ENDCHAR
STARTCHAR 02EC
ENCODING 748
SWIDTH 480 0
DWIDTH 8 0
BBX 5 2 1 -3
BITMAP
C8
70
ENDCHAR
STARTCHAR 02ED
ENCODING 749
SWIDTH 480 0
DWIDTH 8 0
BBX 6 3 1 10
BITMAP
FC
00
FC
ENDCHAR
STARTCHAR 02EE
ENCODING 750
SWIDTH 480 0
DWIDTH 8 0
BBX 5 5 1 8
BITMAP
68
68
68
58
D0
ENDCHAR
STARTCHAR 02EF
ENCODING 751
SWIDTH 360 0
DWIDTH 6 0
BBX 4 4 1 -5
BITMAP
90
60
60
20
ENDCHAR
STARTCHAR 02F0
ENCODING 752
SWIDTH 360 0
DWIDTH 6 0
BBX 4 4 1 -5
BITMAP
60
60
90
90
ENDCHAR
STARTCHAR 02F1
ENCODING 753
SWIDTH 360 0
DWIDTH 6 0
BBX 4 4 1 -5
BITMAP
30
C0
70
10
ENDCHAR
STARTCHAR 02F2
ENCODING 754
SWIDTH 360 0
DWIDTH 6 0
BBX 4 4 1 -5
BITMAP
C0
30
E0
80
ENDCHAR
STARTCHAR 02F3
ENCODING 755
SWIDTH 300 0
DWIDTH 5 0
BBX 3 2 1 -3
BITMAP
E0
E0
ENDCHAR
STARTCHAR 02F4
ENCODING 756
SWIDTH 360 0
DWIDTH 6 0
BBX 4 2 3 3
BITMAP
E0
30
ENDCHAR
STARTCHAR 02F5
ENCODING 757
SWIDTH 540 0
DWIDTH 9 0
BBX 4 5 3 3
BITMAP
C0
60
80
60
30
ENDCHAR
STARTCHAR 02F6
ENCODING 758
SWIDTH 540 0
DWIDTH 9 0
BBX 3 5 4 3
BITMAP
60
C0
20
40
80
ENDCHAR
STARTCHAR 02F7
ENCODING 759
SWIDTH 480 0
DWIDTH 8 0
BBX 6 3 1 -4
BITMAP
04
FC
90
ENDCHAR
STARTCHAR 02F8
ENCODING 760
SWIDTH 180 0
DWIDTH 3 0
BBX 3 10 0 3
BITMAP
40
E0
00
00
00
00
00
00
40
E0
ENDCHAR
STARTCHAR 02F9
ENCODING 761
SWIDTH 300 0
DWIDTH 5 0
BBX 3 3 1 10
BITMAP
E0
80
80
ENDCHAR
STARTCHAR 02FA
ENCODING 762
SWIDTH 300 0
DWIDTH 5 0
BBX 3 3 1 10
BITMAP
E0
20
20
ENDCHAR
STARTCHAR 02FB
ENCODING 763
SWIDTH 300 0
DWIDTH 5 0
BBX 3 3 1 -4
BITMAP
80
80
E0
ENDCHAR
STARTCHAR 02FC
ENCODING 764
SWIDTH 300 0
DWIDTH 5 0
BBX 3 3 1 -4
BITMAP
20
20
E0
ENDCHAR
STARTCHAR 02FD
ENCODING 765
SWIDTH 480 0
DWIDTH 8 0
BBX 6 3 1 -4
BITMAP
8C
8C
FC
ENDCHAR
STARTCHAR 02FE
ENCODING 766
SWIDTH 480 0
DWIDTH 8 0
BBX 6 3 1 -4
BITMAP
80
80
FC
ENDCHAR
STARTCHAR 02FF
ENCODING 767
SWIDTH 480 0
DWIDTH 8 0
BBX 6 5 1 -4
BITMAP
70
C0
FC
40
30
ENDCHAR
STARTCHAR 0300
ENCODING 768
SWIDTH 0 0
DWIDTH 0 0
BBX 3 3 -7 10
BITMAP
C0
60
20
ENDCHAR
STARTCHAR 0301
ENCODING 769
SWIDTH 0 0
DWIDTH 0 0
BBX 3 2 -3 11
BITMAP
60
C0
ENDCHAR
STARTCHAR 0302
ENCODING 770
SWIDTH 0 0
DWIDTH 0 0
BBX 6 3 -8 10
BITMAP
30
78
CC
ENDCHAR
STARTCHAR 0303
ENCODING 771
SWIDTH 0 0
DWIDTH 0 0
BBX 6 3 -7 10
BITMAP
44
FC
80
ENDCHAR
STARTCHAR 0304
ENCODING 772
SWIDTH 0 0
DWIDTH 0 0
BBX 6 1 -8 11
BITMAP
FC
ENDCHAR
STARTCHAR 0305
ENCODING 773
SWIDTH 0 0
DWIDTH 0 0
BBX 8 1 -9 13
BITMAP
FF
ENDCHAR
STARTCHAR 0306
ENCODING 774
SWIDTH 0 0
DWIDTH 0 0
BBX 5 2 -7 10
BITMAP
98
70
ENDCHAR
STARTCHAR 0307
ENCODING 775
SWIDTH 0 0
DWIDTH 0 0
BBX 2 2 -6 11
BITMAP
C0
C0
ENDCHAR
STARTCHAR 0308
ENCODING 776
SWIDTH 0 0
DWIDTH 0 0
BBX 6 2 -8 11
BITMAP
48
CC
ENDCHAR
STARTCHAR 0309
ENCODING 777
SWIDTH 0 0
DWIDTH 0 0
BBX 3 4 -6 10
BITMAP
C0
20
60
40
ENDCHAR
STARTCHAR 030A
ENCODING 778
SWIDTH 0 0
DWIDTH 0 0
BBX 4 4 -7 10
BITMAP
F0
90
90
60
ENDCHAR
STARTCHAR 030B
ENCODING 779
SWIDTH 0 0
DWIDTH 0 0
BBX 3 5 -5 11
BITMAP
60
C0
20
40
C0
ENDCHAR
STARTCHAR 030C
ENCODING 780
SWIDTH 0 0
DWIDTH 0 0
BBX 5 3 -7 10
BITMAP
98
70
20
ENDCHAR
STARTCHAR 030D
ENCODING 781
SWIDTH 0 0
DWIDTH 0 0
BBX 1 3 -5 10
BITMAP
80
80
80
ENDCHAR
STARTCHAR 030E
ENCODING 782
SWIDTH 0 0
DWIDTH 0 0
BBX 3 3 -6 10
BITMAP
A0
A0
A0
ENDCHAR
STARTCHAR 030F
ENCODING 783
SWIDTH 0 0
DWIDTH 0 0
BBX 6 2 -8 11
BITMAP
D8
2C
ENDCHAR
STARTCHAR 0310
ENCODING 784
SWIDTH 0 0
DWIDTH 0 0
BBX 5 4 -7 10
BITMAP
60
60
98
70
ENDCHAR
STARTCHAR 0311
ENCODING 785
SWIDTH 0 0
DWIDTH 0 0
BBX 5 2 -8 10
BITMAP
78
C8
ENDCHAR
STARTCHAR 0312
ENCODING 786
SWIDTH 0 0
DWIDTH 0 0
BBX 3 5 -6 8
BITMAP
60
40
C0
C0
C0
ENDCHAR
STARTCHAR 0313
ENCODING 787
SWIDTH 0 0
DWIDTH 0 0
BBX 2 5 -6 8
BITMAP
40
40
40
C0
80
ENDCHAR
STARTCHAR 0314
ENCODING 788
SWIDTH 0 0
DWIDTH 0 0
BBX 2 5 -6 8
BITMAP
80
C0
C0
40
40
ENDCHAR
STARTCHAR 0315
ENCODING 789
SWIDTH 0 0
DWIDTH 0 0
BBX 3 5 -2 8
BITMAP
60
60
60
40
C0
ENDCHAR
STARTCHAR 0316
ENCODING 790
SWIDTH 0 0
DWIDTH 0 0
BBX 4 2 -5 -3
BITMAP
E0
30
ENDCHAR
STARTCHAR 0317
ENCODING 791
SWIDTH 0 0
DWIDTH 0 0
BBX 3 2 -4 -3
BITMAP
60
C0
ENDCHAR
STARTCHAR 0318
ENCODING 792
SWIDTH 0 0
DWIDTH 0 0
BBX 4 4 -7 -4
BITMAP
30
30
F0
30
ENDCHAR
STARTCHAR 0319
ENCODING 793
SWIDTH 0 0
DWIDTH 0 0
BBX 4 4 -7 -4
BITMAP
C0
C0
F0
C0
ENDCHAR
STARTCHAR 031A
ENCODING 794
SWIDTH 0 0
DWIDTH 0 0
BBX 6 3 -6 11
BITMAP
FC
0C
0C
ENDCHAR
STARTCHAR 031B
ENCODING 795
SWIDTH 0 0
DWIDTH 0 0
BBX 2 4 -3 8
BITMAP
40
C0
C0
80
ENDCHAR
STARTCHAR 031C
ENCODING 796
SWIDTH 0 0
DWIDTH 0 0
BBX 1 4 -5 -4
BITMAP
80
80
80
80
ENDCHAR
STARTCHAR 031D
ENCODING 797
SWIDTH 0 0
DWIDTH 0 0
BBX 3 3 -6 -4
BITMAP
40
E0
E0
ENDCHAR
STARTCHAR 031E
ENCODING 798
SWIDTH 0 0
DWIDTH 0 0
BBX 4 3 -7 -4
BITMAP
F0
60
60
ENDCHAR
STARTCHAR 0321
ENCODING 801
SWIDTH 0 0
DWIDTH 0 0
BBX 3 5 -5 -4
BITMAP
20
20
20
E0
C0
ENDCHAR
STARTCHAR 0322
ENCODING 802
SWIDTH 0 0
DWIDTH 0 0
BBX 4 5 -3 -4
BITMAP
C0
C0
C0
70
30
ENDCHAR
STARTCHAR 0323
ENCODING 803
SWIDTH 0 0
DWIDTH 0 0
BBX 2 2 -6 -3
BITMAP
C0
C0
ENDCHAR
STARTCHAR 0324
ENCODING 804
SWIDTH 0 0
DWIDTH 0 0
BBX 5 2 -8 -3
BITMAP
98
D8
ENDCHAR
STARTCHAR 0325
ENCODING 805
SWIDTH 0 0
DWIDTH 0 0
BBX 4 4 -7 -4
BITMAP
F0
90
90
60
ENDCHAR
STARTCHAR 0326
ENCODING 806
SWIDTH 0 0
DWIDTH 0 0
BBX 2 4 -6 -5
BITMAP
C0
C0
80
80
ENDCHAR
STARTCHAR 0327
ENCODING 807
SWIDTH 0 0
DWIDTH 0 0
BBX 3 4 -6 -4
BITMAP
C0
60
60
80
ENDCHAR
STARTCHAR 0328
ENCODING 808
SWIDTH 0 0
DWIDTH 0 0
BBX 3 5 -7 -4
BITMAP
20
40
C0
E0
60
ENDCHAR
STARTCHAR 0329
ENCODING 809
SWIDTH 0 0
DWIDTH 0 0
BBX 1 3 -5 -4
BITMAP
80
80
80
ENDCHAR
STARTCHAR 032A
ENCODING 810
SWIDTH 0 0
DWIDTH 0 0
BBX 6 3 -8 -4
BITMAP
FC
8C
8C
ENDCHAR
STARTCHAR 032B
ENCODING 811
SWIDTH 0 0
DWIDTH 0 0
BBX 6 2 -8 -3
BITMAP
94
FC
ENDCHAR
STARTCHAR 032C
ENCODING 812
SWIDTH 0 0
DWIDTH 0 0
BBX 5 2 -7 -3
BITMAP
98
60
ENDCHAR
STARTCHAR 032D
ENCODING 813
SWIDTH 0 0
DWIDTH 0 0
BBX 5 3 -7 -4
BITMAP
60
D0
98
ENDCHAR
STARTCHAR 032E
ENCODING 814
SWIDTH 0 0
DWIDTH 0 0
BBX 5 2 -7 -3
BITMAP
98
F0
ENDCHAR
STARTCHAR 032F
ENCODING 815
SWIDTH 0 0
DWIDTH 0 0
BBX 5 2 -7 -3
BITMAP
F0
98
ENDCHAR
STARTCHAR 0330
ENCODING 816
SWIDTH 0 0
DWIDTH 0 0
BBX 6 3 -8 -3
BITMAP
24
7C
80
ENDCHAR
STARTCHAR 0331
ENCODING 817
SWIDTH 0 0
DWIDTH 0 0
BBX 6 1 -8 -3
BITMAP
FC
ENDCHAR
STARTCHAR 0332
ENCODING 818
SWIDTH 0 0
DWIDTH 0 0
BBX 8 1 -9 -2
BITMAP
FF
ENDCHAR
STARTCHAR 0333
ENCODING 819
SWIDTH 0 0
DWIDTH 0 0
BBX 8 3 -9 -4
BITMAP
FF
00
FF
ENDCHAR
STARTCHAR 0334
ENCODING 820
SWIDTH 0 0
DWIDTH 0 0
BBX 6 3 -8 3
BITMAP
24
7C
80
ENDCHAR
STARTCHAR 0335
ENCODING 821
SWIDTH 0 0
DWIDTH 0 0
BBX 6 2 -8 3
BITMAP
FC
FC
ENDCHAR
STARTCHAR 0336
ENCODING 822
SWIDTH 0 0
DWIDTH 0 0
BBX 10 1 -10 4
BITMAP
FFC0
ENDCHAR
STARTCHAR 0337
ENCODING 823
SWIDTH 0 0
DWIDTH 0 0
BBX 6 11 -8 -1
BITMAP
04
0C
08
08
10
10
20
20
40
40
80
ENDCHAR
STARTCHAR 0338
ENCODING 824
SWIDTH 0 0
DWIDTH 0 0
BBX 9 14 -10 -1
BITMAP
0080
0080
0100
0200
0200
0400
0400
0800
1000
1000
2000
4000
4000
8000
ENDCHAR
STARTCHAR 0339
ENCODING 825
SWIDTH 0 0
DWIDTH 0 0
BBX 1 4 -5 -4
BITMAP
80
80
80
80
ENDCHAR
STARTCHAR 033A
ENCODING 826
SWIDTH 0 0
DWIDTH 0 0
BBX 5 3 -7 -4
BITMAP
88
88
F8
ENDCHAR
STARTCHAR 033B
ENCODING 827
SWIDTH 0 0
DWIDTH 0 0
BBX 4 3 -7 -4
BITMAP
F0
90
F0
ENDCHAR
STARTCHAR 033C
ENCODING 828
SWIDTH 0 0
DWIDTH 0 0
BBX 7 2 -8 -3
BITMAP
6C
92
ENDCHAR
STARTCHAR 033D
ENCODING 829
SWIDTH 0 0
DWIDTH 0 0
BBX 4 4 -6 10
BITMAP
F0
60
F0
90
ENDCHAR
STARTCHAR 033E
ENCODING 830
SWIDTH 0 0
DWIDTH 0 0
BBX 2 5 -6 9
BITMAP
40
C0
40
40
80
ENDCHAR
STARTCHAR 033F
ENCODING 831
SWIDTH 0 0
DWIDTH 0 0
BBX 8 4 -9 12
BITMAP
FF
FF
FF
FF
ENDCHAR
STARTCHAR 0340
ENCODING 832
SWIDTH 0 0
DWIDTH 0 0
BBX 3 2 0 11
BITMAP
C0
20
ENDCHAR
STARTCHAR 0341
ENCODING 833
SWIDTH 0 0
DWIDTH 0 0
BBX 3 2 1 11
BITMAP
60
80
ENDCHAR
STARTCHAR 0342
ENCODING 834
SWIDTH 0 0
DWIDTH 0 0
BBX 6 3 -8 10
BITMAP
24
7C
80
ENDCHAR
STARTCHAR 0343
ENCODING 835
SWIDTH 0 0
DWIDTH 0 0
BBX 2 3 -6 8
BITMAP
40
40
C0
ENDCHAR
STARTCHAR 0344
ENCODING 836
SWIDTH 0 0
DWIDTH 0 0
BBX 7 4 -8 10
BITMAP
18
10
C6
44
ENDCHAR
STARTCHAR 0345
ENCODING 837
SWIDTH 0 0
DWIDTH 0 0
BBX 3 3 -6 -4
BITMAP
C0
C0
60
ENDCHAR
STARTCHAR 0346
ENCODING 838
SWIDTH 0 0
DWIDTH 0 0
BBX 6 3 -8 10
BITMAP
FC
C4
C4
ENDCHAR
STARTCHAR 0347
ENCODING 839
SWIDTH 0 0
DWIDTH 0 0
BBX 5 3 -8 -4
BITMAP
F8
00
F8
ENDCHAR
STARTCHAR 0348
ENCODING 840
SWIDTH 0 0
DWIDTH 0 0
BBX 3 3 -6 -4
BITMAP
A0
A0
A0
ENDCHAR
STARTCHAR 0349
ENCODING 841
SWIDTH 0 0
DWIDTH 0 0
BBX 3 3 -6 -4
BITMAP
E0
20
20
ENDCHAR
STARTCHAR 034A
ENCODING 842
SWIDTH 0 0
DWIDTH 0 0
BBX 6 3 -8 10
BITMAP
54
FC
A0
ENDCHAR
STARTCHAR 034B
ENCODING 843
SWIDTH 0 0
DWIDTH 0 0
BBX 6 6 -8 9
BITMAP
30
08
FC
98
30
20
ENDCHAR
STARTCHAR 034C
ENCODING 844
SWIDTH 0 0
DWIDTH 0 0
BBX 6 4 -8 10
BITMAP
64
DC
74
88
ENDCHAR
STARTCHAR 034D
ENCODING 845
SWIDTH 0 0
DWIDTH 0 0
BBX 6 4 -8 -5
BITMAP
68
FC
44
68
ENDCHAR
STARTCHAR 034E
ENCODING 846
SWIDTH 0 0
DWIDTH 0 0
BBX 4 4 -7 -5
BITMAP
60
B0
B0
20
ENDCHAR
STARTCHAR 034F
ENCODING 847
SWIDTH 0 0
DWIDTH 0 0
BBX 0 0 0 0
BITMAP
ENDCHAR
STARTCHAR 0350
ENCODING 848
SWIDTH 0 0
DWIDTH 0 0
BBX 6 6 -8 11
BITMAP
C0
70
1C
1C
70
C0
ENDCHAR
STARTCHAR 0351
ENCODING 849
SWIDTH 0 0
DWIDTH 0 0
BBX 1 4 -5 9
BITMAP
80
80
80
80
ENDCHAR
STARTCHAR 0352
ENCODING 850
SWIDTH 0 0
DWIDTH 0 0
BBX 5 4 -7 10
BITMAP
F0
98
20
60
ENDCHAR
STARTCHAR 0353
ENCODING 851
SWIDTH 0 0
DWIDTH 0 0
BBX 4 4 -6 -4
BITMAP
A0
F0
60
B0
ENDCHAR
STARTCHAR 0354
ENCODING 852
SWIDTH 0 0
DWIDTH 0 0
BBX 4 4 -6 -5
BITMAP
70
80
70
10
ENDCHAR
STARTCHAR 0355
ENCODING 853
SWIDTH 0 0
DWIDTH 0 0
BBX 4 4 -6 -5
BITMAP
E0
10
E0
80
ENDCHAR
STARTCHAR 0356
ENCODING 854
SWIDTH 0 0
DWIDTH 0 0
BBX 9 4 -8 -5
BITMAP
E300
1B00
6480
8480
ENDCHAR
STARTCHAR 0357
ENCODING 855
SWIDTH 0 0
DWIDTH 0 0
BBX 1 4 -5 9
BITMAP
80
80
80
80
ENDCHAR
STARTCHAR 0358
ENCODING 856
SWIDTH 0 0
DWIDTH 0 0
BBX 2 2 1 10
BITMAP
80
C0
ENDCHAR
STARTCHAR 0359
ENCODING 857
SWIDTH 0 0
DWIDTH 0 0
BBX 4 3 -7 -4
BITMAP
20
F0
60
ENDCHAR
STARTCHAR 035A
ENCODING 858
SWIDTH 0 0
DWIDTH 0 0
BBX 7 4 -8 -4
BITMAP
48
B4
92
7C
ENDCHAR
STARTCHAR 035B
ENCODING 859
SWIDTH 0 0
DWIDTH 0 0
BBX 3 4 -6 10
BITMAP
C0
80
E0
40
ENDCHAR
STARTCHAR 035C
ENCODING 860
SWIDTH 0 0
DWIDTH 0 0
BBX 12 2 -6 -3
BITMAP
E070
1F80
ENDCHAR
STARTCHAR 035D
ENCODING 861
SWIDTH 0 0
DWIDTH 0 0
BBX 12 2 -6 10
BITMAP
E070
1F80
ENDCHAR
STARTCHAR 035E
ENCODING 862
SWIDTH 0 0
DWIDTH 0 0
BBX 10 1 -5 11
BITMAP
FFC0
ENDCHAR
STARTCHAR 035F
ENCODING 863
SWIDTH 0 0
DWIDTH 0 0
BBX 10 1 -5 -2
BITMAP
FFC0
ENDCHAR
STARTCHAR 0360
ENCODING 864
SWIDTH 0 0
DWIDTH 0 0
BBX 16 3 -8 10
BITMAP
3001
7FFF
8004
ENDCHAR
STARTCHAR 0361
ENCODING 865
SWIDTH 0 0
DWIDTH 0 0
BBX 12 2 -6 10
BITMAP
3FC0
E070
ENDCHAR
STARTCHAR 0362
ENCODING 866
SWIDTH 0 0
DWIDTH 0 0
BBX 13 4 -6 -5
BITMAP
0060
FFF8
0030
0060
ENDCHAR
STARTCHAR 0363
ENCODING 867
SWIDTH 0 0
DWIDTH 0 0
BBX 4 5 -7 10
BITMAP
20
50
70
90
F0
ENDCHAR
STARTCHAR 0364
ENCODING 868
SWIDTH 0 0
DWIDTH 0 0
BBX 4 5 -7 10
BITMAP
20
50
F0
80
70
ENDCHAR
STARTCHAR 0365
ENCODING 869
SWIDTH 0 0
DWIDTH 0 0
BBX 1 6 -5 10
BITMAP
80
80
80
80
80
80
ENDCHAR
STARTCHAR 0366
ENCODING 870
SWIDTH 0 0
DWIDTH 0 0
BBX 5 5 -7 10
BITMAP
20
D0
98
90
70
ENDCHAR
STARTCHAR 0367
ENCODING 871
SWIDTH 0 0
DWIDTH 0 0
BBX 4 5 -7 10
BITMAP
90
90
90
90
70
ENDCHAR
STARTCHAR 0368
ENCODING 872
SWIDTH 0 0
DWIDTH 0 0
BBX 4 5 -7 10
BITMAP
20
D0
80
80
70
ENDCHAR
STARTCHAR 0369
ENCODING 873
SWIDTH 0 0
DWIDTH 0 0
BBX 4 7 -7 10
BITMAP
10
10
70
D0
90
90
70
ENDCHAR
STARTCHAR 036A
ENCODING 874
SWIDTH 0 0
DWIDTH 0 0
BBX 4 7 -7 10
BITMAP
80
80
A0
D0
90
90
90
ENDCHAR
STARTCHAR 036B
ENCODING 875
SWIDTH 0 0
DWIDTH 0 0
BBX 7 5 -8 10
BITMAP
EC
96
92
92
92
ENDCHAR
STARTCHAR 036C
ENCODING 876
SWIDTH 0 0
DWIDTH 0 0
BBX 3 5 -6 10
BITMAP
A0
C0
80
80
80
ENDCHAR
STARTCHAR 036D
ENCODING 877
SWIDTH 0 0
DWIDTH 0 0
BBX 2 6 -6 10
BITMAP
40
C0
40
40
40
40
ENDCHAR
STARTCHAR 036E
ENCODING 878
SWIDTH 0 0
DWIDTH 0 0
BBX 4 5 -7 10
BITMAP
90
50
50
60
20
ENDCHAR
STARTCHAR 036F
ENCODING 879
SWIDTH 0 0
DWIDTH 0 0
BBX 4 5 -6 10
BITMAP
B0
E0
60
60
B0
ENDCHAR
STARTCHAR 0370
ENCODING 880
SWIDTH 660 0
DWIDTH 11 0
BBX 8 12 1 0
BITMAP
C0
C0
C0
C0
C0
FF
C0
C0
C0
C0
C0
C0
ENDCHAR
STARTCHAR 0371
ENCODING 881
SWIDTH 540 0
DWIDTH 9 0
BBX 7 9 1 0
BITMAP
C0
60
60
60
7E
60
60
60
60
ENDCHAR
STARTCHAR 0372
ENCODING 882
SWIDTH 660 0
DWIDTH 11 0
BBX 9 12 1 0
BITMAP
FF80
8880
8880
8880
8880
0800
0800
0800
0800
0800
0800
0800
ENDCHAR
STARTCHAR 0373
ENCODING 883
SWIDTH 540 0
DWIDTH 9 0
BBX 7 12 1 0
BITMAP
FE
92
92
92
10
10
10
10
10
10
10
10
ENDCHAR
STARTCHAR 0374
ENCODING 884
SWIDTH 300 0
DWIDTH 5 0
BBX 2 4 2 8
BITMAP
C0
80
80
80
ENDCHAR
STARTCHAR 0375
ENCODING 885
SWIDTH 300 0
DWIDTH 5 0
BBX 3 2 1 -3
BITMAP
60
C0
ENDCHAR
STARTCHAR 0376
ENCODING 886
SWIDTH 780 0
DWIDTH 13 0
BBX 9 12 2 0
BITMAP
8180
8180
8380
8680
8C80
8880
9880
B080
A080
E080
C080
8080
ENDCHAR
STARTCHAR 0377
ENCODING 887
SWIDTH 660 0
DWIDTH 11 0
BBX 9 9 1 0
BITMAP
C200
C600
CE00
CA00
DA00
F200
E200
E300
C380
ENDCHAR
STARTCHAR 037A
ENCODING 890
SWIDTH 300 0
DWIDTH 5 0
BBX 2 3 1 -4
BITMAP
C0
C0
C0
ENDCHAR
STARTCHAR 037B
ENCODING 891
SWIDTH 540 0
DWIDTH 9 0
BBX 7 9 1 0
BITMAP
7C
C6
86
02
02
02
86
C6
7C
ENDCHAR
STARTCHAR 037C
ENCODING 892
SWIDTH 540 0
DWIDTH 9 0
BBX 7 9 1 0
BITMAP
3C
66
C2
C0
98
80
C2
66
7C
ENDCHAR
STARTCHAR 037D
ENCODING 893
SWIDTH 540 0
DWIDTH 9 0
BBX 7 9 1 0
BITMAP
7C
C6
86
02
32
02
86
C6
7C
ENDCHAR
STARTCHAR 037E
ENCODING 894
SWIDTH 300 0
DWIDTH 5 0
BBX 3 12 1 -3
BITMAP
60
E0
00
00
00
00
00
40
40
40
C0
80
ENDCHAR
STARTCHAR 037F
ENCODING 895
SWIDTH 540 0
DWIDTH 9 0
BBX 7 12 1 0
BITMAP
06
06
06
06
06
06
06
06
06
86
CC
78
ENDCHAR
STARTCHAR 0384
ENCODING 900
SWIDTH 300 0
DWIDTH 5 0
BBX 2 3 1 10
BITMAP
40
40
80
ENDCHAR
STARTCHAR 0385
ENCODING 901
SWIDTH 540 0
DWIDTH 9 0
BBX 7 4 1 10
BITMAP
18
10
C6
44
ENDCHAR
STARTCHAR 0386
ENCODING 902
SWIDTH 720 0
DWIDTH 12 0
BBX 11 13 0 0
BITMAP
3000
2600
2E00
0B00
0B00
1900
1180
3080
3F80
3FC0
6040
6060
C060
ENDCHAR
STARTCHAR 0387
ENCODING 903
SWIDTH 300 0
DWIDTH 5 0
BBX 2 2 1 7
BITMAP
C0
C0
ENDCHAR
STARTCHAR 0388
ENCODING 904
SWIDTH 720 0
DWIDTH 12 0
BBX 10 13 1 0
BITMAP
C000
BFC0
B000
3000
3000
3000
3F80
3000
3000
3000
3000
3000
3FC0
ENDCHAR
STARTCHAR 0389
ENCODING 905
SWIDTH 900 0
DWIDTH 15 0
BBX 12 13 1 0
BITMAP
4000
D010
9010
1010
1010
1010
1FF0
1010
1010
1010
1010
1010
1010
ENDCHAR
STARTCHAR 038A
ENCODING 906
SWIDTH 300 0
DWIDTH 5 0
BBX 4 13 0 0
BITMAP
C0
F0
B0
30
30
30
30
30
30
30
30
30
30
ENDCHAR
STARTCHAR 038C
ENCODING 908
SWIDTH 780 0
DWIDTH 13 0
BBX 12 13 0 0
BITMAP
C200
8FC0
9860
3030
2030
6010
6010
6010
2010
2030
3020
18E0
0F80
ENDCHAR
STARTCHAR 038E
ENCODING 910
SWIDTH 840 0
DWIDTH 14 0
BBX 13 13 0 0
BITMAP
4000
5818
8C10
0430
0660
0340
01C0
0180
0180
0180
0180
0180
0180
ENDCHAR
STARTCHAR 038F
ENCODING 911
SWIDTH 780 0
DWIDTH 13 0
BBX 12 13 0 0
BITMAP
C200
9FC0
B060
2020
6030
6030
6010
6030
6030
2020
3060
08C0
78F0
ENDCHAR
STARTCHAR 0390
ENCODING 912
SWIDTH 300 0
DWIDTH 5 0
BBX 6 14 -1 0
BITMAP
10
30
8C
84
00
30
30
30
30
30
30
30
30
18
ENDCHAR
STARTCHAR 0391
ENCODING 913
SWIDTH 720 0
DWIDTH 12 0
BBX 11 12 0 0
BITMAP
0600
0E00
0B00
0B00
1900
1180
3080
3F80
3FC0
6040
6060
C060
ENDCHAR
STARTCHAR 0392
ENCODING 914
SWIDTH 660 0
DWIDTH 11 0
BBX 8 12 2 0
BITMAP
FE
82
83
83
86
FC
86
83
81
81
87
FC
ENDCHAR
STARTCHAR 0393
ENCODING 915
SWIDTH 600 0
DWIDTH 10 0
BBX 7 12 2 0
BITMAP
FE
80
80
80
80
80
80
80
80
80
80
80
ENDCHAR
STARTCHAR 0394
ENCODING 916
SWIDTH 720 0
DWIDTH 12 0
BBX 11 12 0 0
BITMAP
0600
0E00
0B00
0B00
1900
1180
3080
3080
20C0
6040
6060
FFE0
ENDCHAR
STARTCHAR 0395
ENCODING 917
SWIDTH 600 0
DWIDTH 10 0
BBX 7 12 2 0
BITMAP
FE
80
80
80
80
FE
80
80
80
80
80
FE
ENDCHAR
STARTCHAR 0396
ENCODING 918
SWIDTH 660 0
DWIDTH 11 0
BBX 9 12 1 0
BITMAP
FF80
0300
0200
0600
0C00
0800
1800
3000
2000
6000
C000
FF80
ENDCHAR
STARTCHAR 0397
ENCODING 919
SWIDTH 780 0
DWIDTH 13 0
BBX 9 12 2 0
BITMAP
8080
8080
8080
8080
8080
FF80
8080
8080
8080
8080
8080
8080
ENDCHAR
STARTCHAR 0398
ENCODING 920
SWIDTH 780 0
DWIDTH 13 0
BBX 11 13 1 0
BITMAP
0400
3F80
60C0
4040
C060
C060
9F60
8060
C060
C060
60C0
3180
1F00
ENDCHAR
STARTCHAR 0399
ENCODING 921
SWIDTH 240 0
DWIDTH 4 0
BBX 1 12 2 0
BITMAP
80
80
80
80
80
80
80
80
80
80
80
80
ENDCHAR
STARTCHAR 039A
ENCODING 922
SWIDTH 660 0
DWIDTH 11 0
BBX 9 12 2 0
BITMAP
8380
8600
8C00
9800
B000
F000
D000
9800
8C00
8600
8300
8380
ENDCHAR
STARTCHAR 039B
ENCODING 923
SWIDTH 720 0
DWIDTH 12 0
BBX 11 12 0 0
BITMAP
0600
0E00
0B00
0B00
1900
1180
3080
3080
20C0
6040
6060
C060
ENDCHAR
STARTCHAR 039C
ENCODING 924
SWIDTH 900 0
DWIDTH 15 0
BBX 12 12 2 0
BITMAP
C070
C070
C070
E0F0
A0B0
B1B0
9130
9130
9B30
8A30
8E30
8430
ENDCHAR
STARTCHAR 039D
ENCODING 925
SWIDTH 780 0
DWIDTH 13 0
BBX 9 12 2 0
BITMAP
C080
C080
E080
B080
9080
9880
8C80
8480
8680
8380
8180
8080
ENDCHAR
STARTCHAR 039E
ENCODING 926
SWIDTH 540 0
DWIDTH 9 0
BBX 8 12 1 0
BITMAP
FE
00
00
00
00
FE
00
00
00
00
00
FF
ENDCHAR
STARTCHAR 039F
ENCODING 927
SWIDTH 780 0
DWIDTH 13 0
BBX 11 13 1 0
BITMAP
0400
3F80
60C0
4040
C060
C060
8060
8060
C060
C060
60C0
3180
1F00
ENDCHAR
STARTCHAR 03A0
ENCODING 928
SWIDTH 720 0
DWIDTH 12 0
BBX 9 12 2 0
BITMAP
FF80
8180
8180
8180
8180
8180
8180
8180
8180
8180
8180
8180
ENDCHAR
STARTCHAR 03A1
ENCODING 929
SWIDTH 660 0
DWIDTH 11 0
BBX 8 12 2 0
BITMAP
FE
82
83
83
83
82
FE
80
80
80
80
80
ENDCHAR
STARTCHAR 03A3
ENCODING 931
SWIDTH 660 0
DWIDTH 11 0
BBX 9 12 1 0
BITMAP
FF00
C000
6000
3000
1800
0C00
0C00
1800
3000
6000
C000
FF80
ENDCHAR
STARTCHAR 03A4
ENCODING 932
SWIDTH 660 0
DWIDTH 11 0
BBX 9 12 1 0
BITMAP
FF80
0800
0800
0800
0800
0800
0800
0800
0800
0800
0800
0800
ENDCHAR
STARTCHAR 03A5
ENCODING 933
SWIDTH 660 0
DWIDTH 11 0
BBX 11 12 0 0
BITMAP
E060
20C0
3180
1100
1B00
0E00
0600
0400
0400
0400
0400
0400
ENDCHAR
STARTCHAR 03A6
ENCODING 934
SWIDTH 780 0
DWIDTH 13 0
BBX 11 12 1 0
BITMAP
0400
0E00
3F80
64C0
C460
8460
8460
C460
64C0
3F80
0E00
0400
ENDCHAR
STARTCHAR 03A7
ENCODING 935
SWIDTH 660 0
DWIDTH 11 0
BBX 10 12 0 0
BITMAP
E0C0
2080
3180
1B00
0A00
0E00
0E00
1B00
1300
3180
60C0
E0C0
ENDCHAR
STARTCHAR 03A8
ENCODING 936
SWIDTH 780 0
DWIDTH 13 0
BBX 10 12 2 0
BITMAP
88C0
88C0
88C0
88C0
88C0
88C0
C880
6B80
3E00
0800
0800
0800
ENDCHAR
STARTCHAR 03A9
ENCODING 937
SWIDTH 780 0
DWIDTH 13 0
BBX 11 13 1 0
BITMAP
0400
3F80
60C0
4040
C060
C060
8060
C060
C060
4040
60C0
3100
F1E0
ENDCHAR
STARTCHAR 03AA
ENCODING 938
SWIDTH 240 0
DWIDTH 4 0
BBX 5 16 0 0
BITMAP
98
98
00
00
60
60
60
60
60
60
60
60
60
60
60
60
ENDCHAR
STARTCHAR 03AB
ENCODING 939
SWIDTH 660 0
DWIDTH 11 0
BBX 11 16 0 0
BITMAP
1900
1B00
0000
8020
6040
20C0
3180
1100
1B00
0E00
0600
0400
0400
0400
0400
0400
ENDCHAR
STARTCHAR 03AC
ENCODING 940
SWIDTH 660 0
DWIDTH 11 0
BBX 9 13 1 0
BITMAP
0C00
0800
0800
0000
7D80
4700
C300
8300
8100
8300
C300
6780
3C80
ENDCHAR
STARTCHAR 03AD
ENCODING 941
SWIDTH 540 0
DWIDTH 9 0
BBX 7 13 1 0
BITMAP
08
18
10
00
7C
C6
80
E0
78
C0
82
C6
7C
ENDCHAR
STARTCHAR 03AE
ENCODING 942
SWIDTH 600 0
DWIDTH 10 0
BBX 8 16 1 -3
BITMAP
08
08
18
00
FE
C2
C3
C3
C3
C3
C3
C3
C3
03
03
03
ENDCHAR
STARTCHAR 03AF
ENCODING 943
SWIDTH 300 0
DWIDTH 5 0
BBX 3 13 1 0
BITMAP
40
40
C0
00
C0
C0
C0
C0
C0
C0
C0
C0
60
ENDCHAR
STARTCHAR 03B0
ENCODING 944
SWIDTH 600 0
DWIDTH 10 0
BBX 8 14 1 0
BITMAP
18
18
C6
42
00
C6
C2
C2
C3
C3
C3
C2
46
3C
ENDCHAR
STARTCHAR 03B1
ENCODING 945
SWIDTH 660 0
DWIDTH 11 0
BBX 9 9 1 0
BITMAP
7D80
4700
C300
8300
8100
8300
C300
6780
3C80
ENDCHAR
STARTCHAR 03B2
ENCODING 946
SWIDTH 600 0
DWIDTH 10 0
BBX 8 16 1 -3
BITMAP
18
7E
42
C3
C2
C6
DE
C3
C3
C1
C3
E3
FE
C0
C0
C0
ENDCHAR
STARTCHAR 03B3
ENCODING 947
SWIDTH 540 0
DWIDTH 9 0
BBX 8 12 1 -3
BITMAP
83
C6
46
44
6C
28
28
38
10
10
10
10
ENDCHAR
STARTCHAR 03B4
ENCODING 948
SWIDTH 540 0
DWIDTH 9 0
BBX 8 13 1 0
BITMAP
3C
64
40
60
38
6E
C6
83
83
83
C2
C6
7C
ENDCHAR
STARTCHAR 03B5
ENCODING 949
SWIDTH 540 0
DWIDTH 9 0
BBX 7 9 1 0
BITMAP
7C
C6
80
E0
78
C0
82
C6
7C
ENDCHAR
STARTCHAR 03B6
ENCODING 950
SWIDTH 540 0
DWIDTH 9 0
BBX 7 15 1 -3
BITMAP
FE
04
0C
18
30
60
60
40
C0
C0
60
3C
06
04
0C
ENDCHAR
STARTCHAR 03B7
ENCODING 951
SWIDTH 600 0
DWIDTH 10 0
BBX 8 12 1 -3
BITMAP
FE
C2
C3
C3
C3
C3
C3
C3
C3
03
03
03
ENDCHAR
STARTCHAR 03B8
ENCODING 952
SWIDTH 540 0
DWIDTH 9 0
BBX 7 12 1 0
BITMAP
7C
C6
C2
82
82
FE
FE
82
82
C2
46
7C
ENDCHAR
STARTCHAR 03B9
ENCODING 953
SWIDTH 300 0
DWIDTH 5 0
BBX 3 9 1 0
BITMAP
C0
C0
C0
C0
C0
C0
C0
C0
60
ENDCHAR
STARTCHAR 03BA
ENCODING 954
SWIDTH 660 0
DWIDTH 11 0
BBX 8 9 1 0
BITMAP
C3
C6
CC
D8
F0
D8
CC
C6
C3
ENDCHAR
STARTCHAR 03BB
ENCODING 955
SWIDTH 600 0
DWIDTH 10 0
BBX 8 13 1 0
BITMAP
C0
E0
30
10
18
38
28
2C
64
44
C6
C2
83
ENDCHAR
STARTCHAR 03BC
ENCODING 956
SWIDTH 660 0
DWIDTH 11 0
BBX 8 12 1 -3
BITMAP
C1
C1
C1
C1
C1
C1
C1
E7
DD
C0
C0
C0
ENDCHAR
STARTCHAR 03BD
ENCODING 957
SWIDTH 600 0
DWIDTH 10 0
BBX 8 9 1 0
BITMAP
83
C3
43
42
62
26
24
3C
18
ENDCHAR
STARTCHAR 03BE
ENCODING 958
SWIDTH 540 0
DWIDTH 9 0
BBX 7 15 1 -3
BITMAP
3E
60
40
60
3C
3C
40
C0
C0
C0
60
3C
06
06
04
ENDCHAR
STARTCHAR 03BF
ENCODING 959
SWIDTH 600 0
DWIDTH 10 0
BBX 8 9 1 0
BITMAP
7E
43
C3
81
81
81
C3
62
3C
ENDCHAR
STARTCHAR 03C0
ENCODING 960
SWIDTH 660 0
DWIDTH 11 0
BBX 9 9 1 0
BITMAP
FF80
4200
4200
4200
4200
4200
4200
4300
4380
ENDCHAR
STARTCHAR 03C1
ENCODING 961
SWIDTH 600 0
DWIDTH 10 0
BBX 8 12 1 -3
BITMAP
3C
66
C3
C3
C3
C3
C3
E6
FC
C0
C0
C0
ENDCHAR
STARTCHAR 03C2
ENCODING 962
SWIDTH 540 0
DWIDTH 9 0
BBX 7 12 1 -3
BITMAP
3C
66
C2
80
80
80
C0
70
3C
06
06
0C
ENDCHAR
STARTCHAR 03C3
ENCODING 963
SWIDTH 660 0
DWIDTH 11 0
BBX 9 9 1 0
BITMAP
3F80
6600
C200
C300
C300
C300
C300
6600
3C00
ENDCHAR
STARTCHAR 03C4
ENCODING 964
SWIDTH 480 0
DWIDTH 8 0
BBX 8 9 0 0
BITMAP
FF
18
18
18
18
18
18
18
0E
ENDCHAR
STARTCHAR 03C5
ENCODING 965
SWIDTH 600 0
DWIDTH 10 0
BBX 8 9 1 0
BITMAP
C6
C2
C2
C3
C3
C3
C2
46
3C
ENDCHAR
STARTCHAR 03C6
ENCODING 966
SWIDTH 720 0
DWIDTH 12 0
BBX 11 12 1 -3
BITMAP
6780
CCC0
CC40
8C60
8C60
CC40
CCC0
6D80
3F00
0C00
0C00
0C00
ENDCHAR
STARTCHAR 03C7
ENCODING 967
SWIDTH 600 0
DWIDTH 10 0
BBX 9 12 1 -3
BITMAP
C180
6300
2200
3400
1C00
1800
1800
1C00
3400
2600
6200
C380
ENDCHAR
STARTCHAR 03C8
ENCODING 968
SWIDTH 780 0
DWIDTH 13 0
BBX 11 13 1 -4
BITMAP
C4C0
C440
C460
C460
C460
C460
4440
75C0
3F80
0400
0400
0400
0400
ENDCHAR
STARTCHAR 03C9
ENCODING 969
SWIDTH 840 0
DWIDTH 14 0
BBX 12 9 1 0
BITMAP
6060
C020
C030
C630
C630
C630
C630
4F60
79E0
ENDCHAR
STARTCHAR 03CA
ENCODING 970
SWIDTH 300 0
DWIDTH 5 0
BBX 6 13 -1 0
BITMAP
48
CC
00
00
30
30
30
30
30
30
30
30
18
ENDCHAR
STARTCHAR 03CB
ENCODING 971
SWIDTH 600 0
DWIDTH 10 0
BBX 8 13 1 0
BITMAP
64
64
00
00
C6
C2
C2
C3
C3
C3
C2
46
3C
ENDCHAR
STARTCHAR 03CC
ENCODING 972
SWIDTH 600 0
DWIDTH 10 0
BBX 8 13 1 0
BITMAP
0C
08
08
00
7E
43
C3
81
81
81
C3
62
3C
ENDCHAR
STARTCHAR 03CD
ENCODING 973
SWIDTH 600 0
DWIDTH 10 0
BBX 8 13 1 0
BITMAP
08
18
10
00
C6
C2
C2
C3
C3
C3
C2
46
3C
ENDCHAR
STARTCHAR 03CE
ENCODING 974
SWIDTH 840 0
DWIDTH 14 0
BBX 12 13 1 0
BITMAP
0200
0200
0400
0000
6060
C020
C030
C630
C630
C630
C630
4F60
79E0
ENDCHAR
STARTCHAR 03CF
ENCODING 975
SWIDTH 660 0
DWIDTH 11 0
BBX 9 15 1 -3
BITMAP
8380
8600
8C00
9C00
9800
B000
F800
CC00
8C00
8600
8300
8180
0300
0600
0400
ENDCHAR
STARTCHAR 03D0
ENCODING 976
SWIDTH 660 0
DWIDTH 11 0
BBX 8 13 1 0
BITMAP
1C
36
62
7E
5C
DC
FF
E3
C1
41
43
63
3E
ENDCHAR
STARTCHAR 03D1
ENCODING 977
SWIDTH 660 0
DWIDTH 11 0
BBX 9 12 1 0
BITMAP
1E00
3200
2200
3200
3200
1A00
CF80
C200
C200
C200
6600
3C00
ENDCHAR
STARTCHAR 03D2
ENCODING 978
SWIDTH 660 0
DWIDTH 11 0
BBX 9 12 1 0
BITMAP
C180
6300
2300
3200
1600
1C00
1C00
0800
0800
0800
0800
0800
ENDCHAR
STARTCHAR 03D3
ENCODING 979
SWIDTH 780 0
DWIDTH 13 0
BBX 12 13 0 0
BITMAP
C000
B830
8860
0C40
04C0
0680
0780
0300
0300
0300
0300
0300
0300
ENDCHAR
STARTCHAR 03D4
ENCODING 980
SWIDTH 660 0
DWIDTH 11 0
BBX 9 16 1 0
BITMAP
3200
3600
0000
0000
C180
6300
2300
3200
1600
1C00
1C00
0800
0800
0800
0800
0800
ENDCHAR
STARTCHAR 03D5
ENCODING 981
SWIDTH 720 0
DWIDTH 12 0
BBX 10 16 1 -3
BITMAP
0C00
0C00
0C00
0C00
3F00
6D80
CCC0
8C40
8C40
8CC0
CCC0
6D80
3F00
0C00
0C00
0C00
ENDCHAR
STARTCHAR 03D6
ENCODING 982
SWIDTH 840 0
DWIDTH 14 0
BBX 12 9 1 0
BITMAP
FFF0
4060
C020
C620
C620
C620
C620
6E60
79C0
ENDCHAR
STARTCHAR 03D7
ENCODING 983
SWIDTH 720 0
DWIDTH 12 0
BBX 10 12 1 -3
BITMAP
E180
6300
3300
3780
3D80
3880
38C0
30C0
6040
0040
00C0
01C0
ENDCHAR
STARTCHAR 03D8
ENCODING 984
SWIDTH 780 0
DWIDTH 13 0
BBX 11 16 1 -3
BITMAP
0400
3F80
60C0
4040
C060
C060
8060
8060
C060
C060
60C0
3180
1F00
0400
0400
0400
ENDCHAR
STARTCHAR 03D9
ENCODING 985
SWIDTH 660 0
DWIDTH 11 0
BBX 8 12 1 -3
BITMAP
7E
42
C3
81
81
81
C3
66
3C
18
18
18
ENDCHAR
STARTCHAR 03DA
ENCODING 986
SWIDTH 720 0
DWIDTH 12 0
BBX 10 15 1 -3
BITMAP
1F00
3180
60C0
40C0
C000
C000
C000
4000
6000
7000
3C00
0F80
0180
0080
0180
ENDCHAR
STARTCHAR 03DB
ENCODING 987
SWIDTH 540 0
DWIDTH 9 0
BBX 7 12 1 -3
BITMAP
7C
66
C2
80
80
C0
C0
70
3E
02
02
06
ENDCHAR
STARTCHAR 03DC
ENCODING 988
SWIDTH 660 0
DWIDTH 11 0
BBX 8 12 1 0
BITMAP
FF
C0
C0
C0
C0
FE
C2
C2
C0
C0
C0
C0
ENDCHAR
STARTCHAR 03DD
ENCODING 989
SWIDTH 540 0
DWIDTH 9 0
BBX 7 12 1 -3
BITMAP
FE
C0
C0
C0
FC
FC
C4
C0
C0
C0
C0
C0
ENDCHAR
STARTCHAR 03DE
ENCODING 990
SWIDTH 660 0
DWIDTH 11 0
BBX 10 12 0 0
BITMAP
E000
3040
3080
3380
3780
3F80
3D80
3180
2180
4100
0180
00C0
ENDCHAR
STARTCHAR 03DF
ENCODING 991
SWIDTH 540 0
DWIDTH 9 0
BBX 7 12 1 0
BITMAP
30
60
60
40
C0
FE
FE
06
04
0C
0C
08
ENDCHAR
STARTCHAR 03E0
ENCODING 992
SWIDTH 720 0
DWIDTH 12 0
BBX 12 16 0 -4
BITMAP
1F80
30C0
6060
40E0
C3B0
0630
1C30
1030
00F0
03B0
0630
0020
0060
00C0
0380
0200
ENDCHAR
STARTCHAR 03E1
ENCODING 993
SWIDTH 720 0
DWIDTH 12 0
BBX 10 17 1 -4
BITMAP
C000
7000
1C00
0E00
0600
0700
1D80
7180
C0C0
03C0
06C0
1840
3040
0040
0040
0040
0040
ENDCHAR
STARTCHAR 03F0
ENCODING 1008
SWIDTH 720 0
DWIDTH 12 0
BBX 10 9 1 0
BITMAP
E180
6100
3300
3700
3D00
3900
3900
3180
61C0
ENDCHAR
STARTCHAR 03F1
ENCODING 1009
SWIDTH 660 0
DWIDTH 11 0
BBX 8 13 1 -4
BITMAP
3E
63
43
C1
C1
C1
E3
7E
48
60
3C
0E
03
ENDCHAR
STARTCHAR 03F2
ENCODING 1010
SWIDTH 540 0
DWIDTH 9 0
BBX 8 9 1 0
BITMAP
7E
42
C3
80
80
80
C3
66
3C
ENDCHAR
STARTCHAR 03F3
ENCODING 1011
SWIDTH 240 0
DWIDTH 4 0
BBX 3 16 0 -3
BITMAP
60
60
00
00
60
60
60
60
60
60
60
60
60
60
60
C0
ENDCHAR
STARTCHAR 03F4
ENCODING 1012
SWIDTH 780 0
DWIDTH 13 0
BBX 11 13 1 0
BITMAP
0400
3F80
60C0
4040
C060
C060
FEE0
87E0
C060
C060
60C0
3180
1F00
ENDCHAR
STARTCHAR 03F5
ENCODING 1013
SWIDTH 480 0
DWIDTH 8 0
BBX 6 9 1 0
BITMAP
7C
E0
C0
80
F0
80
C0
E0
7C
ENDCHAR
STARTCHAR 03F6
ENCODING 1014
SWIDTH 480 0
DWIDTH 8 0
BBX 6 9 1 0
BITMAP
F0
18
0C
0C
7C
0C
0C
18
F0
ENDCHAR
STARTCHAR 03F7
ENCODING 1015
SWIDTH 660 0
DWIDTH 11 0
BBX 8 12 1 0
BITMAP
C0
C0
FC
FF
C1
C1
C1
C3
FE
C0
C0
C0
ENDCHAR
STARTCHAR 03F8
ENCODING 1016
SWIDTH 600 0
DWIDTH 10 0
BBX 8 15 1 -3
BITMAP
C0
C0
C0
FE
E3
C1
C1
C1
C1
C1
E3
DE
C0
C0
C0
ENDCHAR
STARTCHAR 03F9
ENCODING 1017
SWIDTH 720 0
DWIDTH 12 0
BBX 10 13 1 0
BITMAP
0400
3F80
60C0
4040
C040
C000
8000
8000
C000
C040
60C0
3180
1F00
ENDCHAR
STARTCHAR 03FA
ENCODING 1018
SWIDTH 900 0
DWIDTH 15 0
BBX 12 12 2 0
BITMAP
C070
C070
C070
E0F0
A0B0
B1B0
9130
9130
9B30
8A30
8E30
8430
ENDCHAR
STARTCHAR 03FB
ENCODING 1019
SWIDTH 720 0
DWIDTH 12 0
BBX 10 12 1 -3
BITMAP
C0C0
E1C0
E1C0
F140
D340
DA40
DE40
CC40
CC40
C000
C000
C000
ENDCHAR
STARTCHAR 03FC
ENCODING 1020
SWIDTH 600 0
DWIDTH 10 0
BBX 10 12 -1 -3
BITMAP
0F00
1980
30C0
30C0
30C0
30C0
30C0
3980
3F00
3000
FC00
FC00
ENDCHAR
STARTCHAR 03FD
ENCODING 1021
SWIDTH 660 0
DWIDTH 11 0
BBX 9 12 1 0
BITMAP
7E00
E300
C100
8180
0180
0180
0180
0180
8180
C100
6700
3E00
ENDCHAR
STARTCHAR 03FE
ENCODING 1022
SWIDTH 720 0
DWIDTH 12 0
BBX 10 13 1 0
BITMAP
0400
3F80
60C0
4040
C040
C000
8600
8E00
C000
C040
60C0
3180
1F00
ENDCHAR
STARTCHAR 03FF
ENCODING 1023
SWIDTH 720 0
DWIDTH 12 0
BBX 10 13 1 0
BITMAP
0800
3F00
6180
C0C0
8040
0040
0C40
0C40
0040
C0C0
C080
6380
3F00
ENDCHAR
STARTCHAR 0400
ENCODING 1024
SWIDTH 600 0
DWIDTH 10 0
BBX 7 16 2 0
BITMAP
60
20
10
00
FE
80
80
80
80
FE
80
80
80
80
80
FE
ENDCHAR
STARTCHAR 0401
ENCODING 1025
SWIDTH 600 0
DWIDTH 10 0
BBX 7 16 2 0
BITMAP
4C
CC
00
00
FE
80
80
80
80
FE
80
80
80
80
80
FE
ENDCHAR
STARTCHAR 0402
ENCODING 1026
SWIDTH 840 0
DWIDTH 14 0
BBX 12 12 1 0
BITMAP
FF80
0800
0800
0800
0800
0FE0
0820
0830
0830
0830
0860
08C0
ENDCHAR
STARTCHAR 0403
ENCODING 1027
SWIDTH 600 0
DWIDTH 10 0
BBX 7 16 2 0
BITMAP
0C
10
00
00
FE
80
80
80
80
80
80
80
80
80
80
80
ENDCHAR
STARTCHAR 0404
ENCODING 1028
SWIDTH 660 0
DWIDTH 11 0
BBX 9 13 1 0
BITMAP
0C00
3F00
6180
4080
C080
C000
FC00
FC00
C000
C080
4180
6380
3E00
ENDCHAR
STARTCHAR 0405
ENCODING 1029
SWIDTH 660 0
DWIDTH 11 0
BBX 9 13 1 0
BITMAP
0800
7F00
4100
C180
C000
6000
3C00
0700
0180
0180
C180
6300
3E00
ENDCHAR
STARTCHAR 0406
ENCODING 1030
SWIDTH 240 0
DWIDTH 4 0
BBX 1 12 2 0
BITMAP
80
80
80
80
80
80
80
80
80
80
80
80
ENDCHAR
STARTCHAR 0407
ENCODING 1031
SWIDTH 240 0
DWIDTH 4 0
BBX 5 16 0 0
BITMAP
98
98
00
00
60
60
60
60
60
60
60
60
60
60
60
60
ENDCHAR
STARTCHAR 0408
ENCODING 1032
SWIDTH 540 0
DWIDTH 9 0
BBX 7 12 1 0
BITMAP
06
06
06
06
06
06
06
06
06
86
CC
78
ENDCHAR
STARTCHAR 0409
ENCODING 1033
SWIDTH 1080 0
DWIDTH 18 0
BBX 18 12 0 0
BITMAP
1FC000
104000
104000
104000
104000
107F00
104180
104080
1040C0
304080
604180
E07F00
ENDCHAR
STARTCHAR 040A
ENCODING 1034
SWIDTH 1140 0
DWIDTH 19 0
BBX 16 12 2 0
BITMAP
8080
8080
8080
8080
8080
FFFE
8083
8081
8081
8081
8087
80FE
ENDCHAR
STARTCHAR 040B
ENCODING 1035
SWIDTH 900 0
DWIDTH 15 0
BBX 13 12 1 0
BITMAP
FF80
0800
0800
0800
0FE0
0F70
0810
0818
0818
0818
0818
0818
ENDCHAR
STARTCHAR 040C
ENCODING 1036
SWIDTH 660 0
DWIDTH 11 0
BBX 9 16 2 0
BITMAP
0C00
1800
0000
0080
8300
8600
8C00
9800
B000
F000
D000
9800
8C00
8600
8300
8380
ENDCHAR
STARTCHAR 040D
ENCODING 1037
SWIDTH 780 0
DWIDTH 13 0
BBX 9 16 2 0
BITMAP
3000
1800
0000
0000
8180
8180
8380
8680
8C80
8880
9880
B080
A080
E080
C080
8080
ENDCHAR
STARTCHAR 040E
ENCODING 1038
SWIDTH 660 0
DWIDTH 11 0
BBX 10 15 0 0
BITMAP
1300
0E00
8000
40C0
6080
2180
3180
1100
1B00
0A00
0E00
0E00
0400
0C00
3800
ENDCHAR
STARTCHAR 040F
ENCODING 1039
SWIDTH 720 0
DWIDTH 12 0
BBX 9 15 2 -3
BITMAP
8180
8180
8180
8180
8180
8180
8180
8180
8180
8180
8180
FF80
1800
1800
1800
ENDCHAR
STARTCHAR 0410
ENCODING 1040
SWIDTH 720 0
DWIDTH 12 0
BBX 11 12 0 0
BITMAP
0600
0E00
0B00
0B00
1900
1180
3080
3F80
3FC0
6040
6060
C060
ENDCHAR
STARTCHAR 0411
ENCODING 1041
SWIDTH 660 0
DWIDTH 11 0
BBX 8 12 2 0
BITMAP
FE
80
80
80
80
FE
83
81
81
83
87
FC
ENDCHAR
STARTCHAR 0412
ENCODING 1042
SWIDTH 660 0
DWIDTH 11 0
BBX 8 12 2 0
BITMAP
FE
82
83
83
86
FC
86
83
81
81
87
FC
ENDCHAR
STARTCHAR 0413
ENCODING 1043
SWIDTH 600 0
DWIDTH 10 0
BBX 7 12 2 0
BITMAP
FE
80
80
80
80
80
80
80
80
80
80
80
ENDCHAR
STARTCHAR 0414
ENCODING 1044
SWIDTH 780 0
DWIDTH 13 0
BBX 12 15 0 -3
BITMAP
1FE0
1860
1860
1060
1060
1060
1060
1060
3060
3060
6060
FFF0
C010
C010
C010
ENDCHAR
STARTCHAR 0415
ENCODING 1045
SWIDTH 600 0
DWIDTH 10 0
BBX 7 12 2 0
BITMAP
FE
80
80
80
80
FE
80
80
80
80
80
FE
ENDCHAR
STARTCHAR 0416
ENCODING 1046
SWIDTH 960 0
DWIDTH 16 0
BBX 16 12 0 0
BITMAP
6186
318C
118C
1998
0990
0FF0
0FF0
1998
1188
318C
6186
C183
ENDCHAR
STARTCHAR 0417
ENCODING 1047
SWIDTH 660 0
DWIDTH 11 0
BBX 9 13 1 0
BITMAP
0800
3E00
6300
4100
0100
0300
1C00
0300
0100
0180
C180
6300
3E00
ENDCHAR
STARTCHAR 0418
ENCODING 1048
SWIDTH 780 0
DWIDTH 13 0
BBX 9 12 2 0
BITMAP
8180
8180
8380
8680
8C80
8880
9880
B080
A080
E080
C080
8080
ENDCHAR
STARTCHAR 0419
ENCODING 1049
SWIDTH 780 0
DWIDTH 13 0
BBX 9 15 2 0
BITMAP
3600
1C00
0000
8180
8180
8380
8680
8C80
8880
9880
B080
A080
E080
C080
8080
ENDCHAR
STARTCHAR 041A
ENCODING 1050
SWIDTH 660 0
DWIDTH 11 0
BBX 9 12 2 0
BITMAP
8300
8600
8C00
9800
B000
F000
9000
9800
8C00
8600
8200
8380
ENDCHAR
STARTCHAR 041B
ENCODING 1051
SWIDTH 720 0
DWIDTH 12 0
BBX 11 12 0 0
BITMAP
1FE0
1060
1060
1060
1060
1060
1060
1060
1060
3060
7060
E060
ENDCHAR
STARTCHAR 041C
ENCODING 1052
SWIDTH 900 0
DWIDTH 15 0
BBX 12 12 2 0
BITMAP
C070
C070
C070
E0F0
A0B0
B1B0
9130
9130
9B30
8A30
8E30
8430
ENDCHAR
STARTCHAR 041D
ENCODING 1053
SWIDTH 780 0
DWIDTH 13 0
BBX 9 12 2 0
BITMAP
8080
8080
8080
8080
8080
FF80
8080
8080
8080
8080
8080
8080
ENDCHAR
STARTCHAR 041E
ENCODING 1054
SWIDTH 780 0
DWIDTH 13 0
BBX 11 13 1 0
BITMAP
0400
3F80
60C0
4040
C060
C060
8060
8060
C060
C060
60C0
3180
1F00
ENDCHAR
STARTCHAR 041F
ENCODING 1055
SWIDTH 720 0
DWIDTH 12 0
BBX 9 12 2 0
BITMAP
FF80
8180
8180
8180
8180
8180
8180
8180
8180
8180
8180
8180
ENDCHAR
STARTCHAR 0420
ENCODING 1056
SWIDTH 660 0
DWIDTH 11 0
BBX 8 12 2 0
BITMAP
FE
82
83
83
83
82
FE
80
80
80
80
80
ENDCHAR
STARTCHAR 0421
ENCODING 1057
SWIDTH 720 0
DWIDTH 12 0
BBX 10 13 1 0
BITMAP
0400
3F80
60C0
4040
C040
C000
8000
8000
C000
C040
60C0
3180
1F00
ENDCHAR
STARTCHAR 0422
ENCODING 1058
SWIDTH 660 0
DWIDTH 11 0
BBX 9 12 1 0
BITMAP
FF80
0800
0800
0800
0800
0800
0800
0800
0800
0800
0800
0800
ENDCHAR
STARTCHAR 0423
ENCODING 1059
SWIDTH 660 0
DWIDTH 11 0
BBX 10 12 0 0
BITMAP
C0C0
6080
2180
3180
1100
1B00
0A00
0E00
0E00
0400
0C00
3800
ENDCHAR
STARTCHAR 0424
ENCODING 1060
SWIDTH 780 0
DWIDTH 13 0
BBX 11 13 1 0
BITMAP
0400
0400
1F80
75C0
4460
C420
C420
C420
C420
4460
75C0
1F80
0400
ENDCHAR
STARTCHAR 0425
ENCODING 1061
SWIDTH 660 0
DWIDTH 11 0
BBX 10 12 0 0
BITMAP
E0C0
2080
3180
1B00
0A00
0E00
0E00
1B00
1300
3180
60C0
E0C0
ENDCHAR
STARTCHAR 0426
ENCODING 1062
SWIDTH 780 0
DWIDTH 13 0
BBX 10 15 2 -3
BITMAP
8180
8180
8180
8180
8180
8180
8180
8180
8180
8180
8180
FFC0
00C0
00C0
00C0
ENDCHAR
STARTCHAR 0427
ENCODING 1063
SWIDTH 720 0
DWIDTH 12 0
BBX 9 12 2 0
BITMAP
8180
8180
8180
8180
8180
C180
7F80
1180
0180
0180
0180
0180
ENDCHAR
STARTCHAR 0428
ENCODING 1064
SWIDTH 960 0
DWIDTH 16 0
BBX 13 12 2 0
BITMAP
8618
8618
8618
8618
8618
8618
8618
8618
8618
8618
8618
FFF8
ENDCHAR
STARTCHAR 0429
ENCODING 1065
SWIDTH 1020 0
DWIDTH 17 0
BBX 14 15 2 -3
BITMAP
8618
8618
8618
8618
8618
8618
8618
8618
8618
8618
8618
FFFC
000C
000C
000C
ENDCHAR
STARTCHAR 042A
ENCODING 1066
SWIDTH 840 0
DWIDTH 14 0
BBX 12 12 1 0
BITMAP
F800
1800
1800
1800
1800
1FE0
1860
1830
1830
1830
1860
1FC0
ENDCHAR
STARTCHAR 042B
ENCODING 1067
SWIDTH 840 0
DWIDTH 14 0
BBX 11 12 2 0
BITMAP
8060
8060
8060
8060
8060
FE60
8360
8160
8160
8360
8760
FC60
ENDCHAR
STARTCHAR 042C
ENCODING 1068
SWIDTH 660 0
DWIDTH 11 0
BBX 8 12 2 0
BITMAP
80
80
80
80
80
FE
83
81
81
83
87
FC
ENDCHAR
STARTCHAR 042D
ENCODING 1069
SWIDTH 660 0
DWIDTH 11 0
BBX 9 13 1 0
BITMAP
0800
7F00
4300
C180
C080
0080
1F80
1F80
0080
C080
C180
6300
3E00
ENDCHAR
STARTCHAR 042E
ENCODING 1070
SWIDTH 1020 0
DWIDTH 17 0
BBX 14 13 2 0
BITMAP
0080
83F0
8618
8C08
880C
9804
F804
9804
9804
880C
8C08
8638
83E0
ENDCHAR
STARTCHAR 042F
ENCODING 1071
SWIDTH 660 0
DWIDTH 11 0
BBX 8 12 1 0
BITMAP
7F
C1
C1
81
C1
61
7F
31
61
61
C1
C1
ENDCHAR
STARTCHAR 0430
ENCODING 1072
SWIDTH 600 0
DWIDTH 10 0
BBX 7 9 1 0
BITMAP
7C
C6
02
06
7E
C2
82
C6
7A
ENDCHAR
STARTCHAR 0431
ENCODING 1073
SWIDTH 600 0
DWIDTH 10 0
BBX 8 13 1 0
BITMAP
01
3E
40
C0
BC
E6
C3
81
81
81
C3
66
3C
ENDCHAR
STARTCHAR 0432
ENCODING 1074
SWIDTH 600 0
DWIDTH 10 0
BBX 8 9 1 0
BITMAP
FE
C2
C2
C6
FE
C2
C3
C2
FE
ENDCHAR
STARTCHAR 0433
ENCODING 1075
SWIDTH 480 0
DWIDTH 8 0
BBX 6 9 1 0
BITMAP
FC
C0
C0
C0
C0
C0
C0
C0
C0
ENDCHAR
STARTCHAR 0434
ENCODING 1076
SWIDTH 660 0
DWIDTH 11 0
BBX 10 12 0 -3
BITMAP
1F80
1180
3180
3180
3180
3180
2180
6180
FFC0
C040
C040
C040
ENDCHAR
STARTCHAR 0435
ENCODING 1077
SWIDTH 600 0
DWIDTH 10 0
BBX 8 9 1 0
BITMAP
7E
42
C3
81
FF
80
C2
63
3E
ENDCHAR
STARTCHAR 0436
ENCODING 1078
SWIDTH 840 0
DWIDTH 14 0
BBX 12 9 1 0
BITMAP
C630
6660
36C0
1680
1F80
16C0
2640
6660
C630
ENDCHAR
STARTCHAR 0437
ENCODING 1079
SWIDTH 480 0
DWIDTH 8 0
BBX 7 9 1 0
BITMAP
7C
C4
06
0C
3C
06
06
C4
7C
ENDCHAR
STARTCHAR 0438
ENCODING 1080
SWIDTH 600 0
DWIDTH 10 0
BBX 8 9 1 0
BITMAP
C3
C7
CF
CB
DB
D3
F3
E3
C3
ENDCHAR
STARTCHAR 0439
ENCODING 1081
SWIDTH 600 0
DWIDTH 10 0
BBX 8 12 1 0
BITMAP
26
1C
00
C3
C7
CF
CB
DB
D3
F3
E3
C3
ENDCHAR
STARTCHAR 043A
ENCODING 1082
SWIDTH 540 0
DWIDTH 9 0
BBX 8 9 1 0
BITMAP
C7
C4
CC
D8
F0
D8
CC
C6
C3
ENDCHAR
STARTCHAR 043B
ENCODING 1083
SWIDTH 600 0
DWIDTH 10 0
BBX 9 9 0 0
BITMAP
3F80
3180
3180
3180
3180
3180
3180
2180
E180
ENDCHAR
STARTCHAR 043C
ENCODING 1084
SWIDTH 780 0
DWIDTH 13 0
BBX 10 9 1 0
BITMAP
E0C0
E0C0
E1C0
F140
D140
DA40
CA40
CE40
C440
ENDCHAR
STARTCHAR 043D
ENCODING 1085
SWIDTH 600 0
DWIDTH 10 0
BBX 8 9 1 0
BITMAP
C3
C3
C3
C3
FF
C3
C3
C3
C3
ENDCHAR
STARTCHAR 043E
ENCODING 1086
SWIDTH 600 0
DWIDTH 10 0
BBX 8 9 1 0
BITMAP
7E
43
C3
81
81
81
C3
62
3C
ENDCHAR
STARTCHAR 043F
ENCODING 1087
SWIDTH 600 0
DWIDTH 10 0
BBX 8 9 1 0
BITMAP
FF
C3
C3
C3
C3
C3
C3
C3
C3
ENDCHAR
STARTCHAR 0440
ENCODING 1088
SWIDTH 600 0
DWIDTH 10 0
BBX 8 12 1 -3
BITMAP
FE
E3
C1
C1
C1
C1
C1
E3
DE
C0
C0
C0
ENDCHAR
STARTCHAR 0441
ENCODING 1089
SWIDTH 540 0
DWIDTH 9 0
BBX 8 9 1 0
BITMAP
7E
42
C3
80
80
80
C3
66
3C
ENDCHAR
STARTCHAR 0442
ENCODING 1090
SWIDTH 540 0
DWIDTH 9 0
BBX 7 9 1 0
BITMAP
FE
10
10
10
10
10
10
10
10
ENDCHAR
STARTCHAR 0443
ENCODING 1091
SWIDTH 540 0
DWIDTH 9 0
BBX 8 12 1 -3
BITMAP
83
C2
46
46
64
2C
28
38
18
10
30
E0
ENDCHAR
STARTCHAR 0444
ENCODING 1092
SWIDTH 720 0
DWIDTH 12 0
BBX 10 15 1 -3
BITMAP
0C00
0C00
0C00
7F00
4D80
CC80
8CC0
8CC0
8CC0
CC80
6D80
3F00
0C00
0C00
0C00
ENDCHAR
STARTCHAR 0445
ENCODING 1093
SWIDTH 540 0
DWIDTH 9 0
BBX 7 9 1 0
BITMAP
C6
44
6C
38
18
38
6C
44
C2
ENDCHAR
STARTCHAR 0446
ENCODING 1094
SWIDTH 660 0
DWIDTH 11 0
BBX 9 12 1 -3
BITMAP
C300
C300
C300
C300
C300
C300
C300
C300
FF80
0080
0080
0080
ENDCHAR
STARTCHAR 0447
ENCODING 1095
SWIDTH 600 0
DWIDTH 10 0
BBX 7 9 1 0
BITMAP
C2
C2
C2
C2
62
3E
02
02
02
ENDCHAR
STARTCHAR 0448
ENCODING 1096
SWIDTH 840 0
DWIDTH 14 0
BBX 12 9 1 0
BITMAP
C630
C630
C630
C630
C630
C630
C630
C630
FFF0
ENDCHAR
STARTCHAR 0449
ENCODING 1097
SWIDTH 900 0
DWIDTH 15 0
BBX 13 12 1 -3
BITMAP
C630
C630
C630
C630
C630
C630
C630
C630
FFF8
0018
0018
0018
ENDCHAR
STARTCHAR 044A
ENCODING 1098
SWIDTH 660 0
DWIDTH 11 0
BBX 10 9 0 0
BITMAP
F000
1000
1000
1F80
10C0
1040
1040
10C0
1F80
ENDCHAR
STARTCHAR 044B
ENCODING 1099
SWIDTH 780 0
DWIDTH 13 0
BBX 10 9 1 0
BITMAP
C040
C040
C040
FC40
C640
C340
C340
C640
FC40
ENDCHAR
STARTCHAR 044C
ENCODING 1100
SWIDTH 540 0
DWIDTH 9 0
BBX 8 9 1 0
BITMAP
C0
C0
C0
FC
C6
C3
C3
C6
FC
ENDCHAR
STARTCHAR 044D
ENCODING 1101
SWIDTH 540 0
DWIDTH 9 0
BBX 7 9 1 0
BITMAP
7C
C6
82
02
3E
02
86
C6
7C
ENDCHAR
STARTCHAR 044E
ENCODING 1102
SWIDTH 840 0
DWIDTH 14 0
BBX 12 9 1 0
BITMAP
87C0
8C60
8830
9830
F830
9830
8820
8C60
87C0
ENDCHAR
STARTCHAR 044F
ENCODING 1103
SWIDTH 600 0
DWIDTH 10 0
BBX 7 9 1 0
BITMAP
7E
C2
C2
C2
7E
22
62
42
C2
ENDCHAR
STARTCHAR 0450
ENCODING 1104
SWIDTH 600 0
DWIDTH 10 0
BBX 8 13 1 0
BITMAP
70
10
08
00
7E
42
C3
81
FF
80
C2
63
3E
ENDCHAR
STARTCHAR 0451
ENCODING 1105
SWIDTH 600 0
DWIDTH 10 0
BBX 8 13 1 0
BITMAP
24
66
00
00
7E
42
C3
81
FF
80
C2
63
3E
ENDCHAR
STARTCHAR 0452
ENCODING 1106
SWIDTH 600 0
DWIDTH 10 0
BBX 10 15 -1 -3
BITMAP
3000
FC00
3000
3F80
3080
30C0
30C0
30C0
30C0
30C0
30C0
30C0
00C0
00C0
0380
ENDCHAR
STARTCHAR 0453
ENCODING 1107
SWIDTH 480 0
DWIDTH 8 0
BBX 6 13 1 0
BITMAP
0C
10
20
00
FC
C0
C0
C0
C0
C0
C0
C0
C0
ENDCHAR
STARTCHAR 0454
ENCODING 1108
SWIDTH 540 0
DWIDTH 9 0
BBX 8 9 0 0
BITMAP
3E
63
41
C0
F8
C0
41
63
3E
ENDCHAR
STARTCHAR 0455
ENCODING 1109
SWIDTH 540 0
DWIDTH 9 0
BBX 7 9 1 0
BITMAP
7C
C6
C0
E0
3C
06
42
C6
7C
ENDCHAR
STARTCHAR 0456
ENCODING 1110
SWIDTH 240 0
DWIDTH 4 0
BBX 2 13 1 0
BITMAP
C0
C0
00
00
C0
C0
C0
C0
C0
C0
C0
C0
C0
ENDCHAR
STARTCHAR 0457
ENCODING 1111
SWIDTH 240 0
DWIDTH 4 0
BBX 6 13 -1 0
BITMAP
48
CC
00
00
30
30
30
30
30
30
30
30
30
ENDCHAR
STARTCHAR 0458
ENCODING 1112
SWIDTH 240 0
DWIDTH 4 0
BBX 3 16 0 -3
BITMAP
60
60
00
00
60
60
60
60
60
60
60
60
60
60
60
C0
ENDCHAR
STARTCHAR 0459
ENCODING 1113
SWIDTH 960 0
DWIDTH 16 0
BBX 14 9 1 0
BITMAP
3F00
2100
2100
21F0
2118
210C
610C
6118
C1F0
ENDCHAR
STARTCHAR 045A
ENCODING 1114
SWIDTH 900 0
DWIDTH 15 0
BBX 13 9 1 0
BITMAP
C300
C300
C300
FFE0
FFF8
C308
C308
C318
C3F0
ENDCHAR
STARTCHAR 045B
ENCODING 1115
SWIDTH 600 0
DWIDTH 10 0
BBX 10 12 -1 0
BITMAP
FC00
FC00
3000
3F80
3080
30C0
30C0
30C0
30C0
30C0
30C0
30C0
ENDCHAR
STARTCHAR 045C
ENCODING 1116
SWIDTH 540 0
DWIDTH 9 0
BBX 8 13 1 0
BITMAP
0C
18
00
01
C6
C4
CC
D8
F0
D8
CC
C6
C3
ENDCHAR
STARTCHAR 045D
ENCODING 1117
SWIDTH 600 0
DWIDTH 10 0
BBX 8 13 1 0
BITMAP
30
10
08
00
C3
C7
CF
CB
DB
D3
F3
E3
C3
ENDCHAR
STARTCHAR 045E
ENCODING 1118
SWIDTH 540 0
DWIDTH 9 0
BBX 8 15 1 -3
BITMAP
64
38
00
83
C2
46
46
64
2C
28
38
18
10
30
E0
ENDCHAR
STARTCHAR 045F
ENCODING 1119
SWIDTH 600 0
DWIDTH 10 0
BBX 8 12 1 -3
BITMAP
C3
C3
C3
C3
C3
C3
C3
C3
FF
18
18
18
ENDCHAR
STARTCHAR 0460
ENCODING 1120
SWIDTH 900 0
DWIDTH 15 0
BBX 12 12 2 0
BITMAP
8430
8430
8430
8430
8430
8430
8430
8430
8430
8430
CE60
7BC0
ENDCHAR
STARTCHAR 0461
ENCODING 1121
SWIDTH 840 0
DWIDTH 14 0
BBX 11 9 1 0
BITMAP
C620
C620
C620
C620
C620
C620
C620
4E60
7BC0
ENDCHAR
STARTCHAR 0462
ENCODING 1122
SWIDTH 660 0
DWIDTH 11 0
BBX 10 12 0 0
BITMAP
6000
F800
F800
6000
6000
7F80
60C0
6040
6040
60C0
61C0
7F00
ENDCHAR
STARTCHAR 0463
ENCODING 1123
SWIDTH 600 0
DWIDTH 10 0
BBX 9 14 0 0
BITMAP
2000
2000
2000
2000
FC00
2000
2000
2000
3F00
2380
2080
2080
2180
3F00
ENDCHAR
STARTCHAR 0464
ENCODING 1124
SWIDTH 960 0
DWIDTH 16 0
BBX 13 13 2 0
BITMAP
0080
87E0
8C30
9818
9808
9000
FF80
9000
9000
9808
8818
8E30
83E0
ENDCHAR
STARTCHAR 0465
ENCODING 1125
SWIDTH 840 0
DWIDTH 14 0
BBX 11 9 1 0
BITMAP
87C0
8C60
9820
9800
FF00
9800
8820
8C60
87C0
ENDCHAR
STARTCHAR 0466
ENCODING 1126
SWIDTH 660 0
DWIDTH 11 0
BBX 10 12 0 0
BITMAP
0C00
0E00
0E00
1A00
1B00
1300
3100
3F80
2D80
6CC0
6CC0
CC40
ENDCHAR
STARTCHAR 0467
ENCODING 1127
SWIDTH 540 0
DWIDTH 9 0
BBX 9 9 0 0
BITMAP
0800
1C00
1400
3600
3600
3F00
7F00
4900
C980
ENDCHAR
STARTCHAR 0468
ENCODING 1128
SWIDTH 900 0
DWIDTH 15 0
BBX 13 12 1 0
BITMAP
8180
8180
83C0
8340
8260
8660
8620
FFF0
8DB0
8D90
8998
9998
ENDCHAR
STARTCHAR 0469
ENCODING 1129
SWIDTH 840 0
DWIDTH 14 0
BBX 11 9 1 0
BITMAP
C300
C300
C780
C580
CC80
FFC0
FFC0
DB60
D360
ENDCHAR
STARTCHAR 046A
ENCODING 1130
SWIDTH 840 0
DWIDTH 14 0
BBX 12 12 1 0
BITMAP
7FE0
30C0
3080
1980
0F00
3FC0
FFE0
C630
C630
C630
C630
C630
ENDCHAR
STARTCHAR 046B
ENCODING 1131
SWIDTH 720 0
DWIDTH 12 0
BBX 10 9 1 0
BITMAP
7F80
3100
1300
1E00
3F80
6CC0
CCC0
CC40
CC40
ENDCHAR
STARTCHAR 046C
ENCODING 1132
SWIDTH 1200 0
DWIDTH 20 0
BBX 16 12 2 0
BITMAP
87FE
830C
8318
8198
80B0
FFFC
FFFE
8C63
8863
8863
8863
8863
ENDCHAR
STARTCHAR 046D
ENCODING 1133
SWIDTH 1020 0
DWIDTH 17 0
BBX 14 9 1 0
BITMAP
C7F8
C310
C130
C1A0
FFF8
C6CC
CCC4
CCC4
CCC4
ENDCHAR
STARTCHAR 046E
ENCODING 1134
SWIDTH 540 0
DWIDTH 9 0
BBX 7 20 1 -4
BITMAP
66
3C
18
00
F8
0C
06
06
06
3C
0C
06
06
06
06
7C
C0
C0
60
20
ENDCHAR
STARTCHAR 046F
ENCODING 1135
SWIDTH 480 0
DWIDTH 8 0
BBX 7 17 0 -4
BITMAP
64
38
10
00
7C
0E
06
06
3C
06
02
06
7C
C0
C0
60
20
ENDCHAR
STARTCHAR 0470
ENCODING 1136
SWIDTH 780 0
DWIDTH 13 0
BBX 10 12 2 0
BITMAP
88C0
88C0
88C0
88C0
88C0
88C0
C880
6B80
3E00
0800
0800
0800
ENDCHAR
STARTCHAR 0471
ENCODING 1137
SWIDTH 780 0
DWIDTH 13 0
BBX 11 13 1 -4
BITMAP
C4C0
C440
C460
C460
C460
C460
4440
75C0
3F80
0400
0400
0400
0400
ENDCHAR
STARTCHAR 0472
ENCODING 1138
SWIDTH 780 0
DWIDTH 13 0
BBX 11 13 1 0
BITMAP
0400
3F80
60C0
4040
C060
C060
FEE0
87E0
C060
C060
60C0
3180
1F00
ENDCHAR
STARTCHAR 0473
ENCODING 1139
SWIDTH 600 0
DWIDTH 10 0
BBX 8 9 1 0
BITMAP
7E
43
C3
81
FF
81
C3
62
3C
ENDCHAR
STARTCHAR 0474
ENCODING 1140
SWIDTH 720 0
DWIDTH 12 0
BBX 11 13 0 0
BITMAP
8020
4060
6040
60C0
20C0
3080
1180
1180
1900
0B00
0A00
0E00
0600
ENDCHAR
STARTCHAR 0475
ENCODING 1141
SWIDTH 600 0
DWIDTH 10 0
BBX 9 9 1 0
BITMAP
8380
C200
4600
4400
6400
2C00
2800
3800
1800
ENDCHAR
STARTCHAR 0476
ENCODING 1142
SWIDTH 720 0
DWIDTH 12 0
BBX 11 16 0 0
BITMAP
3600
1B00
0000
8020
4060
6040
60C0
20C0
3080
1180
1180
1900
0B00
0A00
0E00
0600
ENDCHAR
STARTCHAR 0477
ENCODING 1143
SWIDTH 600 0
DWIDTH 10 0
BBX 9 13 1 0
BITMAP
D800
2C00
1000
0000
8380
C200
4600
4400
6400
2C00
2800
3800
1800
ENDCHAR
STARTCHAR 0478
ENCODING 1144
SWIDTH 1320 0
DWIDTH 22 0
BBX 21 16 1 -3
BITMAP
040000
3F8000
60C000
404000
C06418
C06610
806230
806220
C06320
C06160
60C140
3181C0
1F00C0
000080
000180
000700
ENDCHAR
STARTCHAR 0479
ENCODING 1145
SWIDTH 1200 0
DWIDTH 20 0
BBX 20 15 1 -4
BITMAP
000070
0040C0
7E2080
433180
C33100
811100
811B00
811A00
C30A00
620E00
3C0C00
000C00
000C00
003800
003000
ENDCHAR
STARTCHAR 047A
ENCODING 1146
SWIDTH 780 0
DWIDTH 13 0
BBX 11 15 1 -1
BITMAP
0400
0400
3F80
64C0
4040
C060
C060
8060
8060
C060
C060
64C0
3580
1F00
0400
ENDCHAR
STARTCHAR 047B
ENCODING 1147
SWIDTH 660 0
DWIDTH 11 0
BBX 8 11 1 -1
BITMAP
18
7E
5A
C3
81
81
81
C3
7E
3C
18
ENDCHAR
STARTCHAR 047C
ENCODING 1148
SWIDTH 900 0
DWIDTH 15 0
BBX 13 16 1 0
BITMAP
0600
0FC0
0B20
0300
3270
6030
4018
C018
C018
C318
C318
C318
C318
4318
6730
3DF0
ENDCHAR
STARTCHAR 047D
ENCODING 1149
SWIDTH 720 0
DWIDTH 12 0
BBX 11 13 1 0
BITMAP
0C00
1F80
0000
0400
6C80
C0C0
8060
8060
8C60
8C60
8C60
CEC0
7BC0
ENDCHAR
STARTCHAR 047E
ENCODING 1150
SWIDTH 900 0
DWIDTH 15 0
BBX 12 15 2 0
BITMAP
3F80
0400
0000
8430
8430
8430
8430
8430
8430
8430
8430
8430
8430
CE60
7BC0
ENDCHAR
STARTCHAR 047F
ENCODING 1151
SWIDTH 720 0
DWIDTH 12 0
BBX 11 12 1 0
BITMAP
3F80
0400
0000
8C60
8C60
8C60
8C60
8C60
8C60
8C40
CCC0
7FC0
ENDCHAR
STARTCHAR 0480
ENCODING 1152
SWIDTH 660 0
DWIDTH 11 0
BBX 9 15 1 -3
BITMAP
3E00
6300
C180
C180
C000
C000
C000
C000
C000
C000
6000
3800
0800
0800
0800
ENDCHAR
STARTCHAR 0481
ENCODING 1153
SWIDTH 540 0
DWIDTH 9 0
BBX 7 12 1 -3
BITMAP
3C
66
C2
C0
C0
C0
C0
60
38
18
18
18
ENDCHAR
STARTCHAR 0482
ENCODING 1154
SWIDTH 660 0
DWIDTH 11 0
BBX 9 11 1 0
BITMAP
0300
1200
3E00
0E00
0F80
8880
F000
3000
2C00
6400
C000
ENDCHAR
STARTCHAR 0483
ENCODING 1155
SWIDTH 0 0
DWIDTH 0 0
BBX 6 3 -8 10
BITMAP
04
FC
C0
ENDCHAR
STARTCHAR 0484
ENCODING 1156
SWIDTH 0 0
DWIDTH 0 0
BBX 7 2 -8 11
BITMAP
1C
F6
ENDCHAR
STARTCHAR 0485
ENCODING 1157
SWIDTH 0 0
DWIDTH 0 0
BBX 3 2 -6 11
BITMAP
C0
60
ENDCHAR
STARTCHAR 0486
ENCODING 1158
SWIDTH 0 0
DWIDTH 0 0
BBX 2 2 -5 11
BITMAP
C0
80
ENDCHAR
STARTCHAR 0487
ENCODING 1159
SWIDTH 0 0
DWIDTH 0 0
BBX 7 2 -8 11
BITMAP
70
8E
ENDCHAR
STARTCHAR 0488
ENCODING 1160
SWIDTH 0 0
DWIDTH 0 0
BBX 17 15 -13 -3
BITMAP
01C000
000000
180C00
280A00
000000
000000
600300
900480
000000
000000
000000
380E00
001000
01C000
014000
ENDCHAR
STARTCHAR 0489
ENCODING 1161
SWIDTH 0 0
DWIDTH 0 0
BBX 15 15 -12 -3
BITMAP
0100
0100
2308
1030
1000
0000
0000
C00E
2002
0000
0000
1030
6110
0108
0300
ENDCHAR
STARTCHAR 048A
ENCODING 1162
SWIDTH 780 0
DWIDTH 13 0
BBX 11 19 2 -4
BITMAP
3600
1C00
0000
8180
8180
8380
8680
8C80
8880
9880
B080
A080
E080
C080
80E0
0060
0060
0040
0040
ENDCHAR
STARTCHAR 048B
ENCODING 1163
SWIDTH 660 0
DWIDTH 11 0
BBX 9 16 1 -4
BITMAP
2600
1C00
0000
C300
C700
CF00
CB00
DB00
D300
F300
E300
C380
0080
0080
0180
0080
ENDCHAR
STARTCHAR 048C
ENCODING 1164
SWIDTH 660 0
DWIDTH 11 0
BBX 10 12 0 0
BITMAP
6000
F800
F800
6000
6000
7F80
60C0
6040
6040
60C0
61C0
7F00
ENDCHAR
STARTCHAR 048D
ENCODING 1165
SWIDTH 600 0
DWIDTH 10 0
BBX 9 14 0 0
BITMAP
2000
2000
FC00
2000
2000
2000
2000
2000
3F00
2380
2080
2080
2180
3F00
ENDCHAR
STARTCHAR 048E
ENCODING 1166
SWIDTH 660 0
DWIDTH 11 0
BBX 8 12 2 0
BITMAP
FE
82
83
83
8B
8E
FE
82
82
80
80
80
ENDCHAR
STARTCHAR 048F
ENCODING 1167
SWIDTH 600 0
DWIDTH 10 0
BBX 8 12 1 -3
BITMAP
FE
E3
C1
C1
C1
C1
C5
E7
DF
C1
C0
C0
ENDCHAR
STARTCHAR 0490
ENCODING 1168
SWIDTH 600 0
DWIDTH 10 0
BBX 7 15 2 0
BITMAP
06
06
06
FE
80
80
80
80
80
80
80
80
80
80
80
ENDCHAR
STARTCHAR 0491
ENCODING 1169
SWIDTH 480 0
DWIDTH 8 0
BBX 6 12 1 0
BITMAP
04
04
04
FC
C0
C0
C0
C0
C0
C0
C0
C0
ENDCHAR
STARTCHAR 0492
ENCODING 1170
SWIDTH 600 0
DWIDTH 10 0
BBX 9 12 0 0
BITMAP
7F80
6000
6000
6000
6000
F800
F800
6000
6000
6000
6000
6000
ENDCHAR
STARTCHAR 0493
ENCODING 1171
SWIDTH 480 0
DWIDTH 8 0
BBX 8 9 -1 0
BITMAP
3F
30
30
FC
FC
30
30
30
30
ENDCHAR
STARTCHAR 0494
ENCODING 1172
SWIDTH 660 0
DWIDTH 11 0
BBX 8 14 2 -2
BITMAP
FE
80
80
80
80
F8
9E
82
83
83
83
83
06
0C
ENDCHAR
STARTCHAR 0495
ENCODING 1173
SWIDTH 540 0
DWIDTH 9 0
BBX 7 11 1 -2
BITMAP
FC
C0
C0
C0
FC
C6
C6
C2
C6
06
0C
ENDCHAR
STARTCHAR 0496
ENCODING 1174
SWIDTH 960 0
DWIDTH 16 0
BBX 16 15 0 -3
BITMAP
6186
318C
118C
1998
0990
0FF0
0FF0
1998
1188
318C
6186
C183
0001
0001
0001
ENDCHAR
STARTCHAR 0497
ENCODING 1175
SWIDTH 840 0
DWIDTH 14 0
BBX 13 12 1 -3
BITMAP
C630
6660
36C0
1680
1F80
16C0
2640
6660
C638
0018
0018
0018
ENDCHAR
STARTCHAR 0498
ENCODING 1176
SWIDTH 660 0
DWIDTH 11 0
BBX 9 17 1 -4
BITMAP
0800
3E00
6300
4100
0100
0300
1C00
0300
0100
0180
C180
6300
3E00
0800
0400
0400
0800
ENDCHAR
STARTCHAR 0499
ENCODING 1177
SWIDTH 480 0
DWIDTH 8 0
BBX 7 13 1 -4
BITMAP
7C
C4
06
0C
3C
06
06
C4
7C
30
08
18
30
ENDCHAR
STARTCHAR 049A
ENCODING 1178
SWIDTH 720 0
DWIDTH 12 0
BBX 9 15 2 -3
BITMAP
8300
8600
8C00
9800
B000
F000
9000
9800
8C00
8600
8200
8380
0180
0180
0180
ENDCHAR
STARTCHAR 049B
ENCODING 1179
SWIDTH 600 0
DWIDTH 10 0
BBX 8 12 1 -3
BITMAP
C7
C4
CC
D8
F0
D8
CC
C6
C3
01
01
01
ENDCHAR
STARTCHAR 049C
ENCODING 1180
SWIDTH 660 0
DWIDTH 11 0
BBX 9 12 2 0
BITMAP
8380
8300
8600
A400
AC00
F800
FC00
A400
A600
8200
8300
8180
ENDCHAR
STARTCHAR 049D
ENCODING 1181
SWIDTH 600 0
DWIDTH 10 0
BBX 9 9 1 0
BITMAP
C380
C200
D600
DC00
FC00
D400
D600
C300
C180
ENDCHAR
STARTCHAR 04A0
ENCODING 1184
SWIDTH 780 0
DWIDTH 13 0
BBX 12 12 0 0
BITMAP
F870
1840
1880
1980
1B00
1E00
1B00
1980
18C0
1840
1860
1830
ENDCHAR
STARTCHAR 04A1
ENCODING 1185
SWIDTH 720 0
DWIDTH 12 0
BBX 11 9 1 0
BITMAP
F8E0
1980
1900
1A00
1E00
1B00
1980
18C0
18E0
ENDCHAR
STARTCHAR 04A2
ENCODING 1186
SWIDTH 780 0
DWIDTH 13 0
BBX 10 15 2 -3
BITMAP
8080
8080
8080
8080
8080
FF80
8080
8080
8080
8080
8080
80C0
0040
0040
0040
ENDCHAR
STARTCHAR 04A3
ENCODING 1187
SWIDTH 660 0
DWIDTH 11 0
BBX 9 12 1 -3
BITMAP
C300
C300
C300
C300
FF00
C300
C300
C300
C380
0080
0080
0080
ENDCHAR
STARTCHAR 04A4
ENCODING 1188
SWIDTH 1020 0
DWIDTH 17 0
BBX 14 12 2 0
BITMAP
80FC
8080
8080
8080
8080
FF80
8080
8080
8080
8080
8080
8080
ENDCHAR
STARTCHAR 04A5
ENCODING 1189
SWIDTH 720 0
DWIDTH 12 0
BBX 11 9 1 0
BITMAP
C3E0
C300
C300
C300
FF00
C300
C300
C300
C300
ENDCHAR
STARTCHAR 04A6
ENCODING 1190
SWIDTH 1080 0
DWIDTH 18 0
BBX 16 14 1 -2
BITMAP
FF80
C080
C080
C080
C080
C0F8
C08E
C083
C083
C081
C083
C083
0002
000E
ENDCHAR
STARTCHAR 04A7
ENCODING 1191
SWIDTH 960 0
DWIDTH 16 0
BBX 14 11 1 -2
BITMAP
FF00
C300
C300
C300
C3F0
C318
C30C
C30C
C30C
0018
0030
ENDCHAR
STARTCHAR 04A8
ENCODING 1192
SWIDTH 840 0
DWIDTH 14 0
BBX 11 13 1 0
BITMAP
1100
33C0
6660
4420
CC20
CC20
CC20
CC20
C420
4660
6660
33C0
1FE0
ENDCHAR
STARTCHAR 04A9
ENCODING 1193
SWIDTH 660 0
DWIDTH 11 0
BBX 9 9 1 0
BITMAP
6F00
D900
9900
9900
9900
9900
CB00
6E00
3F80
ENDCHAR
STARTCHAR 04AA
ENCODING 1194
SWIDTH 720 0
DWIDTH 12 0
BBX 10 17 1 -4
BITMAP
0400
3F80
60C0
4040
C040
C000
8000
8000
C000
C040
60C0
3180
1F00
0400
0200
0200
0400
ENDCHAR
STARTCHAR 04AB
ENCODING 1195
SWIDTH 540 0
DWIDTH 9 0
BBX 8 13 1 -4
BITMAP
7E
42
C3
80
80
80
C3
66
3C
18
0C
0C
10
ENDCHAR
STARTCHAR 04AC
ENCODING 1196
SWIDTH 660 0
DWIDTH 11 0
BBX 9 15 1 -3
BITMAP
FF80
0800
0800
0800
0800
0800
0800
0800
0800
0800
0800
0E00
0600
0600
0600
ENDCHAR
STARTCHAR 04AD
ENCODING 1197
SWIDTH 540 0
DWIDTH 9 0
BBX 7 12 1 -3
BITMAP
FE
10
10
10
10
10
10
10
1C
0C
0C
0C
ENDCHAR
STARTCHAR 04AE
ENCODING 1198
SWIDTH 660 0
DWIDTH 11 0
BBX 11 12 0 0
BITMAP
E060
20C0
3180
1100
1B00
0E00
0600
0400
0400
0400
0400
0400
ENDCHAR
STARTCHAR 04AF
ENCODING 1199
SWIDTH 540 0
DWIDTH 9 0
BBX 8 12 1 -3
BITMAP
83
C6
46
44
6C
28
28
38
10
10
10
10
ENDCHAR
STARTCHAR 04B0
ENCODING 1200
SWIDTH 660 0
DWIDTH 11 0
BBX 11 12 0 0
BITMAP
E060
20C0
3180
1100
1B00
0E00
1F00
1F00
0400
0400
0400
0400
ENDCHAR
STARTCHAR 04B1
ENCODING 1201
SWIDTH 540 0
DWIDTH 9 0
BBX 8 12 1 -3
BITMAP
83
C6
46
44
6C
28
28
7C
7C
10
10
10
ENDCHAR
STARTCHAR 04B2
ENCODING 1202
SWIDTH 660 0
DWIDTH 11 0
BBX 11 15 0 -3
BITMAP
E0C0
2080
3180
1B00
0A00
0E00
0E00
1B00
1300
3180
60C0
E0E0
0060
0060
0060
ENDCHAR
STARTCHAR 04B3
ENCODING 1203
SWIDTH 540 0
DWIDTH 9 0
BBX 8 12 1 -3
BITMAP
C6
44
6C
38
18
38
6C
44
C3
01
01
01
ENDCHAR
STARTCHAR 04B4
ENCODING 1204
SWIDTH 900 0
DWIDTH 15 0
BBX 14 15 1 -3
BITMAP
FF10
1010
1010
1010
1010
1010
1010
1010
1010
1010
1010
1FFC
0008
0008
0008
ENDCHAR
STARTCHAR 04B5
ENCODING 1205
SWIDTH 720 0
DWIDTH 12 0
BBX 10 12 1 -3
BITMAP
FC80
2080
2080
2080
2080
2080
2080
2080
3FC0
0040
0040
0040
ENDCHAR
STARTCHAR 04B6
ENCODING 1206
SWIDTH 720 0
DWIDTH 12 0
BBX 10 15 2 -3
BITMAP
8180
8180
8180
8180
8180
C180
7F80
1180
0180
0180
0180
01C0
0040
0040
0040
ENDCHAR
STARTCHAR 04B7
ENCODING 1207
SWIDTH 660 0
DWIDTH 11 0
BBX 9 12 1 -3
BITMAP
C200
C200
C200
C200
6200
3E00
0200
0200
0380
0180
0180
0180
ENDCHAR
STARTCHAR 04B8
ENCODING 1208
SWIDTH 720 0
DWIDTH 12 0
BBX 9 12 2 0
BITMAP
8180
8180
8180
8180
9980
D980
7F80
1980
1980
0180
0180
0180
ENDCHAR
STARTCHAR 04B9
ENCODING 1209
SWIDTH 600 0
DWIDTH 10 0
BBX 7 9 1 0
BITMAP
C2
C2
DA
DA
7A
3E
1A
02
02
ENDCHAR
STARTCHAR 04BA
ENCODING 1210
SWIDTH 720 0
DWIDTH 12 0
BBX 9 12 2 0
BITMAP
8000
8000
8000
8000
FE00
F700
8100
8180
8180
8180
8180
8180
ENDCHAR
STARTCHAR 04BB
ENCODING 1211
SWIDTH 600 0
DWIDTH 10 0
BBX 8 12 1 0
BITMAP
C0
C0
C0
FE
C2
C3
C3
C3
C3
C3
C3
C3
ENDCHAR
STARTCHAR 04BC
ENCODING 1212
SWIDTH 840 0
DWIDTH 14 0
BBX 12 13 1 0
BITMAP
0100
0FC0
0860
1820
9030
D030
7FF0
1000
1000
1000
1800
0C20
07E0
ENDCHAR
STARTCHAR 04BD
ENCODING 1213
SWIDTH 720 0
DWIDTH 12 0
BBX 12 9 0 0
BITMAP
07C0
0C60
C820
7820
3FF0
1800
0820
0C60
07C0
ENDCHAR
STARTCHAR 04BE
ENCODING 1214
SWIDTH 840 0
DWIDTH 14 0
BBX 12 17 1 -4
BITMAP
0100
0FC0
0860
1820
9030
D030
7FF0
1000
1000
1000
1800
0C20
07E0
0100
0100
0100
0100
ENDCHAR
STARTCHAR 04BF
ENCODING 1215
SWIDTH 720 0
DWIDTH 12 0
BBX 12 13 0 -4
BITMAP
07C0
0C60
C820
7820
3FF0
1800
0820
0C60
07C0
0100
0080
0080
0100
ENDCHAR
STARTCHAR 04C0
ENCODING 1216
SWIDTH 240 0
DWIDTH 4 0
BBX 1 12 2 0
BITMAP
80
80
80
80
80
80
80
80
80
80
80
80
ENDCHAR
STARTCHAR 04C1
ENCODING 1217
SWIDTH 960 0
DWIDTH 16 0
BBX 16 15 0 0
BITMAP
0260
01C0
0000
6186
318C
118C
1998
0990
0FF0
0FF0
1998
1188
318C
6186
C183
ENDCHAR
STARTCHAR 04C2
ENCODING 1218
SWIDTH 840 0
DWIDTH 14 0
BBX 12 12 1 0
BITMAP
0980
0700
0000
C630
6660
36C0
1680
1F80
16C0
2640
6660
C630
ENDCHAR
STARTCHAR 04C3
ENCODING 1219
SWIDTH 720 0
DWIDTH 12 0
BBX 9 14 2 -2
BITMAP
8380
8600
8C00
8800
9800
FC00
8600
8300
8100
8100
8100
8100
0300
0E00
ENDCHAR
STARTCHAR 04C4
ENCODING 1220
SWIDTH 600 0
DWIDTH 10 0
BBX 8 11 1 -2
BITMAP
C7
C4
CC
D8
FC
C6
C3
C1
C3
0E
04
ENDCHAR
STARTCHAR 04C5
ENCODING 1221
SWIDTH 720 0
DWIDTH 12 0
BBX 12 16 0 -4
BITMAP
1FE0
1060
1060
1060
1060
1060
1060
1060
1060
3060
7060
E070
0010
0010
0030
0020
ENDCHAR
STARTCHAR 04C6
ENCODING 1222
SWIDTH 660 0
DWIDTH 11 0
BBX 10 13 0 -4
BITMAP
3F80
3180
3180
3180
3180
3180
3180
2180
E1C0
0040
0040
00C0
0040
ENDCHAR
STARTCHAR 04C7
ENCODING 1223
SWIDTH 780 0
DWIDTH 13 0
BBX 9 15 2 -3
BITMAP
8080
8080
8080
8080
8080
FF80
8080
8080
8080
8080
8080
8080
0080
0080
0380
ENDCHAR
STARTCHAR 04C8
ENCODING 1224
SWIDTH 600 0
DWIDTH 10 0
BBX 8 13 1 -4
BITMAP
C3
C3
C3
C3
FF
C3
C3
C3
C3
03
03
0E
0C
ENDCHAR
STARTCHAR 04C9
ENCODING 1225
SWIDTH 780 0
DWIDTH 13 0
BBX 11 16 2 -4
BITMAP
8080
8080
8080
8080
8080
FF80
8080
8080
8080
8080
8080
80E0
0060
0040
0040
00C0
ENDCHAR
STARTCHAR 04CA
ENCODING 1226
SWIDTH 660 0
DWIDTH 11 0
BBX 9 13 1 -4
BITMAP
C300
C300
C300
C300
FF00
C300
C300
C300
C380
0080
0180
0180
0100
ENDCHAR
STARTCHAR 04CB
ENCODING 1227
SWIDTH 720 0
DWIDTH 12 0
BBX 10 15 2 -3
BITMAP
8180
8180
8180
8180
8180
C180
7F80
1180
0180
0180
0180
01C0
0040
0040
0040
ENDCHAR
STARTCHAR 04CC
ENCODING 1228
SWIDTH 600 0
DWIDTH 10 0
BBX 7 12 1 -3
BITMAP
C2
C2
C2
C2
62
3E
02
02
06
04
04
04
ENDCHAR
STARTCHAR 04CD
ENCODING 1229
SWIDTH 900 0
DWIDTH 15 0
BBX 13 16 2 -4
BITMAP
C070
C070
C070
E0F0
A0B0
B1B0
9130
9130
9B30
8A30
8E30
8438
0008
0008
0018
0010
ENDCHAR
STARTCHAR 04CE
ENCODING 1230
SWIDTH 840 0
DWIDTH 14 0
BBX 12 13 1 -4
BITMAP
E0C0
E0C0
E1C0
F140
D140
DA40
CA40
CE40
C470
0030
0030
0030
0020
ENDCHAR
STARTCHAR 04CF
ENCODING 1231
SWIDTH 240 0
DWIDTH 4 0
BBX 1 12 2 0
BITMAP
80
80
80
80
80
80
80
80
80
80
80
80
ENDCHAR
STARTCHAR 04D0
ENCODING 1232
SWIDTH 720 0
DWIDTH 12 0
BBX 11 15 0 0
BITMAP
1900
0E00
0000
0600
0E00
0B00
0B00
1900
1180
3080
3F80
3FC0
6040
6060
C060
ENDCHAR
STARTCHAR 04D1
ENCODING 1233
SWIDTH 600 0
DWIDTH 10 0
BBX 7 12 1 0
BITMAP
64
38
00
7C
C6
02
06
7E
C2
82
C6
7A
ENDCHAR
STARTCHAR 04D2
ENCODING 1234
SWIDTH 720 0
DWIDTH 12 0
BBX 11 16 0 0
BITMAP
1900
1900
0000
0000
0600
0E00
0B00
0B00
1900
1180
3080
3F80
3FC0
6040
6060
C060
ENDCHAR
STARTCHAR 04D3
ENCODING 1235
SWIDTH 600 0
DWIDTH 10 0
BBX 7 13 1 0
BITMAP
24
66
00
00
7C
C6
02
06
7E
C2
82
C6
7A
ENDCHAR
STARTCHAR 04D4
ENCODING 1236
SWIDTH 1020 0
DWIDTH 17 0
BBX 16 12 0 0
BITMAP
03FF
02C0
06C0
04C0
0CC0
08FE
18C0
1FC0
3FC0
20C0
60C0
C0FF
ENDCHAR
STARTCHAR 04D5
ENCODING 1237
SWIDTH 960 0
DWIDTH 16 0
BBX 14 9 1 0
BITMAP
7DF0
C708
020C
060C
7FFC
C200
8308
C50C
78F0
ENDCHAR
STARTCHAR 04D6
ENCODING 1238
SWIDTH 600 0
DWIDTH 10 0
BBX 7 15 2 0
BITMAP
4C
38
00
FE
80
80
80
80
FE
80
80
80
80
80
FE
ENDCHAR
STARTCHAR 04D7
ENCODING 1239
SWIDTH 600 0
DWIDTH 10 0
BBX 8 12 1 0
BITMAP
64
18
00
7E
42
C3
81
FF
80
C2
63
3E
ENDCHAR
STARTCHAR 04D8
ENCODING 1240
SWIDTH 720 0
DWIDTH 12 0
BBX 10 13 1 0
BITMAP
0800
7F00
4380
0180
00C0
00C0
00C0
FFC0
C0C0
C0C0
C180
6300
3E00
ENDCHAR
STARTCHAR 04D9
ENCODING 1241
SWIDTH 600 0
DWIDTH 10 0
BBX 8 9 1 0
BITMAP
7E
C2
03
01
FF
81
C3
66
3C
ENDCHAR
STARTCHAR 04DA
ENCODING 1242
SWIDTH 720 0
DWIDTH 12 0
BBX 10 16 1 0
BITMAP
3200
3300
0000
0800
7F00
4380
0180
00C0
00C0
00C0
FFC0
C0C0
C0C0
C180
6300
3E00
ENDCHAR
STARTCHAR 04DB
ENCODING 1243
SWIDTH 600 0
DWIDTH 10 0
BBX 8 13 1 0
BITMAP
24
66
00
00
7E
C2
03
01
FF
81
C3
66
3C
ENDCHAR
STARTCHAR 04DC
ENCODING 1244
SWIDTH 960 0
DWIDTH 16 0
BBX 16 16 0 0
BITMAP
0240
0660
0000
0000
6186
318C
118C
1998
0990
0FF0
0FF0
1998
1188
318C
6186
C183
ENDCHAR
STARTCHAR 04DD
ENCODING 1245
SWIDTH 840 0
DWIDTH 14 0
BBX 12 13 1 0
BITMAP
0900
1980
0000
0000
C630
6660
36C0
1680
1F80
16C0
2640
6660
C630
ENDCHAR
STARTCHAR 04DE
ENCODING 1246
SWIDTH 660 0
DWIDTH 11 0
BBX 9 16 1 0
BITMAP
2200
3600
0000
0800
3E00
6300
4100
0100
0300
1C00
0300
0100
0180
C180
6300
3E00
ENDCHAR
STARTCHAR 04DF
ENCODING 1247
SWIDTH 480 0
DWIDTH 8 0
BBX 7 13 1 0
BITMAP
4C
4C
00
00
7C
C4
06
0C
3C
06
06
C4
7C
ENDCHAR
STARTCHAR 04E0
ENCODING 1248
SWIDTH 660 0
DWIDTH 11 0
BBX 8 12 1 0
BITMAP
7F
02
06
0C
18
1E
03
01
01
C1
63
3E
ENDCHAR
STARTCHAR 04E1
ENCODING 1249
SWIDTH 660 0
DWIDTH 11 0
BBX 8 12 1 -3
BITMAP
7F
02
06
0C
18
1E
03
01
01
C1
63
3E
ENDCHAR
STARTCHAR 04E2
ENCODING 1250
SWIDTH 780 0
DWIDTH 13 0
BBX 9 15 2 0
BITMAP
3E00
0000
0000
8180
8180
8380
8680
8C80
8880
9880
B080
A080
E080
C080
8080
ENDCHAR
STARTCHAR 04E3
ENCODING 1251
SWIDTH 600 0
DWIDTH 10 0
BBX 8 12 1 0
BITMAP
7E
00
00
C3
C7
CF
CB
DB
D3
F3
E3
C3
ENDCHAR
STARTCHAR 04E4
ENCODING 1252
SWIDTH 780 0
DWIDTH 13 0
BBX 9 16 2 0
BITMAP
2600
3600
0000
0000
8180
8180
8380
8680
8C80
8880
9880
B080
A080
E080
C080
8080
ENDCHAR
STARTCHAR 04E5
ENCODING 1253
SWIDTH 600 0
DWIDTH 10 0
BBX 8 13 1 0
BITMAP
24
66
00
00
C3
C7
CF
CB
DB
D3
F3
E3
C3
ENDCHAR
STARTCHAR 04E6
ENCODING 1254
SWIDTH 780 0
DWIDTH 13 0
BBX 11 16 1 0
BITMAP
1100
1B00
0000
0400
3F80
60C0
4040
C060
C060
8060
8060
C060
C060
60C0
3180
1F00
ENDCHAR
STARTCHAR 04E7
ENCODING 1255
SWIDTH 600 0
DWIDTH 10 0
BBX 8 13 1 0
BITMAP
24
66
00
00
7E
43
C3
81
81
81
C3
62
3C
ENDCHAR
STARTCHAR 04E8
ENCODING 1256
SWIDTH 780 0
DWIDTH 13 0
BBX 11 13 1 0
BITMAP
0400
3F80
60C0
4040
C060
C060
FEE0
87E0
C060
C060
60C0
3180
1F00
ENDCHAR
STARTCHAR 04E9
ENCODING 1257
SWIDTH 600 0
DWIDTH 10 0
BBX 8 9 1 0
BITMAP
7E
43
C3
81
FF
81
C3
62
3C
ENDCHAR
STARTCHAR 04EA
ENCODING 1258
SWIDTH 780 0
DWIDTH 13 0
BBX 11 16 1 0
BITMAP
1100
1B00
0000
0400
3F80
60C0
4040
C060
C060
FEE0
87E0
C060
C060
60C0
3180
1F00
ENDCHAR
STARTCHAR 04EB
ENCODING 1259
SWIDTH 600 0
DWIDTH 10 0
BBX 8 13 1 0
BITMAP
24
66
00
00
7E
43
C3
81
FF
81
C3
62
3C
ENDCHAR
STARTCHAR 04EC
ENCODING 1260
SWIDTH 660 0
DWIDTH 11 0
BBX 9 16 1 0
BITMAP
3200
3600
0000
0800
7F00
4300
C180
C080
0080
1F80
1F80
0080
C080
C180
6300
3E00
ENDCHAR
STARTCHAR 04ED
ENCODING 1261
SWIDTH 540 0
DWIDTH 9 0
BBX 7 13 1 0
BITMAP
64
6C
00
00
7C
C6
82
02
3E
02
86
C6
7C
ENDCHAR
STARTCHAR 04EE
ENCODING 1262
SWIDTH 660 0
DWIDTH 11 0
BBX 10 15 0 0
BITMAP
3F00
0000
8000
40C0
6080
2180
3180
1100
1B00
0A00
0E00
0E00
0400
0C00
3800
ENDCHAR
STARTCHAR 04EF
ENCODING 1263
SWIDTH 540 0
DWIDTH 9 0
BBX 8 15 1 -3
BITMAP
7E
00
00
83
C2
46
46
64
2C
28
38
18
10
30
E0
ENDCHAR
STARTCHAR 04F0
ENCODING 1264
SWIDTH 660 0
DWIDTH 11 0
BBX 10 16 0 0
BITMAP
1300
1300
0000
8000
40C0
6080
2180
3180
1100
1B00
0A00
0E00
0E00
0400
0C00
3800
ENDCHAR
STARTCHAR 04F1
ENCODING 1265
SWIDTH 540 0
DWIDTH 9 0
BBX 8 16 1 -3
BITMAP
64
6C
00
00
83
C2
46
46
64
2C
28
38
18
10
30
E0
ENDCHAR
STARTCHAR 04F2
ENCODING 1266
SWIDTH 660 0
DWIDTH 11 0
BBX 10 16 0 0
BITMAP
0D80
0900
1200
8000
40C0
6080
2180
3180
1100
1B00
0A00
0E00
0E00
0400
0C00
3800
ENDCHAR
STARTCHAR 04F3
ENCODING 1267
SWIDTH 540 0
DWIDTH 9 0
BBX 8 16 1 -3
BITMAP
1B
34
2C
00
83
C2
46
46
64
2C
28
38
18
10
30
E0
ENDCHAR
STARTCHAR 04F4
ENCODING 1268
SWIDTH 720 0
DWIDTH 12 0
BBX 9 16 2 0
BITMAP
2600
6600
0000
0000
8180
8180
8180
8180
8180
C180
7F80
1180
0180
0180
0180
0180
ENDCHAR
STARTCHAR 04F5
ENCODING 1269
SWIDTH 600 0
DWIDTH 10 0
BBX 7 13 1 0
BITMAP
64
66
00
00
C2
C2
C2
C2
62
3E
02
02
02
ENDCHAR
STARTCHAR 04F6
ENCODING 1270
SWIDTH 600 0
DWIDTH 10 0
BBX 7 15 2 -3
BITMAP
FE
80
80
80
80
80
80
80
80
80
80
C0
40
40
40
ENDCHAR
STARTCHAR 04F7
ENCODING 1271
SWIDTH 480 0
DWIDTH 8 0
BBX 6 12 1 -3
BITMAP
FC
C0
C0
C0
C0
C0
C0
C0
E0
20
20
20
ENDCHAR
STARTCHAR 04F8
ENCODING 1272
SWIDTH 840 0
DWIDTH 14 0
BBX 11 16 2 0
BITMAP
1300
1B00
0000
0000
8060
8060
8060
8060
8060
FE60
8360
8160
8160
8360
8760
FC60
ENDCHAR
STARTCHAR 04F9
ENCODING 1273
SWIDTH 780 0
DWIDTH 13 0
BBX 10 13 1 0
BITMAP
1300
1B00
0000
0000
C040
C040
C040
FC40
C640
C340
C340
C640
FC40
ENDCHAR
STARTCHAR 04FA
ENCODING 1274
SWIDTH 600 0
DWIDTH 10 0
BBX 9 16 0 -4
BITMAP
7F80
6000
6000
6000
6000
F800
F800
6000
6000
6000
6000
7000
1000
1000
7000
6000
ENDCHAR
STARTCHAR 04FB
ENCODING 1275
SWIDTH 480 0
DWIDTH 8 0
BBX 8 13 -1 -4
BITMAP
3F
30
30
FC
FC
30
30
30
30
30
30
E0
C0
ENDCHAR
STARTCHAR 04FC
ENCODING 1276
SWIDTH 660 0
DWIDTH 11 0
BBX 11 16 0 -4
BITMAP
E0C0
2080
3180
1B00
0A00
0E00
0E00
1B00
1300
3180
60C0
E0E0
0060
0060
01C0
0180
ENDCHAR
STARTCHAR 04FD
ENCODING 1277
SWIDTH 540 0
DWIDTH 9 0
BBX 7 13 1 -4
BITMAP
C6
44
6C
38
18
38
6C
44
C2
02
02
0E
0C
ENDCHAR
STARTCHAR 04FE
ENCODING 1278
SWIDTH 660 0
DWIDTH 11 0
BBX 10 12 0 0
BITMAP
E0C0
2080
3180
1B00
0A00
1F00
1F00
1B00
1300
3180
60C0
E0C0
ENDCHAR
STARTCHAR 04FF
ENCODING 1279
SWIDTH 540 0
DWIDTH 9 0
BBX 7 9 1 0
BITMAP
C6
44
6C
7C
7C
38
6C
44
C2
ENDCHAR
STARTCHAR 052F
ENCODING 1327
SWIDTH 660 0
DWIDTH 11 0
BBX 10 12 0 -3
BITMAP
3F80
3180
3180
3180
3180
3180
3180
2180
E1C0
0040
0040
0040
ENDCHAR
STARTCHAR 146B
ENCODING 5227
SWIDTH 420 0
DWIDTH 7 0
BBX 5 8 1 4
BITMAP
F8
88
88
88
98
68
08
08
ENDCHAR
STARTCHAR 1D43
ENCODING 7491
SWIDTH 360 0
DWIDTH 6 0
BBX 5 6 1 6
BITMAP
F0
18
78
98
98
F8
ENDCHAR
STARTCHAR 1D47
ENCODING 7495
SWIDTH 420 0
DWIDTH 7 0
BBX 6 8 1 6
BITMAP
80
80
F8
88
8C
88
C8
B0
ENDCHAR
STARTCHAR 1D48
ENCODING 7496
SWIDTH 420 0
DWIDTH 7 0
BBX 5 8 1 6
BITMAP
08
08
F8
88
88
88
98
68
ENDCHAR
STARTCHAR 1D49
ENCODING 7497
SWIDTH 420 0
DWIDTH 7 0
BBX 5 6 1 6
BITMAP
F0
88
F8
80
88
70
ENDCHAR
STARTCHAR 1D4D
ENCODING 7501
SWIDTH 420 0
DWIDTH 7 0
BBX 5 8 1 4
BITMAP
F8
88
88
88
D8
68
88
F8
ENDCHAR
STARTCHAR 1D4F
ENCODING 7503
SWIDTH 360 0
DWIDTH 6 0
BBX 5 8 1 6
BITMAP
80
88
90
A0
E0
A0
90
98
ENDCHAR
STARTCHAR 1D50
ENCODING 7504
SWIDTH 600 0
DWIDTH 10 0
BBX 8 6 1 6
BITMAP
F7
99
99
99
99
99
ENDCHAR
STARTCHAR 1D52
ENCODING 7506
SWIDTH 420 0
DWIDTH 7 0
BBX 5 6 1 6
BITMAP
F8
88
88
88
98
70
ENDCHAR
STARTCHAR 1D56
ENCODING 7510
SWIDTH 420 0
DWIDTH 7 0
BBX 5 8 1 4
BITMAP
F8
88
88
88
C8
B0
80
80
ENDCHAR
STARTCHAR 1D57
ENCODING 7511
SWIDTH 240 0
DWIDTH 4 0
BBX 4 8 0 6
BITMAP
40
40
F0
40
40
40
60
30
ENDCHAR
STARTCHAR 1D58
ENCODING 7512
SWIDTH 420 0
DWIDTH 7 0
BBX 5 6 1 6
BITMAP
88
88
88
88
D8
68
ENDCHAR
STARTCHAR 1D5B
ENCODING 7515
SWIDTH 360 0
DWIDTH 6 0
BBX 6 6 0 6
BITMAP
CC
48
68
28
30
30
ENDCHAR
STARTCHAR 1D62
ENCODING 7522
SWIDTH 180 0
DWIDTH 3 0
BBX 1 9 1 -2
BITMAP
80
80
00
80
80
80
80
80
80
ENDCHAR
STARTCHAR 1D63
ENCODING 7523
SWIDTH 300 0
DWIDTH 5 0
BBX 3 6 1 -2
BITMAP
E0
80
80
80
80
80
ENDCHAR
STARTCHAR 1D64
ENCODING 7524
SWIDTH 420 0
DWIDTH 7 0
BBX 5 6 1 -2
BITMAP
88
88
88
88
D8
68
ENDCHAR
STARTCHAR 1D65
ENCODING 7525
SWIDTH 360 0
DWIDTH 6 0
BBX 6 6 0 -2
BITMAP
CC
48
68
28
30
30
ENDCHAR
STARTCHAR 1D9C
ENCODING 7580
SWIDTH 420 0
DWIDTH 7 0
BBX 5 6 1 6
BITMAP
F8
88
80
80
98
70
ENDCHAR
STARTCHAR 1DA0
ENCODING 7584
SWIDTH 240 0
DWIDTH 4 0
BBX 4 9 0 6
BITMAP
30
60
60
F0
60
60
60
60
60
ENDCHAR
STARTCHAR 1DBB
ENCODING 7611
SWIDTH 360 0
DWIDTH 6 0
BBX 5 6 1 6
BITMAP
F0
30
20
40
C0
F8
ENDCHAR
STARTCHAR 1DBF
ENCODING 7615
SWIDTH 480 0
DWIDTH 8 0
BBX 6 9 1 5
BITMAP
78
CC
8C
FC
FC
8C
CC
F8
30
ENDCHAR
STARTCHAR 1DC0
ENCODING 7616
SWIDTH 0 0
DWIDTH 0 0
BBX 6 3 -8 10
BITMAP
60
AC
90
ENDCHAR
STARTCHAR 1DC1
ENCODING 7617
SWIDTH 0 0
DWIDTH 0 0
BBX 7 3 -9 10
BITMAP
0C
DE
36
ENDCHAR
STARTCHAR 1DC2
ENCODING 7618
SWIDTH 0 0
DWIDTH 0 0
BBX 2 4 -6 -5
BITMAP
C0
80
C0
40
ENDCHAR
STARTCHAR 1DC3
ENCODING 7619
SWIDTH 0 0
DWIDTH 0 0
BBX 6 3 -7 10
BITMAP
08
DC
20
ENDCHAR
STARTCHAR 1DC4
ENCODING 7620
SWIDTH 0 0
DWIDTH 0 0
BBX 6 3 -7 10
BITMAP
0C
F8
F0
ENDCHAR
STARTCHAR 1DC5
ENCODING 7621
SWIDTH 0 0
DWIDTH 0 0
BBX 6 3 -8 10
BITMAP
C0
7C
3C
ENDCHAR
STARTCHAR 1DC6
ENCODING 7622
SWIDTH 0 0
DWIDTH 0 0
BBX 6 3 -7 10
BITMAP
F0
18
0C
ENDCHAR
STARTCHAR 1DC7
ENCODING 7623
SWIDTH 0 0
DWIDTH 0 0
BBX 5 3 -7 10
BITMAP
78
C0
80
ENDCHAR
STARTCHAR 1DC8
ENCODING 7624
SWIDTH 0 0
DWIDTH 0 0
BBX 7 3 -8 10
BITMAP
DC
74
36
ENDCHAR
STARTCHAR 1DC9
ENCODING 7625
SWIDTH 0 0
DWIDTH 0 0
BBX 7 3 -7 10
BITMAP
66
FC
98
ENDCHAR
STARTCHAR 1DCA
ENCODING 7626
SWIDTH 0 0
DWIDTH 0 0
BBX 3 4 -6 -5
BITMAP
E0
80
80
80
ENDCHAR
STARTCHAR 1DCB
ENCODING 7627
SWIDTH 0 0
DWIDTH 0 0
BBX 10 2 -10 10
BITMAP
CFC0
7000
ENDCHAR
STARTCHAR 1DCC
ENCODING 7628
SWIDTH 0 0
DWIDTH 0 0
BBX 10 2 -10 10
BITMAP
FEC0
0380
ENDCHAR
STARTCHAR 1DCD
ENCODING 7629
SWIDTH 0 0
DWIDTH 0 0
BBX 16 3 -8 10
BITMAP
0180
0FF0
F00F
ENDCHAR
STARTCHAR 1DCE
ENCODING 7630
SWIDTH 0 0
DWIDTH 0 0
BBX 3 4 -6 8
BITMAP
E0
60
40
80
ENDCHAR
STARTCHAR 1DCF
ENCODING 7631
SWIDTH 0 0
DWIDTH 0 0
BBX 4 4 -7 -5
BITMAP
40
F0
30
20
ENDCHAR
STARTCHAR 1DD0
ENCODING 7632
SWIDTH 0 0
DWIDTH 0 0
BBX 6 3 -7 -4
BITMAP
60
74
DC
ENDCHAR
STARTCHAR 1DD1
ENCODING 7633
SWIDTH 0 0
DWIDTH 0 0
BBX 5 2 -7 10
BITMAP
D0
B8
ENDCHAR
STARTCHAR 1DD2
ENCODING 7634
SWIDTH 0 0
DWIDTH 0 0
BBX 5 6 -7 10
BITMAP
60
90
98
F0
10
60
ENDCHAR
STARTCHAR 1DD3
ENCODING 7635
SWIDTH 0 0
DWIDTH 0 0
BBX 6 2 -8 10
BITMAP
94
FC
ENDCHAR
STARTCHAR 1DD4
ENCODING 7636
SWIDTH 0 0
DWIDTH 0 0
BBX 7 5 -8 10
BITMAP
68
B4
7E
90
FC
ENDCHAR
STARTCHAR 1DD5
ENCODING 7637
SWIDTH 0 0
DWIDTH 0 0
BBX 7 5 -8 10
BITMAP
68
B6
72
92
FC
ENDCHAR
STARTCHAR 1DD6
ENCODING 7638
SWIDTH 0 0
DWIDTH 0 0
BBX 6 5 -8 10
BITMAP
64
BC
78
B8
D0
ENDCHAR
STARTCHAR 1DD7
ENCODING 7639
SWIDTH 0 0
DWIDTH 0 0
BBX 4 7 -7 8
BITMAP
20
D0
80
80
70
20
20
ENDCHAR
STARTCHAR 1DD8
ENCODING 7640
SWIDTH 0 0
DWIDTH 0 0
BBX 4 7 -7 10
BITMAP
40
20
10
70
90
90
70
ENDCHAR
STARTCHAR 1DD9
ENCODING 7641
SWIDTH 0 0
DWIDTH 0 0
BBX 4 7 -7 10
BITMAP
40
30
50
70
90
90
70
ENDCHAR
STARTCHAR 1DDA
ENCODING 7642
SWIDTH 0 0
DWIDTH 0 0
BBX 4 7 -7 8
BITMAP
70
90
90
90
70
90
60
ENDCHAR
STARTCHAR 1DDB
ENCODING 7643
SWIDTH 0 0
DWIDTH 0 0
BBX 4 5 -7 10
BITMAP
70
90
B0
90
F0
ENDCHAR
STARTCHAR 1DDC
ENCODING 7644
SWIDTH 0 0
DWIDTH 0 0
BBX 4 7 -7 10
BITMAP
80
80
90
A0
E0
A0
90
ENDCHAR
STARTCHAR 1DDD
ENCODING 7645
SWIDTH 0 0
DWIDTH 0 0
BBX 1 7 -5 10
BITMAP
80
80
80
80
80
80
80
ENDCHAR
STARTCHAR 1DDE
ENCODING 7646
SWIDTH 0 0
DWIDTH 0 0
BBX 3 5 -6 10
BITMAP
80
80
80
80
E0
ENDCHAR
STARTCHAR 1DDF
ENCODING 7647
SWIDTH 0 0
DWIDTH 0 0
BBX 6 5 -8 10
BITMAP
CC
CC
AC
B4
B4
ENDCHAR
STARTCHAR 1DE0
ENCODING 7648
SWIDTH 0 0
DWIDTH 0 0
BBX 4 5 -7 10
BITMAP
A0
D0
90
90
90
ENDCHAR
STARTCHAR 1DE1
ENCODING 7649
SWIDTH 0 0
DWIDTH 0 0
BBX 4 5 -7 10
BITMAP
90
D0
F0
B0
90
ENDCHAR
STARTCHAR 1DE2
ENCODING 7650
SWIDTH 0 0
DWIDTH 0 0
BBX 4 5 -7 10
BITMAP
F0
90
F0
90
90
ENDCHAR
STARTCHAR 1DE3
ENCODING 7651
SWIDTH 0 0
DWIDTH 0 0
BBX 3 5 -6 10
BITMAP
C0
A0
60
40
60
ENDCHAR
STARTCHAR 1DE4
ENCODING 7652
SWIDTH 0 0
DWIDTH 0 0
BBX 4 5 -7 10
BITMAP
60
90
60
10
F0
ENDCHAR
STARTCHAR 1DE5
ENCODING 7653
SWIDTH 0 0
DWIDTH 0 0
BBX 2 7 -5 10
BITMAP
C0
80
80
80
80
80
80
ENDCHAR
STARTCHAR 1DE6
ENCODING 7654
SWIDTH 0 0
DWIDTH 0 0
BBX 4 5 -7 10
BITMAP
F0
30
20
40
F0
ENDCHAR
STARTCHAR 1DE7
ENCODING 7655
SWIDTH 0 0
DWIDTH 0 0
BBX 5 5 -7 10
BITMAP
70
90
90
90
F8
ENDCHAR
STARTCHAR 1DE8
ENCODING 7656
SWIDTH 0 0
DWIDTH 0 0
BBX 4 7 -7 10
BITMAP
80
80
A0
D0
90
90
F0
ENDCHAR
STARTCHAR 1DE9
ENCODING 7657
SWIDTH 0 0
DWIDTH 0 0
BBX 4 8 -7 8
BITMAP
F0
90
A0
90
90
F0
80
80
ENDCHAR
STARTCHAR 1DEA
ENCODING 7658
SWIDTH 0 0
DWIDTH 0 0
BBX 4 5 -7 10
BITMAP
60
90
F0
90
70
ENDCHAR
STARTCHAR 1DEB
ENCODING 7659
SWIDTH 0 0
DWIDTH 0 0
BBX 3 7 -6 10
BITMAP
60
40
C0
C0
C0
C0
C0
ENDCHAR
STARTCHAR 1DEC
ENCODING 7660
SWIDTH 0 0
DWIDTH 0 0
BBX 3 7 -6 10
BITMAP
40
40
60
C0
E0
40
40
ENDCHAR
STARTCHAR 1DED
ENCODING 7661
SWIDTH 0 0
DWIDTH 0 0
BBX 5 7 -8 8
BITMAP
30
48
48
48
78
40
C0
ENDCHAR
STARTCHAR 1DEE
ENCODING 7662
SWIDTH 0 0
DWIDTH 0 0
BBX 4 7 -7 8
BITMAP
E0
90
90
90
F0
80
80
ENDCHAR
STARTCHAR 1DEF
ENCODING 7663
SWIDTH 0 0
DWIDTH 0 0
BBX 4 9 -7 8
BITMAP
30
20
60
60
60
60
60
60
C0
ENDCHAR
STARTCHAR 1DF0
ENCODING 7664
SWIDTH 0 0
DWIDTH 0 0
BBX 5 7 -8 8
BITMAP
48
48
48
48
78
40
C0
ENDCHAR
STARTCHAR 1DF1
ENCODING 7665
SWIDTH 0 0
DWIDTH 0 0
BBX 6 5 -8 10
BITMAP
94
B4
74
68
48
ENDCHAR
STARTCHAR 1DF2
ENCODING 7666
SWIDTH 0 0
DWIDTH 0 0
BBX 4 6 -7 10
BITMAP
50
20
50
70
90
F0
ENDCHAR
STARTCHAR 1DF3
ENCODING 7667
SWIDTH 0 0
DWIDTH 0 0
BBX 4 6 -7 10
BITMAP
F0
60
90
90
90
70
ENDCHAR
STARTCHAR 1DF4
ENCODING 7668
SWIDTH 0 0
DWIDTH 0 0
BBX 4 6 -7 10
BITMAP
F0
90
90
90
90
F0
ENDCHAR
STARTCHAR 1DF5
ENCODING 7669
SWIDTH 0 0
DWIDTH 0 0
BBX 3 3 -6 9
BITMAP
40
E0
E0
ENDCHAR
STARTCHAR 1DFC
ENCODING 7676
SWIDTH 0 0
DWIDTH 0 0
BBX 12 2 -6 -3
BITMAP
3F80
E070
ENDCHAR
STARTCHAR 1DFD
ENCODING 7677
SWIDTH 0 0
DWIDTH 0 0
BBX 6 3 -8 -4
BITMAP
FC
24
DC
ENDCHAR
STARTCHAR 1DFE
ENCODING 7678
SWIDTH 0 0
DWIDTH 0 0
BBX 7 6 -8 10
BITMAP
06
1C
F0
F0
1C
06
ENDCHAR
STARTCHAR 1DFF
ENCODING 7679
SWIDTH 0 0
DWIDTH 0 0
BBX 11 4 -10 -5
BITMAP
E660
1D40
E1C0
8000
ENDCHAR
STARTCHAR 1E00
ENCODING 7680
SWIDTH 720 0
DWIDTH 12 0
BBX 11 15 0 -3
BITMAP
0600
0E00
0B00
0B00
1900
1180
3080
3F80
3FC0
6040
6060
C060
0400
0A00
0E00
ENDCHAR
STARTCHAR 1E01
ENCODING 7681
SWIDTH 600 0
DWIDTH 10 0
BBX 7 12 1 -3
BITMAP
7C
C6
02
06
7E
C2
82
C6
7A
10
28
38
ENDCHAR
STARTCHAR 1E02
ENCODING 7682
SWIDTH 660 0
DWIDTH 11 0
BBX 8 16 2 0
BITMAP
10
30
00
00
FE
82
83
83
86
FC
86
83
81
81
87
FC
ENDCHAR
STARTCHAR 1E03
ENCODING 7683
SWIDTH 660 0
DWIDTH 11 0
BBX 8 13 2 0
BITMAP
10
98
80
80
BC
C6
82
83
83
83
82
C6
BC
ENDCHAR
STARTCHAR 1E04
ENCODING 7684
SWIDTH 660 0
DWIDTH 11 0
BBX 8 15 2 -3
BITMAP
FE
82
83
83
86
FC
86
83
81
81
87
FC
00
10
30
ENDCHAR
STARTCHAR 1E05
ENCODING 7685
SWIDTH 660 0
DWIDTH 11 0
BBX 8 15 2 -3
BITMAP
80
80
80
BC
C6
82
83
83
83
82
C6
BC
00
10
18
ENDCHAR
STARTCHAR 1E06
ENCODING 7686
SWIDTH 660 0
DWIDTH 11 0
BBX 8 15 2 -3
BITMAP
FE
82
83
83
86
FC
86
83
81
81
87
FC
00
00
7C
ENDCHAR
STARTCHAR 1E07
ENCODING 7687
SWIDTH 660 0
DWIDTH 11 0
BBX 8 15 2 -3
BITMAP
80
80
80
BC
C6
82
83
83
83
82
C6
BC
00
00
7E
ENDCHAR
STARTCHAR 1E08
ENCODING 7688
SWIDTH 720 0
DWIDTH 12 0
BBX 10 20 1 -4
BITMAP
0300
0600
0000
0400
3F80
60C0
4040
C040
C000
8000
8000
C000
C040
60C0
3180
1F00
0400
0200
0200
0400
ENDCHAR
STARTCHAR 1E09
ENCODING 7689
SWIDTH 540 0
DWIDTH 9 0
BBX 8 17 1 -4
BITMAP
0E
08
10
00
7E
42
C3
80
80
80
C3
66
3C
18
0C
0C
10
ENDCHAR
STARTCHAR 1E0A
ENCODING 7690
SWIDTH 720 0
DWIDTH 12 0
BBX 9 16 2 0
BITMAP
3000
3000
0000
0000
FE00
8300
8180
8180
8080
8080
8080
8080
8180
8100
8700
FC00
ENDCHAR
STARTCHAR 1E0B
ENCODING 7691
SWIDTH 660 0
DWIDTH 11 0
BBX 8 15 1 0
BITMAP
18
18
00
01
01
01
7D
43
C3
81
81
81
C3
67
3D
ENDCHAR
STARTCHAR 1E0C
ENCODING 7692
SWIDTH 720 0
DWIDTH 12 0
BBX 9 15 2 -3
BITMAP
FE00
8300
8180
8180
8080
8080
8080
8080
8180
8100
8700
FC00
0000
3000
3000
ENDCHAR
STARTCHAR 1E0D
ENCODING 7693
SWIDTH 660 0
DWIDTH 11 0
BBX 8 15 1 -3
BITMAP
01
01
01
7D
43
C3
81
81
81
C3
67
3D
00
18
18
ENDCHAR
STARTCHAR 1E0E
ENCODING 7694
SWIDTH 720 0
DWIDTH 12 0
BBX 9 15 2 -3
BITMAP
FE00
8300
8180
8180
8080
8080
8080
8080
8180
8100
8700
FC00
0000
0000
FC00
ENDCHAR
STARTCHAR 1E0F
ENCODING 7695
SWIDTH 660 0
DWIDTH 11 0
BBX 8 15 1 -3
BITMAP
01
01
01
7D
43
C3
81
81
81
C3
67
3D
00
00
7E
ENDCHAR
STARTCHAR 1E10
ENCODING 7696
SWIDTH 720 0
DWIDTH 12 0
BBX 9 16 2 -4
BITMAP
FE00
8300
8180
8180
8080
8080
8080
8080
8180
8100
8700
FC00
0000
3000
2000
2000
ENDCHAR
STARTCHAR 1E11
ENCODING 7697
SWIDTH 660 0
DWIDTH 11 0
BBX 8 16 1 -4
BITMAP
01
01
01
7D
43
C3
81
81
81
C3
67
3D
00
18
10
10
ENDCHAR
STARTCHAR 1E12
ENCODING 7698
SWIDTH 720 0
DWIDTH 12 0
BBX 9 16 2 -4
BITMAP
FE00
8300
8180
8180
8080
8080
8080
8080
8180
8100
8700
FC00
0000
3000
6800
4C00
ENDCHAR
STARTCHAR 1E13
ENCODING 7699
SWIDTH 660 0
DWIDTH 11 0
BBX 8 16 1 -4
BITMAP
01
01
01
7D
43
C3
81
81
81
C3
67
3D
00
18
34
66
ENDCHAR
STARTCHAR 1E14
ENCODING 7700
SWIDTH 600 0
DWIDTH 10 0
BBX 7 18 2 0
BITMAP
60
30
00
FC
00
00
FE
80
80
80
80
FE
80
80
80
80
80
FE
ENDCHAR
STARTCHAR 1E15
ENCODING 7701
SWIDTH 600 0
DWIDTH 10 0
BBX 8 15 1 0
BITMAP
70
18
00
7E
00
00
7E
42
C3
81
FF
80
C2
63
3E
ENDCHAR
STARTCHAR 1E16
ENCODING 7702
SWIDTH 600 0
DWIDTH 10 0
BBX 7 18 2 0
BITMAP
0C
30
00
FC
00
00
FE
80
80
80
80
FE
80
80
80
80
80
FE
ENDCHAR
STARTCHAR 1E17
ENCODING 7703
SWIDTH 600 0
DWIDTH 10 0
BBX 8 16 1 0
BITMAP
0C
08
18
00
7E
00
00
7E
42
C3
81
FF
80
C2
63
3E
ENDCHAR
STARTCHAR 1E18
ENCODING 7704
SWIDTH 600 0
DWIDTH 10 0
BBX 7 16 2 -4
BITMAP
FE
80
80
80
80
FE
80
80
80
80
80
FE
00
30
68
CC
ENDCHAR
STARTCHAR 1E19
ENCODING 7705
SWIDTH 600 0
DWIDTH 10 0
BBX 8 13 1 -4
BITMAP
7E
42
C3
81
FF
80
C2
63
3E
00
18
3C
66
ENDCHAR
STARTCHAR 1E1A
ENCODING 7706
SWIDTH 600 0
DWIDTH 10 0
BBX 7 15 2 -3
BITMAP
FE
80
80
80
80
FE
80
80
80
80
80
FE
26
7C
40
ENDCHAR
STARTCHAR 1E1B
ENCODING 7707
SWIDTH 600 0
DWIDTH 10 0
BBX 8 12 1 -3
BITMAP
7E
42
C3
81
FF
80
C2
63
3E
12
3E
60
ENDCHAR
STARTCHAR 1E1C
ENCODING 7708
SWIDTH 600 0
DWIDTH 10 0
BBX 7 19 2 -4
BITMAP
4C
38
00
FE
80
80
80
80
FE
80
80
80
80
80
FE
30
18
18
20
ENDCHAR
STARTCHAR 1E1D
ENCODING 7709
SWIDTH 600 0
DWIDTH 10 0
BBX 8 16 1 -4
BITMAP
64
18
00
7E
42
C3
81
FF
80
C2
63
3E
18
0C
0C
10
ENDCHAR
STARTCHAR 1E1E
ENCODING 7710
SWIDTH 600 0
DWIDTH 10 0
BBX 7 16 2 0
BITMAP
10
30
00
00
FE
80
80
80
80
FC
80
80
80
80
80
80
ENDCHAR
STARTCHAR 1E1F
ENCODING 7711
SWIDTH 360 0
DWIDTH 6 0
BBX 6 16 0 0
BITMAP
10
30
00
1C
34
20
20
F8
20
20
20
20
20
20
20
20
ENDCHAR
STARTCHAR 1E20
ENCODING 7712
SWIDTH 780 0
DWIDTH 13 0
BBX 11 15 1 0
BITMAP
1F00
0000
0400
3F80
60C0
40C0
C060
C000
8000
83E0
C060
C040
60C0
3180
1F00
ENDCHAR
STARTCHAR 1E21
ENCODING 7713
SWIDTH 600 0
DWIDTH 10 0
BBX 8 16 1 -4
BITMAP
7E
00
00
7D
43
C3
81
81
81
C3
65
39
01
C3
7E
18
ENDCHAR
STARTCHAR 1E22
ENCODING 7714
SWIDTH 780 0
DWIDTH 13 0
BBX 9 16 2 0
BITMAP
0800
1800
0000
0000
8080
8080
8080
8080
8080
FF80
8080
8080
8080
8080
8080
8080
ENDCHAR
STARTCHAR 1E23
ENCODING 7715
SWIDTH 600 0
DWIDTH 10 0
BBX 8 16 1 0
BITMAP
C0
C0
00
00
C0
C0
C0
FE
C2
C3
C3
C3
C3
C3
C3
C3
ENDCHAR
STARTCHAR 1E24
ENCODING 7716
SWIDTH 780 0
DWIDTH 13 0
BBX 9 15 2 -3
BITMAP
8080
8080
8080
8080
8080
FF80
8080
8080
8080
8080
8080
8080
0000
0800
1800
ENDCHAR
STARTCHAR 1E25
ENCODING 7717
SWIDTH 600 0
DWIDTH 10 0
BBX 8 15 1 -3
BITMAP
C0
C0
C0
FE
C2
C3
C3
C3
C3
C3
C3
C3
00
18
18
ENDCHAR
STARTCHAR 1E26
ENCODING 7718
SWIDTH 780 0
DWIDTH 13 0
BBX 9 16 2 0
BITMAP
2600
3600
0000
0000
8080
8080
8080
8080
8080
FF80
8080
8080
8080
8080
8080
8080
ENDCHAR
STARTCHAR 1E27
ENCODING 7719
SWIDTH 600 0
DWIDTH 10 0
BBX 10 16 -1 0
BITMAP
4800
CC00
0000
0000
3000
3000
3000
3F80
3080
30C0
30C0
30C0
30C0
30C0
30C0
30C0
ENDCHAR
STARTCHAR 1E28
ENCODING 7720
SWIDTH 780 0
DWIDTH 13 0
BBX 9 16 2 -4
BITMAP
8080
8080
8080
8080
8080
FF80
8080
8080
8080
8080
8080
8080
8000
4000
4000
8000
ENDCHAR
STARTCHAR 1E29
ENCODING 7721
SWIDTH 600 0
DWIDTH 10 0
BBX 8 16 1 -4
BITMAP
C0
C0
C0
FE
C2
C3
C3
C3
C3
C3
C3
C3
C0
20
60
80
ENDCHAR
STARTCHAR 1E2A
ENCODING 7722
SWIDTH 780 0
DWIDTH 13 0
BBX 9 15 2 -3
BITMAP
8080
8080
8080
8080
8080
FF80
8080
8080
8080
8080
8080
8080
0000
2600
1C00
ENDCHAR
STARTCHAR 1E2B
ENCODING 7723
SWIDTH 600 0
DWIDTH 10 0
BBX 8 15 1 -3
BITMAP
C0
C0
C0
FE
C2
C3
C3
C3
C3
C3
C3
C3
40
24
3C
ENDCHAR
STARTCHAR 1E2C
ENCODING 7724
SWIDTH 240 0
DWIDTH 4 0
BBX 6 15 0 -3
BITMAP
60
60
60
60
60
60
60
60
60
60
60
60
44
F8
80
ENDCHAR
STARTCHAR 1E2D
ENCODING 7725
SWIDTH 240 0
DWIDTH 4 0
BBX 5 16 0 -3
BITMAP
60
60
00
00
60
60
60
60
60
60
60
60
60
48
F8
80
ENDCHAR
STARTCHAR 1E2E
ENCODING 7726
SWIDTH 240 0
DWIDTH 4 0
BBX 5 18 0 0
BITMAP
18
20
00
98
98
00
60
60
60
60
60
60
60
60
60
60
60
60
ENDCHAR
STARTCHAR 1E2F
ENCODING 7727
SWIDTH 240 0
DWIDTH 4 0
BBX 6 16 -1 0
BITMAP
1C
10
20
48
CC
00
00
30
30
30
30
30
30
30
30
30
ENDCHAR
STARTCHAR 1E30
ENCODING 7728
SWIDTH 660 0
DWIDTH 11 0
BBX 9 16 2 0
BITMAP
0C00
1800
0000
0080
8300
8600
8C00
9800
B000
F000
D000
9800
8C00
8600
8300
8380
ENDCHAR
STARTCHAR 1E31
ENCODING 7729
SWIDTH 540 0
DWIDTH 9 0
BBX 8 16 1 0
BITMAP
70
40
80
00
C0
C0
C1
C6
CC
D8
F0
F0
D8
CC
C6
C3
ENDCHAR
STARTCHAR 1E32
ENCODING 7730
SWIDTH 660 0
DWIDTH 11 0
BBX 9 15 2 -3
BITMAP
8380
8600
8C00
9800
B000
F000
D000
9800
8C00
8600
8300
8380
0000
1000
1800
ENDCHAR
STARTCHAR 1E33
ENCODING 7731
SWIDTH 540 0
DWIDTH 9 0
BBX 8 15 1 -3
BITMAP
C0
C0
C1
C6
CC
D8
F0
F0
D8
CC
C6
C3
00
10
18
ENDCHAR
STARTCHAR 1E34
ENCODING 7732
SWIDTH 660 0
DWIDTH 11 0
BBX 9 15 2 -3
BITMAP
8380
8600
8C00
9800
B000
F000
D000
9800
8C00
8600
8300
8380
0000
0000
7C00
ENDCHAR
STARTCHAR 1E35
ENCODING 7733
SWIDTH 540 0
DWIDTH 9 0
BBX 8 15 1 -3
BITMAP
C0
C0
C1
C6
CC
D8
F0
F0
D8
CC
C6
C3
00
00
7E
ENDCHAR
STARTCHAR 1E36
ENCODING 7734
SWIDTH 600 0
DWIDTH 10 0
BBX 7 15 2 -3
BITMAP
80
80
80
80
80
80
80
80
80
80
80
FE
00
30
30
ENDCHAR
STARTCHAR 1E37
ENCODING 7735
SWIDTH 240 0
DWIDTH 4 0
BBX 2 15 1 -3
BITMAP
C0
C0
C0
C0
C0
C0
C0
C0
C0
C0
C0
C0
00
C0
C0
ENDCHAR
STARTCHAR 1E38
ENCODING 7736
SWIDTH 600 0
DWIDTH 10 0
BBX 10 18 -1 -3
BITMAP
FC00
0000
0000
3000
3000
3000
3000
3000
3000
3000
3000
3000
3000
3000
3FC0
0000
0600
0600
ENDCHAR
STARTCHAR 1E39
ENCODING 7737
SWIDTH 240 0
DWIDTH 4 0
BBX 6 18 -1 -3
BITMAP
FC
00
00
30
30
30
30
30
30
30
30
30
30
30
30
00
30
30
ENDCHAR
STARTCHAR 1E3A
ENCODING 7738
SWIDTH 600 0
DWIDTH 10 0
BBX 7 15 2 -3
BITMAP
80
80
80
80
80
80
80
80
80
80
80
FE
00
00
FC
ENDCHAR
STARTCHAR 1E3B
ENCODING 7739
SWIDTH 240 0
DWIDTH 4 0
BBX 6 15 -1 -3
BITMAP
30
30
30
30
30
30
30
30
30
30
30
30
00
00
FC
ENDCHAR
STARTCHAR 1E3C
ENCODING 7740
SWIDTH 600 0
DWIDTH 10 0
BBX 7 16 2 -4
BITMAP
80
80
80
80
80
80
80
80
80
80
80
FE
00
30
68
4C
ENDCHAR
STARTCHAR 1E3D
ENCODING 7741
SWIDTH 240 0
DWIDTH 4 0
BBX 6 16 -1 -4
BITMAP
30
30
30
30
30
30
30
30
30
30
30
30
00
30
78
CC
ENDCHAR
STARTCHAR 1E3E
ENCODING 7742
SWIDTH 900 0
DWIDTH 15 0
BBX 12 16 2 0
BITMAP
0300
0600
0000
0000
C070
C070
C070
E0F0
A0B0
B1B0
9130
9130
9B30
8A30
8E30
8430
ENDCHAR
STARTCHAR 1E3F
ENCODING 7743
SWIDTH 900 0
DWIDTH 15 0
BBX 12 13 1 0
BITMAP
0180
0300
0000
0000
FDF0
C710
C210
C210
C210
C210
C210
C210
C210
ENDCHAR
STARTCHAR 1E40
ENCODING 7744
SWIDTH 900 0
DWIDTH 15 0
BBX 12 16 2 0
BITMAP
0400
0600
0000
0000
C070
C070
C070
E0F0
A0B0
B1B0
9130
9130
9B30
8A30
8E30
8430
ENDCHAR
STARTCHAR 1E41
ENCODING 7745
SWIDTH 900 0
DWIDTH 15 0
BBX 12 13 1 0
BITMAP
0200
0600
0000
0000
FDF0
C710
C210
C210
C210
C210
C210
C210
C210
ENDCHAR
STARTCHAR 1E42
ENCODING 7746
SWIDTH 900 0
DWIDTH 15 0
BBX 12 15 2 -3
BITMAP
C070
C070
C070
E0F0
A0B0
B1B0
9130
9130
9B30
8A30
8E30
8430
0000
0400
0600
ENDCHAR
STARTCHAR 1E43
ENCODING 7747
SWIDTH 900 0
DWIDTH 15 0
BBX 12 12 1 -3
BITMAP
FDF0
C710
C210
C210
C210
C210
C210
C210
C210
0000
0200
0600
ENDCHAR
STARTCHAR 1E44
ENCODING 7748
SWIDTH 780 0
DWIDTH 13 0
BBX 9 16 2 0
BITMAP
0800
1800
0000
0000
C080
C080
E080
B080
9080
9880
8C80
8480
8680
8380
8180
8080
ENDCHAR
STARTCHAR 1E45
ENCODING 7749
SWIDTH 600 0
DWIDTH 10 0
BBX 8 13 1 0
BITMAP
18
18
00
00
FE
C2
C3
C3
C3
C3
C3
C3
C3
ENDCHAR
STARTCHAR 1E46
ENCODING 7750
SWIDTH 780 0
DWIDTH 13 0
BBX 9 15 2 -3
BITMAP
C080
C080
E080
B080
9080
9880
8C80
8480
8680
8380
8180
8080
0000
0800
1800
ENDCHAR
STARTCHAR 1E47
ENCODING 7751
SWIDTH 600 0
DWIDTH 10 0
BBX 8 12 1 -3
BITMAP
FE
C2
C3
C3
C3
C3
C3
C3
C3
00
18
18
ENDCHAR
STARTCHAR 1E48
ENCODING 7752
SWIDTH 780 0
DWIDTH 13 0
BBX 9 15 2 -3
BITMAP
C080
C080
E080
B080
9080
9880
8C80
8480
8680
8380
8180
8080
0000
0000
3E00
ENDCHAR
STARTCHAR 1E49
ENCODING 7753
SWIDTH 600 0
DWIDTH 10 0
BBX 8 12 1 -3
BITMAP
FE
C2
C3
C3
C3
C3
C3
C3
C3
00
00
7E
ENDCHAR
STARTCHAR 1E4A
ENCODING 7754
SWIDTH 780 0
DWIDTH 13 0
BBX 9 16 2 -4
BITMAP
C080
C080
E080
B080
9080
9880
8C80
8480
8680
8380
8180
8080
0000
1800
1400
2200
ENDCHAR
STARTCHAR 1E4B
ENCODING 7755
SWIDTH 600 0
DWIDTH 10 0
BBX 8 13 1 -4
BITMAP
FE
C2
C3
C3
C3
C3
C3
C3
C3
00
18
3C
66
ENDCHAR
STARTCHAR 1E4C
ENCODING 7756
SWIDTH 780 0
DWIDTH 13 0
BBX 11 18 1 0
BITMAP
0300
0400
0900
1F00
3000
0400
3F80
60C0
4040
C060
C060
8060
8060
C060
C060
60C0
3180
1F00
ENDCHAR
STARTCHAR 1E4D
ENCODING 7757
SWIDTH 600 0
DWIDTH 10 0
BBX 8 16 1 0
BITMAP
0E
08
10
22
7E
40
00
7E
43
C3
81
81
81
C3
62
3C
ENDCHAR
STARTCHAR 1E4E
ENCODING 7758
SWIDTH 780 0
DWIDTH 13 0
BBX 11 17 1 0
BITMAP
1300
1100
0900
1600
0400
3F80
60C0
4040
C060
C060
8060
8060
C060
C060
60C0
3180
1F00
ENDCHAR
STARTCHAR 1E4F
ENCODING 7759
SWIDTH 600 0
DWIDTH 10 0
BBX 8 15 1 0
BITMAP
26
66
02
7E
44
00
7E
43
C3
81
81
81
C3
62
3C
ENDCHAR
STARTCHAR 1E50
ENCODING 7760
SWIDTH 780 0
DWIDTH 13 0
BBX 11 18 1 0
BITMAP
1800
0C00
0000
1F00
0000
0400
3F80
60C0
4040
C060
C060
8060
8060
C060
C060
60C0
3180
1F00
ENDCHAR
STARTCHAR 1E51
ENCODING 7761
SWIDTH 600 0
DWIDTH 10 0
BBX 8 15 1 0
BITMAP
70
18
00
7E
00
00
7E
43
C3
81
81
81
C3
62
3C
ENDCHAR
STARTCHAR 1E52
ENCODING 7762
SWIDTH 780 0
DWIDTH 13 0
BBX 11 18 1 0
BITMAP
0300
0600
0000
1F00
0000
0400
3F80
60C0
4040
C060
C060
8060
8060
C060
C060
60C0
3180
1F00
ENDCHAR
STARTCHAR 1E53
ENCODING 7763
SWIDTH 600 0
DWIDTH 10 0
BBX 8 16 1 0
BITMAP
04
08
18
00
7E
00
00
7E
43
C3
81
81
81
C3
62
3C
ENDCHAR
STARTCHAR 1E54
ENCODING 7764
SWIDTH 660 0
DWIDTH 11 0
BBX 8 16 2 0
BITMAP
0C
18
00
00
FE
82
83
83
83
82
FE
80
80
80
80
80
ENDCHAR
STARTCHAR 1E55
ENCODING 7765
SWIDTH 600 0
DWIDTH 10 0
BBX 8 16 1 -3
BITMAP
06
0C
00
00
FE
E3
C1
C1
C1
C1
C1
E3
DE
C0
C0
C0
ENDCHAR
STARTCHAR 1E56
ENCODING 7766
SWIDTH 660 0
DWIDTH 11 0
BBX 8 16 2 0
BITMAP
10
30
00
00
FE
82
83
83
83
82
FE
80
80
80
80
80
ENDCHAR
STARTCHAR 1E57
ENCODING 7767
SWIDTH 600 0
DWIDTH 10 0
BBX 8 16 1 -3
BITMAP
08
18
00
00
FE
E3
C1
C1
C1
C1
C1
E3
DE
C0
C0
C0
ENDCHAR
STARTCHAR 1E58
ENCODING 7768
SWIDTH 660 0
DWIDTH 11 0
BBX 8 16 2 0
BITMAP
10
30
00
00
FE
82
83
83
83
86
FC
8C
84
86
83
83
ENDCHAR
STARTCHAR 1E59
ENCODING 7769
SWIDTH 360 0
DWIDTH 6 0
BBX 5 13 1 0
BITMAP
20
70
00
00
F8
C0
C0
C0
C0
C0
C0
C0
C0
ENDCHAR
STARTCHAR 1E5A
ENCODING 7770
SWIDTH 660 0
DWIDTH 11 0
BBX 8 15 2 -3
BITMAP
FE
82
83
83
83
86
FC
8C
84
86
83
83
00
10
18
ENDCHAR
STARTCHAR 1E5B
ENCODING 7771
SWIDTH 360 0
DWIDTH 6 0
BBX 5 12 1 -3
BITMAP
F8
C0
C0
C0
C0
C0
C0
C0
C0
00
C0
C0
ENDCHAR
STARTCHAR 1E5C
ENCODING 7772
SWIDTH 660 0
DWIDTH 11 0
BBX 8 18 2 -3
BITMAP
7C
00
00
FE
82
83
83
83
86
FC
8C
84
86
83
83
00
10
18
ENDCHAR
STARTCHAR 1E5D
ENCODING 7773
SWIDTH 360 0
DWIDTH 6 0
BBX 5 15 1 -3
BITMAP
F8
00
00
F8
C0
C0
C0
C0
C0
C0
C0
C0
00
C0
C0
ENDCHAR
STARTCHAR 1E5E
ENCODING 7774
SWIDTH 660 0
DWIDTH 11 0
BBX 8 15 2 -3
BITMAP
FE
82
83
83
83
86
FC
8C
84
86
83
83
00
00
7C
ENDCHAR
STARTCHAR 1E5F
ENCODING 7775
SWIDTH 360 0
DWIDTH 6 0
BBX 7 12 -1 -3
BITMAP
3E
30
30
30
30
30
30
30
30
00
00
FC
ENDCHAR
STARTCHAR 1E60
ENCODING 7776
SWIDTH 660 0
DWIDTH 11 0
BBX 9 16 1 0
BITMAP
0800
1800
0000
0800
7F00
4100
C180
C000
6000
3C00
0700
0180
0180
C180
6300
3E00
ENDCHAR
STARTCHAR 1E61
ENCODING 7777
SWIDTH 540 0
DWIDTH 9 0
BBX 7 13 1 0
BITMAP
10
18
00
00
7C
C6
C0
E0
3C
06
42
C6
7C
ENDCHAR
STARTCHAR 1E62
ENCODING 7778
SWIDTH 660 0
DWIDTH 11 0
BBX 9 16 1 -3
BITMAP
0800
7F00
4100
C180
C000
6000
3C00
0700
0180
0180
C180
6300
3E00
0000
0800
1800
ENDCHAR
STARTCHAR 1E63
ENCODING 7779
SWIDTH 540 0
DWIDTH 9 0
BBX 7 12 1 -3
BITMAP
7C
C6
C0
E0
3C
06
42
C6
7C
00
10
18
ENDCHAR
STARTCHAR 1E64
ENCODING 7780
SWIDTH 660 0
DWIDTH 11 0
BBX 9 17 1 0
BITMAP
1000
3200
0400
0800
0800
7F00
4100
C180
C000
6000
3C00
0700
0180
0180
C180
6300
3E00
ENDCHAR
STARTCHAR 1E65
ENCODING 7781
SWIDTH 540 0
DWIDTH 9 0
BBX 7 15 1 0
BITMAP
18
10
0C
18
10
00
7C
C6
C0
E0
3C
06
42
C6
7C
ENDCHAR
STARTCHAR 1E66
ENCODING 7782
SWIDTH 660 0
DWIDTH 11 0
BBX 9 17 1 0
BITMAP
1800
0800
3600
1800
0800
7F00
4100
C180
C000
6000
3C00
0700
0180
0180
C180
6300
3E00
ENDCHAR
STARTCHAR 1E67
ENCODING 7783
SWIDTH 540 0
DWIDTH 9 0
BBX 7 15 1 0
BITMAP
18
10
64
28
10
00
7C
C6
C0
E0
3C
06
42
C6
7C
ENDCHAR
STARTCHAR 1E68
ENCODING 7784
SWIDTH 660 0
DWIDTH 11 0
BBX 9 19 1 -3
BITMAP
0800
1800
0000
0800
7F00
4100
C180
C000
6000
3C00
0700
0180
0180
C180
6300
3E00
0000
0800
1800
ENDCHAR
STARTCHAR 1E69
ENCODING 7785
SWIDTH 540 0
DWIDTH 9 0
BBX 7 16 1 -3
BITMAP
10
18
00
00
7C
C6
C0
E0
3C
06
42
C6
7C
00
10
18
ENDCHAR
STARTCHAR 1E6A
ENCODING 7786
SWIDTH 660 0
DWIDTH 11 0
BBX 9 16 1 0
BITMAP
0800
1800
0000
0000
FF80
0800
0800
0800
0800
0800
0800
0800
0800
0800
0800
0800
ENDCHAR
STARTCHAR 1E6B
ENCODING 7787
SWIDTH 360 0
DWIDTH 6 0
BBX 5 15 1 0
BITMAP
40
60
00
40
40
40
F0
40
40
40
40
40
40
60
38
ENDCHAR
STARTCHAR 1E6C
ENCODING 7788
SWIDTH 660 0
DWIDTH 11 0
BBX 9 15 1 -3
BITMAP
FF80
0800
0800
0800
0800
0800
0800
0800
0800
0800
0800
0800
0000
0800
1800
ENDCHAR
STARTCHAR 1E6D
ENCODING 7789
SWIDTH 360 0
DWIDTH 6 0
BBX 5 15 1 -3
BITMAP
40
40
40
F0
40
40
40
40
40
40
60
38
00
20
60
ENDCHAR
STARTCHAR 1E6E
ENCODING 7790
SWIDTH 660 0
DWIDTH 11 0
BBX 9 15 1 -3
BITMAP
FF80
0800
0800
0800
0800
0800
0800
0800
0800
0800
0800
0800
0000
0000
3E00
ENDCHAR
STARTCHAR 1E6F
ENCODING 7791
SWIDTH 360 0
DWIDTH 6 0
BBX 5 15 1 -3
BITMAP
40
40
40
F0
40
40
40
40
40
40
60
38
00
00
F8
ENDCHAR
STARTCHAR 1E70
ENCODING 7792
SWIDTH 660 0
DWIDTH 11 0
BBX 9 16 1 -4
BITMAP
FF80
0800
0800
0800
0800
0800
0800
0800
0800
0800
0800
0800
0000
1800
1400
2200
ENDCHAR
STARTCHAR 1E71
ENCODING 7793
SWIDTH 360 0
DWIDTH 6 0
BBX 5 16 1 -4
BITMAP
40
40
40
F0
40
40
40
40
40
40
60
38
00
60
50
88
ENDCHAR
STARTCHAR 1E72
ENCODING 7794
SWIDTH 780 0
DWIDTH 13 0
BBX 9 15 2 -3
BITMAP
8080
8080
8080
8080
8080
8080
8080
8080
8080
C180
E300
3E00
0000
2600
3600
ENDCHAR
STARTCHAR 1E73
ENCODING 7795
SWIDTH 600 0
DWIDTH 10 0
BBX 8 12 1 -3
BITMAP
C3
C3
C3
C3
C3
C3
C3
67
7B
00
24
66
ENDCHAR
STARTCHAR 1E74
ENCODING 7796
SWIDTH 780 0
DWIDTH 13 0
BBX 9 15 2 -3
BITMAP
8080
8080
8080
8080
8080
8080
8080
8080
8080
C180
E300
3E00
1100
3F00
2000
ENDCHAR
STARTCHAR 1E75
ENCODING 7797
SWIDTH 600 0
DWIDTH 10 0
BBX 8 12 1 -3
BITMAP
C3
C3
C3
C3
C3
C3
C3
67
7B
12
3E
60
ENDCHAR
STARTCHAR 1E76
ENCODING 7798
SWIDTH 780 0
DWIDTH 13 0
BBX 9 16 2 -4
BITMAP
8080
8080
8080
8080
8080
8080
8080
8080
8080
C180
E300
3E00
0000
1800
3400
2600
ENDCHAR
STARTCHAR 1E77
ENCODING 7799
SWIDTH 600 0
DWIDTH 10 0
BBX 8 13 1 -4
BITMAP
C3
C3
C3
C3
C3
C3
C3
67
7B
00
18
3C
66
ENDCHAR
STARTCHAR 1E78
ENCODING 7800
SWIDTH 780 0
DWIDTH 13 0
BBX 9 18 2 0
BITMAP
0600
0800
3200
3E00
6000
0000
8080
8080
8080
8080
8080
8080
8080
8080
8080
C180
E300
3E00
ENDCHAR
STARTCHAR 1E79
ENCODING 7801
SWIDTH 600 0
DWIDTH 10 0
BBX 8 16 1 0
BITMAP
0C
08
10
22
7E
40
00
C3
C3
C3
C3
C3
C3
C3
67
7B
ENDCHAR
STARTCHAR 1E7A
ENCODING 7802
SWIDTH 780 0
DWIDTH 13 0
BBX 9 18 2 0
BITMAP
2600
6600
0000
7E00
0000
0000
8080
8080
8080
8080
8080
8080
8080
8080
8080
C180
E300
3E00
ENDCHAR
STARTCHAR 1E7B
ENCODING 7803
SWIDTH 600 0
DWIDTH 10 0
BBX 8 15 1 0
BITMAP
24
66
00
7E
00
00
C3
C3
C3
C3
C3
C3
C3
67
7B
ENDCHAR
STARTCHAR 1E7C
ENCODING 7804
SWIDTH 720 0
DWIDTH 12 0
BBX 11 16 0 0
BITMAP
0880
1F00
1000
8000
4060
6040
60C0
20C0
3080
1180
1180
1900
0B00
0A00
0E00
0600
ENDCHAR
STARTCHAR 1E7D
ENCODING 7805
SWIDTH 540 0
DWIDTH 9 0
BBX 8 13 1 0
BITMAP
22
7C
40
00
83
C2
46
44
64
2C
28
38
18
ENDCHAR
STARTCHAR 1E7E
ENCODING 7806
SWIDTH 720 0
DWIDTH 12 0
BBX 11 15 0 -3
BITMAP
C060
6040
60C0
20C0
3080
1180
1180
1900
0B00
0A00
0E00
0600
0000
0400
0600
ENDCHAR
STARTCHAR 1E7F
ENCODING 7807
SWIDTH 540 0
DWIDTH 9 0
BBX 8 12 1 -3
BITMAP
83
C2
46
44
64
2C
28
38
18
00
10
18
ENDCHAR
STARTCHAR 1E80
ENCODING 7808
SWIDTH 960 0
DWIDTH 16 0
BBX 16 16 0 0
BITMAP
0300
0100
0080
8000
4183
4182
63C2
63C6
2244
2244
366C
162C
1428
1428
1C38
0818
ENDCHAR
STARTCHAR 1E81
ENCODING 7809
SWIDTH 840 0
DWIDTH 14 0
BBX 12 13 1 0
BITMAP
1C00
0400
0200
0000
8610
C630
CE20
4B20
4960
6940
39C0
30C0
30C0
ENDCHAR
STARTCHAR 1E82
ENCODING 7810
SWIDTH 960 0
DWIDTH 16 0
BBX 16 16 0 0
BITMAP
00E0
0080
0100
8000
4183
4182
63C2
63C6
2244
2244
366C
162C
1428
1428
1C38
0818
ENDCHAR
STARTCHAR 1E83
ENCODING 7811
SWIDTH 840 0
DWIDTH 14 0
BBX 12 13 1 0
BITMAP
0300
0200
0400
0000
8610
C630
CE20
4B20
4960
6940
39C0
30C0
30C0
ENDCHAR
STARTCHAR 1E84
ENCODING 7812
SWIDTH 960 0
DWIDTH 16 0
BBX 16 16 0 0
BITMAP
0240
0660
0000
8000
4183
4182
63C2
63C6
2244
2244
366C
162C
1428
1428
1C38
0818
ENDCHAR
STARTCHAR 1E85
ENCODING 7813
SWIDTH 840 0
DWIDTH 14 0
BBX 12 13 1 0
BITMAP
0900
1980
0000
0000
8610
C630
CE20
4B20
4960
6940
39C0
30C0
30C0
ENDCHAR
STARTCHAR 1E86
ENCODING 7814
SWIDTH 960 0
DWIDTH 16 0
BBX 16 16 0 0
BITMAP
0180
0180
0000
8000
4183
4182
63C2
63C6
2244
2244
366C
162C
1428
1428
1C38
0818
ENDCHAR
STARTCHAR 1E87
ENCODING 7815
SWIDTH 840 0
DWIDTH 14 0
BBX 12 13 1 0
BITMAP
0600
0600
0000
0000
8610
C630
CE20
4B20
4960
6940
39C0
30C0
30C0
ENDCHAR
STARTCHAR 1E88
ENCODING 7816
SWIDTH 960 0
DWIDTH 16 0
BBX 16 15 0 -3
BITMAP
C183
4182
63C2
63C6
2244
2244
366C
162C
1428
1428
1C38
0818
0000
0180
0180
ENDCHAR
STARTCHAR 1E89
ENCODING 7817
SWIDTH 840 0
DWIDTH 14 0
BBX 12 12 1 -3
BITMAP
8610
C630
CE20
4B20
4960
6940
39C0
30C0
30C0
0000
0600
0600
ENDCHAR
STARTCHAR 1E8A
ENCODING 7818
SWIDTH 660 0
DWIDTH 11 0
BBX 10 16 0 0
BITMAP
0400
0C00
0000
8000
60C0
2080
3180
1B00
0A00
0E00
0E00
1B00
1300
3180
60C0
E0C0
ENDCHAR
STARTCHAR 1E8B
ENCODING 7819
SWIDTH 540 0
DWIDTH 9 0
BBX 7 13 1 0
BITMAP
10
18
00
00
C6
44
6C
38
18
38
6C
44
C2
ENDCHAR
STARTCHAR 1E8C
ENCODING 7820
SWIDTH 660 0
DWIDTH 11 0
BBX 10 16 0 0
BITMAP
1100
1B00
0000
8000
60C0
2080
3180
1B00
0A00
0E00
0E00
1B00
1300
3180
60C0
E0C0
ENDCHAR
STARTCHAR 1E8D
ENCODING 7821
SWIDTH 540 0
DWIDTH 9 0
BBX 7 13 1 0
BITMAP
64
6C
00
00
C6
44
6C
38
18
38
6C
44
C2
ENDCHAR
STARTCHAR 1E8E
ENCODING 7822
SWIDTH 660 0
DWIDTH 11 0
BBX 11 16 0 0
BITMAP
0400
0600
0000
8020
6040
20C0
3180
1100
1B00
0E00
0600
0400
0400
0400
0400
0400
ENDCHAR
STARTCHAR 1E8F
ENCODING 7823
SWIDTH 540 0
DWIDTH 9 0
BBX 8 16 1 -3
BITMAP
10
18
00
00
83
C2
46
46
64
2C
28
38
18
10
30
E0
ENDCHAR
STARTCHAR 1E90
ENCODING 7824
SWIDTH 660 0
DWIDTH 11 0
BBX 9 16 1 0
BITMAP
1800
1400
2600
0000
FF80
0300
0200
0600
0C00
0800
1800
3000
2000
6000
C000
FF80
ENDCHAR
STARTCHAR 1E91
ENCODING 7825
SWIDTH 540 0
DWIDTH 9 0
BBX 7 13 1 0
BITMAP
18
28
44
00
FE
06
0C
18
10
30
60
C0
FE
ENDCHAR
STARTCHAR 1E92
ENCODING 7826
SWIDTH 660 0
DWIDTH 11 0
BBX 9 15 1 -3
BITMAP
FF80
0300
0200
0600
0C00
0800
1800
3000
2000
6000
C000
FF80
0000
0800
1800
ENDCHAR
STARTCHAR 1E93
ENCODING 7827
SWIDTH 540 0
DWIDTH 9 0
BBX 7 12 1 -3
BITMAP
FE
06
0C
18
10
30
60
C0
FE
00
10
18
ENDCHAR
STARTCHAR 1E94
ENCODING 7828
SWIDTH 660 0
DWIDTH 11 0
BBX 9 15 1 -3
BITMAP
FF80
0300
0200
0600
0C00
0800
1800
3000
2000
6000
C000
FF80
0000
0000
7E00
ENDCHAR
STARTCHAR 1E95
ENCODING 7829
SWIDTH 540 0
DWIDTH 9 0
BBX 7 12 1 -3
BITMAP
FE
06
0C
18
10
30
60
C0
FE
00
00
7C
ENDCHAR
STARTCHAR 1E96
ENCODING 7830
SWIDTH 600 0
DWIDTH 10 0
BBX 8 15 1 -3
BITMAP
C0
C0
C0
FE
C2
C3
C3
C3
C3
C3
C3
C3
00
00
7E
ENDCHAR
STARTCHAR 1E97
ENCODING 7831
SWIDTH 360 0
DWIDTH 6 0
BBX 6 15 0 0
BITMAP
C8
D8
00
20
20
20
78
20
20
20
20
20
20
30
1C
ENDCHAR
STARTCHAR 1E98
ENCODING 7832
SWIDTH 840 0
DWIDTH 14 0
BBX 12 14 1 0
BITMAP
0F00
0900
0900
0600
0000
8610
C630
CE20
4B20
4960
6940
39C0
30C0
30C0
ENDCHAR
STARTCHAR 1E99
ENCODING 7833
SWIDTH 540 0
DWIDTH 9 0
BBX 8 17 1 -3
BITMAP
3C
24
2C
18
00
83
C2
46
46
64
2C
28
38
18
10
30
E0
ENDCHAR
STARTCHAR 1E9A
ENCODING 7834
SWIDTH 600 0
DWIDTH 10 0
BBX 7 14 1 0
BITMAP
10
08
08
10
00
7C
C6
02
06
7E
C2
82
C6
7A
ENDCHAR
STARTCHAR 1E9B
ENCODING 7835
SWIDTH 360 0
DWIDTH 6 0
BBX 4 16 2 0
BITMAP
40
C0
00
70
D0
80
80
80
80
80
80
80
80
80
80
80
ENDCHAR
STARTCHAR 1E9C
ENCODING 7836
SWIDTH 360 0
DWIDTH 6 0
BBX 5 13 0 0
BITMAP
18
38
20
20
38
F0
A0
20
20
20
20
20
20
ENDCHAR
STARTCHAR 1E9D
ENCODING 7837
SWIDTH 360 0
DWIDTH 6 0
BBX 6 13 0 0
BITMAP
1C
34
20
F8
20
20
20
20
20
20
20
20
20
ENDCHAR
STARTCHAR 1E9E
ENCODING 7838
SWIDTH 720 0
DWIDTH 12 0
BBX 9 13 2 0
BITMAP
1000
7C00
C700
8600
8C00
9800
9E00
8300
8180
8180
8180
A300
BE00
ENDCHAR
STARTCHAR 1E9F
ENCODING 7839
SWIDTH 540 0
DWIDTH 9 0
BBX 8 13 0 0
BITMAP
3E
76
60
30
1C
3E
43
C3
C1
C1
43
63
3E
ENDCHAR
STARTCHAR 1EA0
ENCODING 7840
SWIDTH 720 0
DWIDTH 12 0
BBX 11 15 0 -3
BITMAP
0600
0E00
0B00
0B00
1900
1180
3080
3F80
3FC0
6040
6060
C060
0000
0400
0600
ENDCHAR
STARTCHAR 1EA1
ENCODING 7841
SWIDTH 600 0
DWIDTH 10 0
BBX 7 12 1 -3
BITMAP
7C
C6
02
06
7E
C2
82
C6
7A
00
18
18
ENDCHAR
STARTCHAR 1EA2
ENCODING 7842
SWIDTH 720 0
DWIDTH 12 0
BBX 11 17 0 0
BITMAP
0600
0300
0600
0400
0000
0600
0E00
0B00
0B00
1900
1180
3080
3F80
3FC0
6040
6060
C060
ENDCHAR
STARTCHAR 1EA3
ENCODING 7843
SWIDTH 600 0
DWIDTH 10 0
BBX 7 14 1 0
BITMAP
18
0C
1C
18
00
7C
C6
02
06
7E
C2
82
C6
7A
ENDCHAR
STARTCHAR 1EA4
ENCODING 7844
SWIDTH 720 0
DWIDTH 12 0
BBX 11 17 0 0
BITMAP
0060
06C0
0F00
1180
0000
0600
0E00
0B00
0B00
1900
1180
3080
3F80
3FC0
6040
6060
C060
ENDCHAR
STARTCHAR 1EA5
ENCODING 7845
SWIDTH 600 0
DWIDTH 10 0
BBX 9 14 1 0
BITMAP
0180
1900
3E00
6600
0000
7C00
C600
0200
0600
7E00
C200
8200
C600
7A00
ENDCHAR
STARTCHAR 1EA6
ENCODING 7846
SWIDTH 720 0
DWIDTH 12 0
BBX 11 17 0 0
BITMAP
C000
6000
0E00
1980
0000
0600
0E00
0B00
0B00
1900
1180
3080
3F80
3FC0
6040
6060
C060
ENDCHAR
STARTCHAR 1EA7
ENCODING 7847
SWIDTH 600 0
DWIDTH 10 0
BBX 8 14 0 0
BITMAP
C0
40
1E
33
00
3E
63
01
03
3F
61
41
63
3D
ENDCHAR
STARTCHAR 1EA8
ENCODING 7848
SWIDTH 720 0
DWIDTH 12 0
BBX 11 18 0 0
BITMAP
0080
0040
06C0
0B00
1180
0000
0600
0E00
0B00
0B00
1900
1180
3080
3F80
3FC0
6040
6060
C060
ENDCHAR
STARTCHAR 1EA9
ENCODING 7849
SWIDTH 600 0
DWIDTH 10 0
BBX 8 15 1 0
BITMAP
02
01
1B
2C
46
00
7C
C6
02
06
7E
C2
82
C6
7A
ENDCHAR
STARTCHAR 1EAA
ENCODING 7850
SWIDTH 720 0
DWIDTH 12 0
BBX 11 18 0 0
BITMAP
0900
1700
0000
0E00
1180
0000
0600
0E00
0B00
0B00
1900
1180
3080
3F80
3FC0
6040
6060
C060
ENDCHAR
STARTCHAR 1EAB
ENCODING 7851
SWIDTH 600 0
DWIDTH 10 0
BBX 7 15 1 0
BITMAP
14
2C
00
3C
46
00
7C
C6
02
06
7E
C2
82
C6
7A
ENDCHAR
STARTCHAR 1EAC
ENCODING 7852
SWIDTH 720 0
DWIDTH 12 0
BBX 11 19 0 -3
BITMAP
0600
0B00
1900
0000
0600
0E00
0B00
0B00
1900
1180
3080
3F80
3FC0
6040
6060
C060
0000
0400
0600
ENDCHAR
STARTCHAR 1EAD
ENCODING 7853
SWIDTH 600 0
DWIDTH 10 0
BBX 7 16 1 -3
BITMAP
18
3C
66
00
7C
C6
02
06
7E
C2
82
C6
7A
00
18
18
ENDCHAR
STARTCHAR 1EAE
ENCODING 7854
SWIDTH 720 0
DWIDTH 12 0
BBX 11 17 0 0
BITMAP
0200
0400
1900
0600
0000
0600
0E00
0B00
0B00
1900
1180
3080
3F80
3FC0
6040
6060
C060
ENDCHAR
STARTCHAR 1EAF
ENCODING 7855
SWIDTH 600 0
DWIDTH 10 0
BBX 7 14 1 0
BITMAP
0C
18
64
18
00
7C
C6
02
06
7E
C2
82
C6
7A
ENDCHAR
STARTCHAR 1EB0
ENCODING 7856
SWIDTH 720 0
DWIDTH 12 0
BBX 11 17 0 0
BITMAP
0C00
0400
1900
0600
0000
0600
0E00
0B00
0B00
1900
1180
3080
3F80
3FC0
6040
6060
C060
ENDCHAR
STARTCHAR 1EB1
ENCODING 7857
SWIDTH 600 0
DWIDTH 10 0
BBX 7 14 1 0
BITMAP
30
18
64
18
00
7C
C6
02
06
7E
C2
82
C6
7A
ENDCHAR
STARTCHAR 1EB2
ENCODING 7858
SWIDTH 720 0
DWIDTH 12 0
BBX 11 18 0 0
BITMAP
0600
0300
0400
1900
0600
0000
0600
0E00
0B00
0B00
1900
1180
3080
3F80
3FC0
6040
6060
C060
ENDCHAR
STARTCHAR 1EB3
ENCODING 7859
SWIDTH 600 0
DWIDTH 10 0
BBX 7 15 1 0
BITMAP
18
0C
18
64
18
00
7C
C6
02
06
7E
C2
82
C6
7A
ENDCHAR
STARTCHAR 1EB4
ENCODING 7860
SWIDTH 720 0
DWIDTH 12 0
BBX 11 18 0 0
BITMAP
0100
1F00
0000
1900
0E00
0000
0600
0E00
0B00
0B00
1900
1180
3080
3F80
3FC0
6040
6060
C060
ENDCHAR
STARTCHAR 1EB5
ENCODING 7861
SWIDTH 600 0
DWIDTH 10 0
BBX 7 15 1 0
BITMAP
04
3C
00
64
18
00
7C
C6
02
06
7E
C2
82
C6
7A
ENDCHAR
STARTCHAR 1EB6
ENCODING 7862
SWIDTH 720 0
DWIDTH 12 0
BBX 11 18 0 -3
BITMAP
1900
0E00
0000
0600
0E00
0B00
0B00
1900
1180
3080
3F80
3FC0
6040
6060
C060
0000
0400
0600
ENDCHAR
STARTCHAR 1EB7
ENCODING 7863
SWIDTH 600 0
DWIDTH 10 0
BBX 7 15 1 -3
BITMAP
64
38
00
7C
C6
02
06
7E
C2
82
C6
7A
00
18
18
ENDCHAR
STARTCHAR 1EB8
ENCODING 7864
SWIDTH 600 0
DWIDTH 10 0
BBX 7 15 2 -3
BITMAP
FE
80
80
80
80
FE
80
80
80
80
80
FE
00
30
30
ENDCHAR
STARTCHAR 1EB9
ENCODING 7865
SWIDTH 600 0
DWIDTH 10 0
BBX 8 12 1 -3
BITMAP
7E
42
C3
81
FF
80
C2
63
3E
00
18
18
ENDCHAR
STARTCHAR 1EBA
ENCODING 7866
SWIDTH 600 0
DWIDTH 10 0
BBX 7 17 2 0
BITMAP
10
08
18
10
00
FE
80
80
80
80
FE
80
80
80
80
80
FE
ENDCHAR
STARTCHAR 1EBB
ENCODING 7867
SWIDTH 600 0
DWIDTH 10 0
BBX 8 14 1 0
BITMAP
18
0C
1C
18
00
7E
42
C3
81
FF
80
C2
63
3E
ENDCHAR
STARTCHAR 1EBC
ENCODING 7868
SWIDTH 600 0
DWIDTH 10 0
BBX 7 16 2 0
BITMAP
24
FC
80
00
FE
80
80
80
80
FE
80
80
80
80
80
FE
ENDCHAR
STARTCHAR 1EBD
ENCODING 7869
SWIDTH 600 0
DWIDTH 10 0
BBX 8 13 1 0
BITMAP
22
7E
40
00
7E
42
C3
81
FF
80
C2
63
3E
ENDCHAR
STARTCHAR 1EBE
ENCODING 7870
SWIDTH 600 0
DWIDTH 10 0
BBX 9 17 2 0
BITMAP
0180
3200
7800
C400
0000
FE00
8000
8000
8000
8000
FE00
8000
8000
8000
8000
8000
FE00
ENDCHAR
STARTCHAR 1EBF
ENCODING 7871
SWIDTH 600 0
DWIDTH 10 0
BBX 9 14 1 0
BITMAP
0180
1900
3E00
6600
0000
7E00
4200
C300
8100
FF00
8000
C200
6300
3E00
ENDCHAR
STARTCHAR 1EC0
ENCODING 7872
SWIDTH 600 0
DWIDTH 10 0
BBX 9 17 0 0
BITMAP
C000
4000
2E00
3300
0000
7F80
6000
6000
6000
6000
7F80
6000
6000
6000
6000
6000
7F80
ENDCHAR
STARTCHAR 1EC1
ENCODING 7873
SWIDTH 600 0
DWIDTH 10 0
BBX 9 14 0 0
BITMAP
C000
4000
3E00
3300
0000
3F00
2100
6180
4080
7F80
4000
6100
3180
1F00
ENDCHAR
STARTCHAR 1EC2
ENCODING 7874
SWIDTH 600 0
DWIDTH 10 0
BBX 8 18 2 0
BITMAP
04
03
32
68
C4
00
FE
80
80
80
80
FE
80
80
80
80
80
FE
ENDCHAR
STARTCHAR 1EC3
ENCODING 7875
SWIDTH 600 0
DWIDTH 10 0
BBX 8 15 1 0
BITMAP
02
01
1B
2C
46
00
7E
42
C3
81
FF
80
C2
63
3E
ENDCHAR
STARTCHAR 1EC4
ENCODING 7876
SWIDTH 600 0
DWIDTH 10 0
BBX 7 18 2 0
BITMAP
28
58
00
78
C4
00
FE
80
80
80
80
FE
80
80
80
80
80
FE
ENDCHAR
STARTCHAR 1EC5
ENCODING 7877
SWIDTH 600 0
DWIDTH 10 0
BBX 8 15 1 0
BITMAP
14
2C
00
3C
46
00
7E
42
C3
81
FF
80
C2
63
3E
ENDCHAR
STARTCHAR 1EC6
ENCODING 7878
SWIDTH 600 0
DWIDTH 10 0
BBX 7 19 2 -3
BITMAP
30
68
4C
00
FE
80
80
80
80
FE
80
80
80
80
80
FE
00
30
30
ENDCHAR
STARTCHAR 1EC7
ENCODING 7879
SWIDTH 600 0
DWIDTH 10 0
BBX 8 16 1 -3
BITMAP
18
3C
66
00
7E
42
C3
81
FF
80
C2
63
3E
00
18
18
ENDCHAR
STARTCHAR 1EC8
ENCODING 7880
SWIDTH 240 0
DWIDTH 4 0
BBX 2 17 2 0
BITMAP
80
40
C0
80
00
80
80
80
80
80
80
80
80
80
80
80
80
ENDCHAR
STARTCHAR 1EC9
ENCODING 7881
SWIDTH 240 0
DWIDTH 4 0
BBX 3 14 1 0
BITMAP
C0
20
E0
C0
00
C0
C0
C0
C0
C0
C0
C0
C0
C0
ENDCHAR
STARTCHAR 1ECA
ENCODING 7882
SWIDTH 240 0
DWIDTH 4 0
BBX 2 15 1 -3
BITMAP
C0
C0
C0
C0
C0
C0
C0
C0
C0
C0
C0
C0
00
40
C0
ENDCHAR
STARTCHAR 1ECB
ENCODING 7883
SWIDTH 240 0
DWIDTH 4 0
BBX 2 16 1 -3
BITMAP
C0
C0
00
00
C0
C0
C0
C0
C0
C0
C0
C0
C0
00
C0
C0
ENDCHAR
STARTCHAR 1ECC
ENCODING 7884
SWIDTH 780 0
DWIDTH 13 0
BBX 11 16 1 -3
BITMAP
0400
3F80
60C0
4040
C060
C060
8060
8060
C060
C060
60C0
3180
1F00
0000
0400
0E00
ENDCHAR
STARTCHAR 1ECD
ENCODING 7885
SWIDTH 600 0
DWIDTH 10 0
BBX 8 12 1 -3
BITMAP
7E
43
C3
81
81
81
C3
62
3C
00
18
18
ENDCHAR
STARTCHAR 1ECE
ENCODING 7886
SWIDTH 780 0
DWIDTH 13 0
BBX 11 17 1 0
BITMAP
0400
0200
0600
0400
0400
3F80
60C0
4040
C060
C060
8060
8060
C060
C060
60C0
3180
1F00
ENDCHAR
STARTCHAR 1ECF
ENCODING 7887
SWIDTH 600 0
DWIDTH 10 0
BBX 8 14 1 0
BITMAP
18
04
0C
08
00
7E
43
C3
81
81
81
C3
62
3C
ENDCHAR
STARTCHAR 1ED0
ENCODING 7888
SWIDTH 780 0
DWIDTH 13 0
BBX 11 17 1 0
BITMAP
0060
04C0
0A00
3180
0400
3F80
60C0
4040
C060
C060
8060
8060
C060
C060
60C0
3180
1F00
ENDCHAR
STARTCHAR 1ED1
ENCODING 7889
SWIDTH 600 0
DWIDTH 10 0
BBX 10 14 1 0
BITMAP
01C0
1900
3C00
6600
0000
7E00
4300
C300
8100
8100
8100
C300
6200
3C00
ENDCHAR
STARTCHAR 1ED2
ENCODING 7890
SWIDTH 780 0
DWIDTH 13 0
BBX 11 17 1 0
BITMAP
C000
6000
0E00
3180
0400
3F80
60C0
4040
C060
C060
8060
8060
C060
C060
60C0
3180
1F00
ENDCHAR
STARTCHAR 1ED3
ENCODING 7891
SWIDTH 600 0
DWIDTH 10 0
BBX 9 14 0 0
BITMAP
C000
4000
3E00
3300
0000
3F00
2180
6180
4080
4080
4080
6180
3100
1E00
ENDCHAR
STARTCHAR 1ED4
ENCODING 7892
SWIDTH 780 0
DWIDTH 13 0
BBX 11 18 1 0
BITMAP
0180
0040
04C0
1A00
3180
0400
3F80
60C0
4040
C060
C060
8060
8060
C060
C060
60C0
3180
1F00
ENDCHAR
STARTCHAR 1ED5
ENCODING 7893
SWIDTH 600 0
DWIDTH 10 0
BBX 9 15 1 0
BITMAP
0200
0180
1B00
3400
6200
0000
7E00
4300
C300
8100
8100
8100
C300
6200
3C00
ENDCHAR
STARTCHAR 1ED6
ENCODING 7894
SWIDTH 780 0
DWIDTH 13 0
BBX 11 18 1 0
BITMAP
0900
1600
0400
0A00
3180
0400
3F80
60C0
4040
C060
C060
8060
8060
C060
C060
60C0
3180
1F00
ENDCHAR
STARTCHAR 1ED7
ENCODING 7895
SWIDTH 600 0
DWIDTH 10 0
BBX 8 15 1 0
BITMAP
14
2C
00
3C
62
00
7E
43
C3
81
81
81
C3
62
3C
ENDCHAR
STARTCHAR 1ED8
ENCODING 7896
SWIDTH 780 0
DWIDTH 13 0
BBX 11 19 1 -3
BITMAP
0E00
0A00
1100
0400
3F80
60C0
4040
C060
C060
8060
8060
C060
C060
60C0
3180
1F00
0000
0400
0E00
ENDCHAR
STARTCHAR 1ED9
ENCODING 7897
SWIDTH 600 0
DWIDTH 10 0
BBX 8 16 1 -3
BITMAP
18
3C
66
00
7E
43
C3
81
81
81
C3
62
3C
00
18
18
ENDCHAR
STARTCHAR 1EDA
ENCODING 7898
SWIDTH 780 0
DWIDTH 13 0
BBX 12 16 1 0
BITMAP
0300
0600
0000
0430
3FB0
60E0
4040
C060
C060
8060
8060
C060
C060
60C0
3180
1F00
ENDCHAR
STARTCHAR 1EDB
ENCODING 7899
SWIDTH 600 0
DWIDTH 10 0
BBX 9 13 1 0
BITMAP
0E00
0800
1000
0080
7E80
4300
C300
8100
8100
8100
C300
6200
3C00
ENDCHAR
STARTCHAR 1EDC
ENCODING 7900
SWIDTH 780 0
DWIDTH 13 0
BBX 12 16 1 0
BITMAP
1800
0C00
0000
0430
3FB0
60E0
4040
C060
C060
8060
8060
C060
C060
60C0
3180
1F00
ENDCHAR
STARTCHAR 1EDD
ENCODING 7901
SWIDTH 600 0
DWIDTH 10 0
BBX 9 13 1 0
BITMAP
3000
1000
0800
0080
7E80
4300
C300
8100
8100
8100
C300
6200
3C00
ENDCHAR
STARTCHAR 1EDE
ENCODING 7902
SWIDTH 780 0
DWIDTH 13 0
BBX 12 17 1 0
BITMAP
0400
0200
0600
0400
0430
3FB0
60E0
4040
C060
C060
8060
8060
C060
C060
60C0
3180
1F00
ENDCHAR
STARTCHAR 1EDF
ENCODING 7903
SWIDTH 600 0
DWIDTH 10 0
BBX 9 14 1 0
BITMAP
1800
0400
0C00
0800
0080
7E80
4300
C300
8100
8100
8100
C300
6200
3C00
ENDCHAR
STARTCHAR 1EE0
ENCODING 7904
SWIDTH 780 0
DWIDTH 13 0
BBX 12 16 1 0
BITMAP
0900
1F00
3000
0430
3FB0
60E0
4040
C060
C060
8060
8060
C060
C060
60C0
3180
1F00
ENDCHAR
STARTCHAR 1EE1
ENCODING 7905
SWIDTH 600 0
DWIDTH 10 0
BBX 9 13 1 0
BITMAP
2200
7E00
4000
0080
7E80
4300
C300
8100
8100
8100
C300
6200
3C00
ENDCHAR
STARTCHAR 1EE2
ENCODING 7906
SWIDTH 780 0
DWIDTH 13 0
BBX 12 16 1 -3
BITMAP
0430
3FB0
60E0
4040
C060
C060
8060
8060
C060
C060
60C0
3180
1F00
0000
0400
0E00
ENDCHAR
STARTCHAR 1EE3
ENCODING 7907
SWIDTH 600 0
DWIDTH 10 0
BBX 9 13 1 -3
BITMAP
0080
7E80
4300
C300
8100
8100
8100
C300
6200
3C00
0000
1800
1800
ENDCHAR
STARTCHAR 1EE4
ENCODING 7908
SWIDTH 780 0
DWIDTH 13 0
BBX 9 15 2 -3
BITMAP
8080
8080
8080
8080
8080
8080
8080
8080
8080
C180
E300
3E00
0000
0800
1800
ENDCHAR
STARTCHAR 1EE5
ENCODING 7909
SWIDTH 600 0
DWIDTH 10 0
BBX 8 12 1 -3
BITMAP
C3
C3
C3
C3
C3
C3
C3
67
7B
00
18
18
ENDCHAR
STARTCHAR 1EE6
ENCODING 7910
SWIDTH 780 0
DWIDTH 13 0
BBX 9 17 2 0
BITMAP
0800
0400
0C00
0800
0000
8080
8080
8080
8080
8080
8080
8080
8080
8080
C180
E300
3E00
ENDCHAR
STARTCHAR 1EE7
ENCODING 7911
SWIDTH 600 0
DWIDTH 10 0
BBX 8 14 1 0
BITMAP
18
0C
1C
18
00
C3
C3
C3
C3
C3
C3
C3
67
7B
ENDCHAR
STARTCHAR 1EE8
ENCODING 7912
SWIDTH 900 0
DWIDTH 15 0
BBX 12 16 2 0
BITMAP
0600
0C00
0000
0030
80B0
80E0
8080
8080
8080
8080
8080
8080
8080
C180
E300
3E00
ENDCHAR
STARTCHAR 1EE9
ENCODING 7913
SWIDTH 660 0
DWIDTH 11 0
BBX 10 13 1 0
BITMAP
0C00
0800
1000
0040
C340
C380
C300
C300
C300
C300
C300
6700
7B00
ENDCHAR
STARTCHAR 1EEA
ENCODING 7914
SWIDTH 900 0
DWIDTH 15 0
BBX 12 16 2 0
BITMAP
3000
1000
0800
0030
80B0
80E0
8080
8080
8080
8080
8080
8080
8080
C180
E300
3E00
ENDCHAR
STARTCHAR 1EEB
ENCODING 7915
SWIDTH 660 0
DWIDTH 11 0
BBX 10 13 1 0
BITMAP
7000
1000
0800
0040
C340
C380
C300
C300
C300
C300
C300
6700
7B00
ENDCHAR
STARTCHAR 1EEC
ENCODING 7916
SWIDTH 900 0
DWIDTH 15 0
BBX 12 17 2 0
BITMAP
0800
0400
0C00
0800
0030
80B0
80E0
8080
8080
8080
8080
8080
8080
8080
C180
E300
3E00
ENDCHAR
STARTCHAR 1EED
ENCODING 7917
SWIDTH 660 0
DWIDTH 11 0
BBX 10 14 1 0
BITMAP
1800
0C00
1C00
1800
0040
C340
C380
C300
C300
C300
C300
C300
6700
7B00
ENDCHAR
STARTCHAR 1EEE
ENCODING 7918
SWIDTH 900 0
DWIDTH 15 0
BBX 12 16 2 0
BITMAP
1200
3E00
4000
0030
80B0
80E0
8080
8080
8080
8080
8080
8080
8080
C180
E300
3E00
ENDCHAR
STARTCHAR 1EEF
ENCODING 7919
SWIDTH 660 0
DWIDTH 11 0
BBX 10 13 1 0
BITMAP
2200
7E00
4000
0040
C340
C380
C300
C300
C300
C300
C300
6700
7B00
ENDCHAR
STARTCHAR 1EF0
ENCODING 7920
SWIDTH 900 0
DWIDTH 15 0
BBX 12 16 2 -3
BITMAP
0030
80B0
80E0
8080
8080
8080
8080
8080
8080
8080
C180
E300
3E00
0000
0800
1800
ENDCHAR
STARTCHAR 1EF1
ENCODING 7921
SWIDTH 660 0
DWIDTH 11 0
BBX 10 13 1 -3
BITMAP
0040
C340
C380
C300
C300
C300
C300
C300
6700
7B00
0000
1800
1800
ENDCHAR
STARTCHAR 1EF2
ENCODING 7922
SWIDTH 660 0
DWIDTH 11 0
BBX 11 16 0 0
BITMAP
1800
0C00
0000
8020
6040
20C0
3180
1100
1B00
0E00
0600
0400
0400
0400
0400
0400
ENDCHAR
STARTCHAR 1EF3
ENCODING 7923
SWIDTH 540 0
DWIDTH 9 0
BBX 8 16 1 -3
BITMAP
60
30
00
00
83
C2
46
46
64
2C
28
38
18
10
30
E0
ENDCHAR
STARTCHAR 1EF4
ENCODING 7924
SWIDTH 660 0
DWIDTH 11 0
BBX 11 15 0 -3
BITMAP
E060
20C0
3180
1100
1B00
0E00
0600
0400
0400
0400
0400
0400
0000
0400
0600
ENDCHAR
STARTCHAR 1EF5
ENCODING 7925
SWIDTH 540 0
DWIDTH 9 0
BBX 8 12 1 -3
BITMAP
83
C2
46
46
64
2C
28
38
18
10
36
E6
ENDCHAR
STARTCHAR 1EF6
ENCODING 7926
SWIDTH 660 0
DWIDTH 11 0
BBX 11 17 0 0
BITMAP
0600
0300
0600
0400
8020
6040
20C0
3180
1100
1B00
0E00
0600
0400
0400
0400
0400
0400
ENDCHAR
STARTCHAR 1EF7
ENCODING 7927
SWIDTH 540 0
DWIDTH 9 0
BBX 8 17 1 -3
BITMAP
18
0C
18
10
00
83
C2
46
46
64
2C
28
38
18
10
30
E0
ENDCHAR
STARTCHAR 1EF8
ENCODING 7928
SWIDTH 660 0
DWIDTH 11 0
BBX 11 16 0 0
BITMAP
0880
1F00
1000
8020
6040
20C0
3180
1100
1B00
0E00
0600
0400
0400
0400
0400
0400
ENDCHAR
STARTCHAR 1EF9
ENCODING 7929
SWIDTH 540 0
DWIDTH 9 0
BBX 8 16 1 -3
BITMAP
22
7C
40
00
83
C2
46
46
64
2C
28
38
18
10
30
E0
ENDCHAR
STARTCHAR 1EFA
ENCODING 7930
SWIDTH 780 0
DWIDTH 13 0
BBX 10 12 2 0
BITMAP
9000
9000
9000
9000
9000
9000
9000
9000
9000
9000
9000
FFC0
ENDCHAR
STARTCHAR 1EFB
ENCODING 7931
SWIDTH 540 0
DWIDTH 9 0
BBX 8 12 1 0
BITMAP
6C
FF
6C
6C
6C
6C
6C
6C
6C
6C
6C
6C
ENDCHAR
STARTCHAR 1EFC
ENCODING 7932
SWIDTH 540 0
DWIDTH 9 0
BBX 7 12 1 0
BITMAP
18
70
60
C0
C8
8E
86
82
82
C2
66
3C
ENDCHAR
STARTCHAR 1EFD
ENCODING 7933
SWIDTH 540 0
DWIDTH 9 0
BBX 7 13 1 0
BITMAP
08
38
20
60
C0
C8
CE
86
82
82
C2
66
3C
ENDCHAR
STARTCHAR 1EFE
ENCODING 7934
SWIDTH 720 0
DWIDTH 12 0
BBX 10 12 1 0
BITMAP
E0C0
60C0
3180
3180
1B00
1B00
0E00
7E00
CC00
8C00
D800
7800
ENDCHAR
STARTCHAR 1EFF
ENCODING 7935
SWIDTH 660 0
DWIDTH 11 0
BBX 9 13 1 -4
BITMAP
6180
3100
3300
3300
1200
1E00
0E00
7C00
DC00
8C00
C800
F800
3000
ENDCHAR
STARTCHAR 1F00
ENCODING 7936
SWIDTH 660 0
DWIDTH 11 0
BBX 9 13 1 0
BITMAP
0800
0800
1000
0000
7D80
4700
C300
8300
8100
8300
C300
6780
3C80
ENDCHAR
STARTCHAR 1F01
ENCODING 7937
SWIDTH 660 0
DWIDTH 11 0
BBX 9 13 1 0
BITMAP
1000
1800
0800
0000
7D80
4700
C300
8300
8100
8300
C300
6780
3C80
ENDCHAR
STARTCHAR 1F02
ENCODING 7938
SWIDTH 660 0
DWIDTH 11 0
BBX 9 13 1 0
BITMAP
3C00
2400
6200
0000
7D80
4700
C300
8300
8100
8300
C300
6780
3C80
ENDCHAR
STARTCHAR 1F03
ENCODING 7939
SWIDTH 660 0
DWIDTH 11 0
BBX 9 13 1 0
BITMAP
7800
2400
3000
0000
7D80
4700
C300
8300
8100
8300
C300
6780
3C80
ENDCHAR
STARTCHAR 1F04
ENCODING 7940
SWIDTH 660 0
DWIDTH 11 0
BBX 9 13 1 0
BITMAP
1600
1400
2000
0000
7D80
4700
C300
8300
8100
8300
C300
6780
3C80
ENDCHAR
STARTCHAR 1F05
ENCODING 7941
SWIDTH 660 0
DWIDTH 11 0
BBX 9 13 1 0
BITMAP
2600
3C00
1000
0000
7D80
4700
C300
8300
8100
8300
C300
6780
3C80
ENDCHAR
STARTCHAR 1F06
ENCODING 7942
SWIDTH 660 0
DWIDTH 11 0
BBX 9 15 1 0
BITMAP
3200
2C00
0800
0800
1000
0000
7D80
4700
C300
8300
8100
8300
C300
6780
3C80
ENDCHAR
STARTCHAR 1F07
ENCODING 7943
SWIDTH 660 0
DWIDTH 11 0
BBX 9 15 1 0
BITMAP
3400
2C00
1800
0800
0800
0000
7D80
4700
C300
8300
8100
8300
C300
6780
3C80
ENDCHAR
STARTCHAR 1F08
ENCODING 7944
SWIDTH 720 0
DWIDTH 12 0
BBX 11 12 0 0
BITMAP
3600
2E00
6B00
0B00
1900
1180
3080
3F80
3FC0
6040
6060
C060
ENDCHAR
STARTCHAR 1F09
ENCODING 7945
SWIDTH 720 0
DWIDTH 12 0
BBX 11 12 0 0
BITMAP
2600
2E00
1B00
0B00
1900
1180
3080
3F80
3FC0
6040
6060
C060
ENDCHAR
STARTCHAR 1F0A
ENCODING 7946
SWIDTH 720 0
DWIDTH 12 0
BBX 13 12 -2 0
BITMAP
5980
CB80
82C0
02C0
0640
0460
0C20
0FE0
0FF0
1810
1818
3018
ENDCHAR
STARTCHAR 1F0B
ENCODING 7947
SWIDTH 720 0
DWIDTH 12 0
BBX 12 12 -1 0
BITMAP
B300
9700
4580
0580
0C80
08C0
1840
1FC0
1FE0
3020
3030
6030
ENDCHAR
STARTCHAR 1F0C
ENCODING 7948
SWIDTH 720 0
DWIDTH 12 0
BBX 12 12 -1 0
BITMAP
5B00
F700
8580
0580
0C80
08C0
1840
1FC0
1FE0
3020
3030
6030
ENDCHAR
STARTCHAR 1F0D
ENCODING 7949
SWIDTH 720 0
DWIDTH 12 0
BBX 12 12 -1 0
BITMAP
9B00
B700
4580
0580
0C80
08C0
1840
1FC0
1FE0
3020
3030
6030
ENDCHAR
STARTCHAR 1F0E
ENCODING 7950
SWIDTH 720 0
DWIDTH 12 0
BBX 11 14 0 0
BITMAP
D000
B000
2600
2E00
4B00
0B00
1900
1180
3080
3F80
3FC0
6040
6060
C060
ENDCHAR
STARTCHAR 1F0F
ENCODING 7951
SWIDTH 720 0
DWIDTH 12 0
BBX 11 14 0 0
BITMAP
D000
B000
2600
2E00
2B00
0B00
1900
1180
3080
3F80
3FC0
6040
6060
C060
ENDCHAR
STARTCHAR 1F10
ENCODING 7952
SWIDTH 540 0
DWIDTH 9 0
BBX 7 13 1 0
BITMAP
08
18
10
00
7C
C6
80
E0
78
C0
82
C6
7C
ENDCHAR
STARTCHAR 1F11
ENCODING 7953
SWIDTH 540 0
DWIDTH 9 0
BBX 7 13 1 0
BITMAP
10
10
08
00
7C
C6
80
E0
78
C0
82
C6
7C
ENDCHAR
STARTCHAR 1F12
ENCODING 7954
SWIDTH 540 0
DWIDTH 9 0
BBX 7 13 1 0
BITMAP
2C
64
40
00
7C
C6
80
E0
78
C0
82
C6
7C
ENDCHAR
STARTCHAR 1F13
ENCODING 7955
SWIDTH 540 0
DWIDTH 9 0
BBX 7 13 1 0
BITMAP
58
68
24
00
7C
C6
80
E0
78
C0
82
C6
7C
ENDCHAR
STARTCHAR 1F14
ENCODING 7956
SWIDTH 540 0
DWIDTH 9 0
BBX 7 13 1 0
BITMAP
36
3C
20
00
7C
C6
80
E0
78
C0
82
C6
7C
ENDCHAR
STARTCHAR 1F15
ENCODING 7957
SWIDTH 540 0
DWIDTH 9 0
BBX 7 13 1 0
BITMAP
6E
28
30
00
7C
C6
80
E0
78
C0
82
C6
7C
ENDCHAR
STARTCHAR 1F18
ENCODING 7960
SWIDTH 720 0
DWIDTH 12 0
BBX 10 12 1 0
BITMAP
DFC0
9000
9000
1000
1000
1FC0
1000
1000
1000
1000
1000
1FC0
ENDCHAR
STARTCHAR 1F19
ENCODING 7961
SWIDTH 720 0
DWIDTH 12 0
BBX 10 12 1 0
BITMAP
9FC0
9000
5000
1000
1000
1FC0
1000
1000
1000
1000
1000
1FC0
ENDCHAR
STARTCHAR 1F1A
ENCODING 7962
SWIDTH 960 0
DWIDTH 16 0
BBX 14 12 1 0
BITMAP
F3F8
9A00
8200
0200
0200
03F8
0200
0200
0200
0200
0200
03FC
ENDCHAR
STARTCHAR 1F1B
ENCODING 7963
SWIDTH 900 0
DWIDTH 15 0
BBX 13 12 1 0
BITMAP
B7F8
9600
4600
0600
0600
07F0
0600
0600
0600
0600
0600
07F8
ENDCHAR
STARTCHAR 1F1C
ENCODING 7964
SWIDTH 900 0
DWIDTH 15 0
BBX 13 12 1 0
BITMAP
DFF8
A600
8600
0600
0600
07F0
0600
0600
0600
0600
0600
07F8
ENDCHAR
STARTCHAR 1F1D
ENCODING 7965
SWIDTH 900 0
DWIDTH 15 0
BBX 13 12 1 0
BITMAP
9BF8
B200
4200
0200
0200
03F8
0200
0200
0200
0200
0200
03F8
ENDCHAR
STARTCHAR 1F20
ENCODING 7968
SWIDTH 600 0
DWIDTH 10 0
BBX 8 16 1 -3
BITMAP
08
08
10
00
FE
C2
C3
C3
C3
C3
C3
C3
C3
03
03
03
ENDCHAR
STARTCHAR 1F21
ENCODING 7969
SWIDTH 600 0
DWIDTH 10 0
BBX 8 16 1 -3
BITMAP
10
18
08
00
FE
C2
C3
C3
C3
C3
C3
C3
C3
03
03
03
ENDCHAR
STARTCHAR 1F22
ENCODING 7970
SWIDTH 600 0
DWIDTH 10 0
BBX 8 16 1 -3
BITMAP
3C
24
62
00
FE
C2
C3
C3
C3
C3
C3
C3
C3
03
03
03
ENDCHAR
STARTCHAR 1F23
ENCODING 7971
SWIDTH 600 0
DWIDTH 10 0
BBX 8 16 1 -3
BITMAP
78
24
20
00
FE
C2
C3
C3
C3
C3
C3
C3
C3
03
03
03
ENDCHAR
STARTCHAR 1F24
ENCODING 7972
SWIDTH 600 0
DWIDTH 10 0
BBX 8 16 1 -3
BITMAP
16
14
28
00
FE
C2
C3
C3
C3
C3
C3
C3
C3
03
03
03
ENDCHAR
STARTCHAR 1F25
ENCODING 7973
SWIDTH 600 0
DWIDTH 10 0
BBX 8 16 1 -3
BITMAP
26
2C
10
00
FE
C2
C3
C3
C3
C3
C3
C3
C3
03
03
03
ENDCHAR
STARTCHAR 1F26
ENCODING 7974
SWIDTH 600 0
DWIDTH 10 0
BBX 8 18 1 -3
BITMAP
34
2C
08
08
10
00
FE
C2
C3
C3
C3
C3
C3
C3
C3
03
03
03
ENDCHAR
STARTCHAR 1F27
ENCODING 7975
SWIDTH 600 0
DWIDTH 10 0
BBX 8 18 1 -3
BITMAP
34
4C
18
08
08
00
FE
C2
C3
C3
C3
C3
C3
C3
C3
03
03
03
ENDCHAR
STARTCHAR 1F28
ENCODING 7976
SWIDTH 900 0
DWIDTH 15 0
BBX 13 12 1 0
BITMAP
5818
5818
9818
1818
1818
1FF8
1818
1818
1818
1818
1818
1818
ENDCHAR
STARTCHAR 1F29
ENCODING 7977
SWIDTH 900 0
DWIDTH 15 0
BBX 13 12 1 0
BITMAP
D818
5818
5818
1818
1818
1FF8
1818
1818
1818
1818
1818
1818
ENDCHAR
STARTCHAR 1F2A
ENCODING 7978
SWIDTH 1140 0
DWIDTH 19 0
BBX 16 12 1 0
BITMAP
5B01
4B01
8301
0301
0301
03FF
0301
0301
0301
0301
0301
0301
ENDCHAR
STARTCHAR 1F2B
ENCODING 7979
SWIDTH 1080 0
DWIDTH 18 0
BBX 15 12 1 0
BITMAP
F202
5A02
4202
0202
0202
03FE
0202
0202
0202
0202
0202
0202
ENDCHAR
STARTCHAR 1F2C
ENCODING 7980
SWIDTH 1080 0
DWIDTH 18 0
BBX 15 12 1 0
BITMAP
5A02
5202
A202
0202
0202
03FE
0202
0202
0202
0202
0202
0202
ENDCHAR
STARTCHAR 1F2D
ENCODING 7981
SWIDTH 1080 0
DWIDTH 18 0
BBX 16 12 1 0
BITMAP
DB03
5303
4303
0303
0303
03FF
0303
0303
0303
0303
0303
0303
ENDCHAR
STARTCHAR 1F2E
ENCODING 7982
SWIDTH 1020 0
DWIDTH 17 0
BBX 14 14 1 0
BITMAP
6800
9000
2404
2404
2404
0404
0404
07FC
0404
0404
0404
0404
0404
0404
ENDCHAR
STARTCHAR 1F2F
ENCODING 7983
SWIDTH 1020 0
DWIDTH 17 0
BBX 14 14 1 0
BITMAP
6800
9000
2404
2404
3404
0404
0404
07FC
0404
0404
0404
0404
0404
0404
ENDCHAR
STARTCHAR 1F30
ENCODING 7984
SWIDTH 300 0
DWIDTH 5 0
BBX 3 13 1 0
BITMAP
40
40
80
00
C0
C0
C0
C0
C0
C0
C0
C0
60
ENDCHAR
STARTCHAR 1F31
ENCODING 7985
SWIDTH 300 0
DWIDTH 5 0
BBX 3 13 1 0
BITMAP
80
C0
40
00
C0
C0
C0
C0
C0
C0
C0
C0
60
ENDCHAR
STARTCHAR 1F32
ENCODING 7986
SWIDTH 300 0
DWIDTH 5 0
BBX 6 13 -1 0
BITMAP
78
48
C4
00
30
30
30
30
30
30
30
30
18
ENDCHAR
STARTCHAR 1F33
ENCODING 7987
SWIDTH 300 0
DWIDTH 5 0
BBX 5 13 -1 0
BITMAP
F0
48
40
00
30
30
30
30
30
30
30
30
18
ENDCHAR
STARTCHAR 1F34
ENCODING 7988
SWIDTH 300 0
DWIDTH 5 0
BBX 5 13 0 0
BITMAP
58
50
A0
00
60
60
60
60
60
60
60
60
30
ENDCHAR
STARTCHAR 1F35
ENCODING 7989
SWIDTH 300 0
DWIDTH 5 0
BBX 5 13 0 0
BITMAP
98
B0
40
00
60
60
60
60
60
60
60
60
30
ENDCHAR
STARTCHAR 1F36
ENCODING 7990
SWIDTH 300 0
DWIDTH 5 0
BBX 4 15 0 0
BITMAP
D0
B0
20
20
40
00
60
60
60
60
60
60
60
60
30
ENDCHAR
STARTCHAR 1F37
ENCODING 7991
SWIDTH 300 0
DWIDTH 5 0
BBX 4 15 0 0
BITMAP
D0
B0
60
20
20
00
60
60
60
60
60
60
60
60
30
ENDCHAR
STARTCHAR 1F38
ENCODING 7992
SWIDTH 420 0
DWIDTH 7 0
BBX 4 12 1 0
BITMAP
50
50
90
10
10
10
10
10
10
10
10
10
ENDCHAR
STARTCHAR 1F39
ENCODING 7993
SWIDTH 420 0
DWIDTH 7 0
BBX 4 12 1 0
BITMAP
D0
50
50
10
10
10
10
10
10
10
10
10
ENDCHAR
STARTCHAR 1F3A
ENCODING 7994
SWIDTH 600 0
DWIDTH 10 0
BBX 8 12 1 0
BITMAP
5B
4B
83
03
03
03
03
03
03
03
03
03
ENDCHAR
STARTCHAR 1F3B
ENCODING 7995
SWIDTH 600 0
DWIDTH 10 0
BBX 7 12 1 0
BITMAP
F2
5A
42
02
02
02
02
02
02
02
02
02
ENDCHAR
STARTCHAR 1F3C
ENCODING 7996
SWIDTH 540 0
DWIDTH 9 0
BBX 7 12 1 0
BITMAP
5E
56
A6
06
06
06
06
06
06
06
06
06
ENDCHAR
STARTCHAR 1F3D
ENCODING 7997
SWIDTH 600 0
DWIDTH 10 0
BBX 7 12 1 0
BITMAP
DA
52
42
02
02
02
02
02
02
02
02
02
ENDCHAR
STARTCHAR 1F3E
ENCODING 7998
SWIDTH 480 0
DWIDTH 8 0
BBX 6 14 1 0
BITMAP
68
90
2C
2C
2C
0C
0C
0C
0C
0C
0C
0C
0C
0C
ENDCHAR
STARTCHAR 1F3F
ENCODING 7999
SWIDTH 540 0
DWIDTH 9 0
BBX 6 14 1 0
BITMAP
68
90
24
24
34
04
04
04
04
04
04
04
04
04
ENDCHAR
STARTCHAR 1F40
ENCODING 8000
SWIDTH 600 0
DWIDTH 10 0
BBX 8 13 1 0
BITMAP
08
08
10
00
7E
43
C3
81
81
81
C3
62
3C
ENDCHAR
STARTCHAR 1F41
ENCODING 8001
SWIDTH 600 0
DWIDTH 10 0
BBX 8 13 1 0
BITMAP
10
18
08
00
7E
43
C3
81
81
81
C3
62
3C
ENDCHAR
STARTCHAR 1F42
ENCODING 8002
SWIDTH 600 0
DWIDTH 10 0
BBX 8 13 1 0
BITMAP
3C
24
62
00
7E
43
C3
81
81
81
C3
62
3C
ENDCHAR
STARTCHAR 1F43
ENCODING 8003
SWIDTH 600 0
DWIDTH 10 0
BBX 8 13 1 0
BITMAP
78
24
30
00
7E
43
C3
81
81
81
C3
62
3C
ENDCHAR
STARTCHAR 1F44
ENCODING 8004
SWIDTH 600 0
DWIDTH 10 0
BBX 8 13 1 0
BITMAP
16
14
20
00
7E
43
C3
81
81
81
C3
62
3C
ENDCHAR
STARTCHAR 1F45
ENCODING 8005
SWIDTH 600 0
DWIDTH 10 0
BBX 8 13 1 0
BITMAP
26
3C
10
00
7E
43
C3
81
81
81
C3
62
3C
ENDCHAR
STARTCHAR 1F48
ENCODING 8008
SWIDTH 840 0
DWIDTH 14 0
BBX 13 13 0 0
BITMAP
0100
4FE0
D830
9010
3018
2018
2018
2018
3018
3010
1830
0C60
07C0
ENDCHAR
STARTCHAR 1F49
ENCODING 8009
SWIDTH 840 0
DWIDTH 14 0
BBX 12 13 1 0
BITMAP
0200
8FC0
9860
7030
2010
2010
2010
2010
2010
2030
3030
1CE0
0FC0
ENDCHAR
STARTCHAR 1F4A
ENCODING 8010
SWIDTH 1020 0
DWIDTH 17 0
BBX 16 13 0 0
BITMAP
2020
58FC
C986
8302
0203
0601
0601
0601
0601
0203
0302
018E
00F8
ENDCHAR
STARTCHAR 1F4B
ENCODING 8011
SWIDTH 960 0
DWIDTH 16 0
BBX 15 13 0 0
BITMAP
0040
B1F8
930C
4606
0406
0C02
0C02
0C02
0402
0406
0604
031C
01F0
ENDCHAR
STARTCHAR 1F4C
ENCODING 8012
SWIDTH 960 0
DWIDTH 16 0
BBX 15 13 0 0
BITMAP
0840
53F0
F618
8C0C
0C04
0806
0806
0806
0806
0C04
040C
0718
01F0
ENDCHAR
STARTCHAR 1F4D
ENCODING 8013
SWIDTH 960 0
DWIDTH 16 0
BBX 15 13 0 0
BITMAP
0040
9BF8
D60C
6404
0C06
0C06
0806
0806
0C06
0C04
060C
0318
01F0
ENDCHAR
STARTCHAR 1F50
ENCODING 8016
SWIDTH 600 0
DWIDTH 10 0
BBX 8 13 1 0
BITMAP
08
18
10
00
C6
C2
C2
C3
C3
C3
C2
46
3C
ENDCHAR
STARTCHAR 1F51
ENCODING 8017
SWIDTH 600 0
DWIDTH 10 0
BBX 8 13 1 0
BITMAP
10
10
08
00
C6
C2
C2
C3
C3
C3
C2
46
3C
ENDCHAR
STARTCHAR 1F52
ENCODING 8018
SWIDTH 600 0
DWIDTH 10 0
BBX 8 13 1 0
BITMAP
2C
24
40
00
C6
C2
C2
C3
C3
C3
C2
46
3C
ENDCHAR
STARTCHAR 1F53
ENCODING 8019
SWIDTH 600 0
DWIDTH 10 0
BBX 8 13 1 0
BITMAP
78
6C
20
00
C6
C2
C2
C3
C3
C3
C2
46
3C
ENDCHAR
STARTCHAR 1F54
ENCODING 8020
SWIDTH 600 0
DWIDTH 10 0
BBX 8 13 1 0
BITMAP
16
3C
20
00
C6
C2
C2
C3
C3
C3
C2
46
3C
ENDCHAR
STARTCHAR 1F55
ENCODING 8021
SWIDTH 600 0
DWIDTH 10 0
BBX 8 13 1 0
BITMAP
66
28
30
00
C6
C2
C2
C3
C3
C3
C2
46
3C
ENDCHAR
STARTCHAR 1F56
ENCODING 8022
SWIDTH 600 0
DWIDTH 10 0
BBX 8 15 1 0
BITMAP
34
4C
18
18
10
00
C6
C2
C2
C3
C3
C3
C2
46
3C
ENDCHAR
STARTCHAR 1F57
ENCODING 8023
SWIDTH 600 0
DWIDTH 10 0
BBX 8 15 1 0
BITMAP
34
48
10
18
08
00
C6
C2
C2
C3
C3
C3
C2
46
3C
ENDCHAR
STARTCHAR 1F59
ENCODING 8025
SWIDTH 840 0
DWIDTH 14 0
BBX 13 12 0 0
BITMAP
D818
4C10
6430
0660
0340
01C0
0180
0180
0180
0180
0180
0180
ENDCHAR
STARTCHAR 1F5B
ENCODING 8027
SWIDTH 960 0
DWIDTH 16 0
BBX 16 12 0 0
BITMAP
DB03
4906
6184
00CC
0058
0070
0030
0030
0030
0030
0030
0030
ENDCHAR
STARTCHAR 1F5D
ENCODING 8029
SWIDTH 1020 0
DWIDTH 17 0
BBX 17 12 0 0
BITMAP
CF8180
508300
60C600
004400
006C00
003800
001800
001000
001000
001000
001000
001000
ENDCHAR
STARTCHAR 1F5F
ENCODING 8031
SWIDTH 960 0
DWIDTH 16 0
BBX 16 14 0 0
BITMAP
6800
9401
2206
3306
118C
0088
00D8
0070
0060
0020
0020
0020
0020
0020
ENDCHAR
STARTCHAR 1F60
ENCODING 8032
SWIDTH 840 0
DWIDTH 14 0
BBX 12 13 1 0
BITMAP
0200
0200
0400
0000
6060
C020
C030
C630
C630
C630
C630
4F60
79E0
ENDCHAR
STARTCHAR 1F61
ENCODING 8033
SWIDTH 840 0
DWIDTH 14 0
BBX 12 13 1 0
BITMAP
0400
0600
0200
0000
6060
C020
C030
C630
C630
C630
C630
4F60
79E0
ENDCHAR
STARTCHAR 1F62
ENCODING 8034
SWIDTH 840 0
DWIDTH 14 0
BBX 12 13 1 0
BITMAP
0B00
0900
1080
0000
6060
C020
C030
C630
C630
C630
C630
4F60
79E0
ENDCHAR
STARTCHAR 1F63
ENCODING 8035
SWIDTH 840 0
DWIDTH 14 0
BBX 12 13 1 0
BITMAP
1E00
0900
0800
0000
6060
C020
C030
C630
C630
C630
C630
4F60
79E0
ENDCHAR
STARTCHAR 1F64
ENCODING 8036
SWIDTH 840 0
DWIDTH 14 0
BBX 12 13 1 0
BITMAP
0580
0D00
0A00
0000
6060
C020
C030
C630
C630
C630
C630
4F60
79E0
ENDCHAR
STARTCHAR 1F65
ENCODING 8037
SWIDTH 840 0
DWIDTH 14 0
BBX 12 13 1 0
BITMAP
0980
0B00
0400
0000
6060
C020
C030
C630
C630
C630
C630
4F60
79E0
ENDCHAR
STARTCHAR 1F66
ENCODING 8038
SWIDTH 840 0
DWIDTH 14 0
BBX 12 15 1 0
BITMAP
0D00
0B00
0200
0600
0400
0000
6060
C020
C030
C630
C630
C630
C630
4F60
79E0
ENDCHAR
STARTCHAR 1F67
ENCODING 8039
SWIDTH 840 0
DWIDTH 14 0
BBX 12 15 1 0
BITMAP
0D00
1200
0600
0600
0200
0000
6060
C020
C030
C630
C630
C630
C630
4F60
79E0
ENDCHAR
STARTCHAR 1F68
ENCODING 8040
SWIDTH 840 0
DWIDTH 14 0
BBX 13 13 0 0
BITMAP
0300
CFC0
D860
B030
2010
2010
2018
2010
2010
3030
1860
0CC0
3CF8
ENDCHAR
STARTCHAR 1F69
ENCODING 8041
SWIDTH 840 0
DWIDTH 14 0
BBX 13 13 0 0
BITMAP
0100
CFE0
5C30
7810
3018
3008
3008
3008
3018
1810
0830
0660
3E78
ENDCHAR
STARTCHAR 1F6A
ENCODING 8042
SWIDTH 1020 0
DWIDTH 17 0
BBX 16 13 0 0
BITMAP
2020
D1FC
9B06
8202
0603
0603
0403
0603
0603
0202
0306
0198
079F
ENDCHAR
STARTCHAR 1F6B
ENCODING 8043
SWIDTH 960 0
DWIDTH 16 0
BBX 15 13 0 0
BITMAP
0040
B1F8
930C
4606
0406
0C02
0C02
0C02
0406
0606
020C
0198
0F9E
ENDCHAR
STARTCHAR 1F6C
ENCODING 8044
SWIDTH 960 0
DWIDTH 16 0
BBX 15 13 0 0
BITMAP
0840
D3F8
E70C
8606
0C06
0C02
0C02
0C02
0406
0604
020C
0198
0F9E
ENDCHAR
STARTCHAR 1F6D
ENCODING 8045
SWIDTH 960 0
DWIDTH 16 0
BBX 15 13 0 0
BITMAP
0860
91F8
B30C
4606
0402
0402
0402
0402
0402
0606
030C
0198
079E
ENDCHAR
STARTCHAR 1F6E
ENCODING 8046
SWIDTH 900 0
DWIDTH 15 0
BBX 14 14 0 0
BITMAP
D000
B080
63F0
6618
4C0C
080C
1804
1804
1804
080C
0C08
0418
0330
1F3C
ENDCHAR
STARTCHAR 1F6F
ENCODING 8047
SWIDTH 900 0
DWIDTH 15 0
BBX 14 14 0 0
BITMAP
D000
B080
63F0
2618
2C0C
080C
1804
1804
1804
080C
0C0C
0418
0330
1F3C
ENDCHAR
STARTCHAR 1F70
ENCODING 8048
SWIDTH 660 0
DWIDTH 11 0
BBX 9 13 1 0
BITMAP
3000
1000
0800
0000
7D80
4700
C300
8300
8100
8300
C300
6780
3C80
ENDCHAR
STARTCHAR 1F71
ENCODING 8049
SWIDTH 660 0
DWIDTH 11 0
BBX 9 13 1 0
BITMAP
0C00
0800
0800
0000
7D80
4700
C300
8300
8100
8300
C300
6780
3C80
ENDCHAR
STARTCHAR 1F72
ENCODING 8050
SWIDTH 540 0
DWIDTH 9 0
BBX 7 13 1 0
BITMAP
30
10
00
00
7C
C6
80
E0
78
C0
82
C6
7C
ENDCHAR
STARTCHAR 1F73
ENCODING 8051
SWIDTH 540 0
DWIDTH 9 0
BBX 7 13 1 0
BITMAP
0C
08
10
00
7C
C6
80
E0
78
C0
82
C6
7C
ENDCHAR
STARTCHAR 1F74
ENCODING 8052
SWIDTH 600 0
DWIDTH 10 0
BBX 8 16 1 -3
BITMAP
30
10
08
00
FE
C2
C3
C3
C3
C3
C3
C3
C3
03
03
03
ENDCHAR
STARTCHAR 1F75
ENCODING 8053
SWIDTH 600 0
DWIDTH 10 0
BBX 8 16 1 -3
BITMAP
0C
08
10
00
FE
C2
C3
C3
C3
C3
C3
C3
C3
03
03
03
ENDCHAR
STARTCHAR 1F76
ENCODING 8054
SWIDTH 300 0
DWIDTH 5 0
BBX 4 13 0 0
BITMAP
C0
40
20
00
60
60
60
60
60
60
60
60
30
ENDCHAR
STARTCHAR 1F77
ENCODING 8055
SWIDTH 300 0
DWIDTH 5 0
BBX 3 13 1 0
BITMAP
60
40
80
00
C0
C0
C0
C0
C0
C0
C0
C0
60
ENDCHAR
STARTCHAR 1F78
ENCODING 8056
SWIDTH 600 0
DWIDTH 10 0
BBX 8 13 1 0
BITMAP
30
10
08
00
7E
43
C3
81
81
81
C3
62
3C
ENDCHAR
STARTCHAR 1F79
ENCODING 8057
SWIDTH 600 0
DWIDTH 10 0
BBX 8 13 1 0
BITMAP
0C
08
08
00
7E
43
C3
81
81
81
C3
62
3C
ENDCHAR
STARTCHAR 1F7A
ENCODING 8058
SWIDTH 600 0
DWIDTH 10 0
BBX 8 13 1 0
BITMAP
30
10
00
00
C6
C2
C2
C3
C3
C3
C2
46
3C
ENDCHAR
STARTCHAR 1F7B
ENCODING 8059
SWIDTH 600 0
DWIDTH 10 0
BBX 8 13 1 0
BITMAP
0C
08
10
00
C6
C2
C2
C3
C3
C3
C2
46
3C
ENDCHAR
STARTCHAR 1F7C
ENCODING 8060
SWIDTH 840 0
DWIDTH 14 0
BBX 12 13 1 0
BITMAP
0C00
0400
0200
0000
6060
C020
C030
C630
C630
C630
C630
4F60
79E0
ENDCHAR
STARTCHAR 1F7D
ENCODING 8061
SWIDTH 840 0
DWIDTH 14 0
BBX 12 13 1 0
BITMAP
0300
0200
0400
0000
6060
C020
C030
C630
C630
C630
C630
4F60
79E0
ENDCHAR
STARTCHAR 1F80
ENCODING 8064
SWIDTH 660 0
DWIDTH 11 0
BBX 9 17 1 -4
BITMAP
0800
0800
1000
0000
7D80
4700
C300
8300
8100
8300
C300
6780
3C80
0000
1800
1800
0800
ENDCHAR
STARTCHAR 1F81
ENCODING 8065
SWIDTH 660 0
DWIDTH 11 0
BBX 9 17 1 -4
BITMAP
1000
1800
0800
0000
7D80
4700
C300
8300
8100
8300
C300
6780
3C80
0000
1800
1800
0800
ENDCHAR
STARTCHAR 1F82
ENCODING 8066
SWIDTH 660 0
DWIDTH 11 0
BBX 9 17 1 -4
BITMAP
3C00
2400
6200
0000
7D80
4700
C300
8300
8100
8300
C300
6780
3C80
0000
1800
1800
0800
ENDCHAR
STARTCHAR 1F83
ENCODING 8067
SWIDTH 660 0
DWIDTH 11 0
BBX 9 17 1 -4
BITMAP
7800
2400
3000
0000
7D80
4700
C300
8300
8100
8300
C300
6780
3C80
0000
1800
1800
0800
ENDCHAR
STARTCHAR 1F84
ENCODING 8068
SWIDTH 660 0
DWIDTH 11 0
BBX 9 17 1 -4
BITMAP
1600
1400
2000
0000
7D80
4700
C300
8300
8100
8300
C300
6780
3C80
0000
1800
1800
0800
ENDCHAR
STARTCHAR 1F85
ENCODING 8069
SWIDTH 660 0
DWIDTH 11 0
BBX 9 17 1 -4
BITMAP
2600
3C00
1000
0000
7D80
4700
C300
8300
8100
8300
C300
6780
3C80
0000
1800
1800
0800
ENDCHAR
STARTCHAR 1F86
ENCODING 8070
SWIDTH 660 0
DWIDTH 11 0
BBX 9 19 1 -4
BITMAP
3200
2C00
0800
0800
1000
0000
7D80
4700
C300
8300
8100
8300
C300
6780
3C80
0000
1800
1800
0800
ENDCHAR
STARTCHAR 1F87
ENCODING 8071
SWIDTH 660 0
DWIDTH 11 0
BBX 9 19 1 -4
BITMAP
3400
2C00
1800
0800
0800
0000
7D80
4700
C300
8300
8100
8300
C300
6780
3C80
0000
1800
1800
0800
ENDCHAR
STARTCHAR 1F88
ENCODING 8072
SWIDTH 720 0
DWIDTH 12 0
BBX 11 16 0 -4
BITMAP
3600
2E00
6B00
0B00
1900
1180
3080
3F80
3FC0
6040
6060
C060
0000
0400
0400
0600
ENDCHAR
STARTCHAR 1F89
ENCODING 8073
SWIDTH 720 0
DWIDTH 12 0
BBX 11 16 0 -4
BITMAP
2600
2E00
1B00
0B00
1900
1180
3080
3F80
3FC0
6040
6060
C060
0000
0400
0400
0600
ENDCHAR
STARTCHAR 1F8A
ENCODING 8074
SWIDTH 720 0
DWIDTH 12 0
BBX 13 16 -2 -4
BITMAP
5980
CB80
82C0
02C0
0640
0460
0C20
0FE0
0FF0
1810
1818
3018
0000
0100
0100
0180
ENDCHAR
STARTCHAR 1F8B
ENCODING 8075
SWIDTH 720 0
DWIDTH 12 0
BBX 12 16 -1 -4
BITMAP
B300
9700
4580
0580
0C80
08C0
1840
1FC0
1FE0
3020
3030
6030
0000
0200
0200
0300
ENDCHAR
STARTCHAR 1F8C
ENCODING 8076
SWIDTH 720 0
DWIDTH 12 0
BBX 12 16 -1 -4
BITMAP
5B00
F700
8580
0580
0C80
08C0
1840
1FC0
1FE0
3020
3030
6030
0000
0200
0200
0300
ENDCHAR
STARTCHAR 1F8D
ENCODING 8077
SWIDTH 720 0
DWIDTH 12 0
BBX 12 16 -1 -4
BITMAP
9B00
B700
4580
0580
0C80
08C0
1840
1FC0
1FE0
3020
3030
6030
0000
0200
0200
0300
ENDCHAR
STARTCHAR 1F8E
ENCODING 8078
SWIDTH 720 0
DWIDTH 12 0
BBX 11 18 0 -4
BITMAP
D000
B000
2600
2E00
4B00
0B00
1900
1180
3080
3F80
3FC0
6040
6060
C060
0000
0400
0400
0600
ENDCHAR
STARTCHAR 1F8F
ENCODING 8079
SWIDTH 720 0
DWIDTH 12 0
BBX 11 18 0 -4
BITMAP
D000
B000
2600
2E00
2B00
0B00
1900
1180
3080
3F80
3FC0
6040
6060
C060
0000
0400
0400
0600
ENDCHAR
STARTCHAR 1F90
ENCODING 8080
SWIDTH 600 0
DWIDTH 10 0
BBX 8 17 1 -4
BITMAP
08
08
10
00
FE
C2
C3
C3
C3
C3
C3
C3
C3
03
C3
C3
40
ENDCHAR
STARTCHAR 1F91
ENCODING 8081
SWIDTH 600 0
DWIDTH 10 0
BBX 8 17 1 -4
BITMAP
10
18
08
00
FE
C2
C3
C3
C3
C3
C3
C3
C3
03
C3
C3
40
ENDCHAR
STARTCHAR 1F92
ENCODING 8082
SWIDTH 600 0
DWIDTH 10 0
BBX 8 17 1 -4
BITMAP
3C
24
62
00
FE
C2
C3
C3
C3
C3
C3
C3
C3
03
C3
C3
40
ENDCHAR
STARTCHAR 1F93
ENCODING 8083
SWIDTH 600 0
DWIDTH 10 0
BBX 8 17 1 -4
BITMAP
78
24
20
00
FE
C2
C3
C3
C3
C3
C3
C3
C3
03
C3
C3
40
ENDCHAR
STARTCHAR 1F94
ENCODING 8084
SWIDTH 600 0
DWIDTH 10 0
BBX 8 17 1 -4
BITMAP
16
14
28
00
FE
C2
C3
C3
C3
C3
C3
C3
C3
03
C3
C3
40
ENDCHAR
STARTCHAR 1F95
ENCODING 8085
SWIDTH 600 0
DWIDTH 10 0
BBX 8 17 1 -4
BITMAP
26
2C
10
00
FE
C2
C3
C3
C3
C3
C3
C3
C3
03
C3
C3
40
ENDCHAR
STARTCHAR 1F96
ENCODING 8086
SWIDTH 600 0
DWIDTH 10 0
BBX 8 19 1 -4
BITMAP
34
2C
08
08
10
00
FE
C2
C3
C3
C3
C3
C3
C3
C3
03
C3
C3
40
ENDCHAR
STARTCHAR 1F97
ENCODING 8087
SWIDTH 600 0
DWIDTH 10 0
BBX 8 19 1 -4
BITMAP
34
4C
18
08
08
00
FE
C2
C3
C3
C3
C3
C3
C3
C3
03
C3
C3
40
ENDCHAR
STARTCHAR 1F98
ENCODING 8088
SWIDTH 900 0
DWIDTH 15 0
BBX 12 16 1 -4
BITMAP
D010
9010
9010
1010
1010
1FF0
1010
1010
1010
1010
1010
1010
0000
0100
0100
0180
ENDCHAR
STARTCHAR 1F99
ENCODING 8089
SWIDTH 900 0
DWIDTH 15 0
BBX 13 16 1 -4
BITMAP
D818
5818
5818
1818
1818
1FF8
1818
1818
1818
1818
1818
1818
0000
0100
0100
0180
ENDCHAR
STARTCHAR 1F9A
ENCODING 8090
SWIDTH 1140 0
DWIDTH 19 0
BBX 16 16 1 -4
BITMAP
5B01
4B01
8301
0301
0301
03FF
0301
0301
0301
0301
0301
0301
0000
0010
0010
0018
ENDCHAR
STARTCHAR 1F9B
ENCODING 8091
SWIDTH 1080 0
DWIDTH 18 0
BBX 15 16 1 -4
BITMAP
F202
5A02
4202
0202
0202
03FE
0202
0202
0202
0202
0202
0202
0000
0020
0020
0030
ENDCHAR
STARTCHAR 1F9C
ENCODING 8092
SWIDTH 1080 0
DWIDTH 18 0
BBX 15 16 1 -4
BITMAP
5A02
5202
A202
0202
0202
03FE
0202
0202
0202
0202
0202
0202
0000
0020
0020
0030
ENDCHAR
STARTCHAR 1F9D
ENCODING 8093
SWIDTH 1080 0
DWIDTH 18 0
BBX 16 16 1 -4
BITMAP
DB03
5303
4303
0303
0303
03FF
0303
0303
0303
0303
0303
0303
0000
0020
0020
0030
ENDCHAR
STARTCHAR 1F9E
ENCODING 8094
SWIDTH 1020 0
DWIDTH 17 0
BBX 14 18 1 -4
BITMAP
6800
9000
2404
2404
2404
0404
0404
07FC
0404
0404
0404
0404
0404
0404
0000
0040
0040
0060
ENDCHAR
STARTCHAR 1F9F
ENCODING 8095
SWIDTH 1020 0
DWIDTH 17 0
BBX 14 18 1 -4
BITMAP
6800
9000
2404
2404
3404
0404
0404
07FC
0404
0404
0404
0404
0404
0404
0000
0040
0040
0060
ENDCHAR
STARTCHAR 1FA0
ENCODING 8096
SWIDTH 840 0
DWIDTH 14 0
BBX 12 17 1 -4
BITMAP
0200
0200
0400
0000
6060
C020
C030
C630
C630
C630
C630
4F60
79E0
0000
0600
0600
0600
ENDCHAR
STARTCHAR 1FA1
ENCODING 8097
SWIDTH 840 0
DWIDTH 14 0
BBX 12 17 1 -4
BITMAP
0400
0600
0200
0000
6060
C020
C030
C630
C630
C630
C630
4F60
79E0
0000
0600
0600
0600
ENDCHAR
STARTCHAR 1FA2
ENCODING 8098
SWIDTH 840 0
DWIDTH 14 0
BBX 12 17 1 -4
BITMAP
0B00
0900
1080
0000
6060
C020
C030
C630
C630
C630
C630
4F60
79E0
0000
0600
0600
0600
ENDCHAR
STARTCHAR 1FA3
ENCODING 8099
SWIDTH 840 0
DWIDTH 14 0
BBX 12 17 1 -4
BITMAP
1E00
0900
0800
0000
6060
C020
C030
C630
C630
C630
C630
4F60
79E0
0000
0600
0600
0600
ENDCHAR
STARTCHAR 1FA4
ENCODING 8100
SWIDTH 840 0
DWIDTH 14 0
BBX 12 17 1 -4
BITMAP
0580
0D00
0A00
0000
6060
C020
C030
C630
C630
C630
C630
4F60
79E0
0000
0600
0600
0600
ENDCHAR
STARTCHAR 1FA5
ENCODING 8101
SWIDTH 840 0
DWIDTH 14 0
BBX 12 17 1 -4
BITMAP
0980
0B00
0400
0000
6060
C020
C030
C630
C630
C630
C630
4F60
79E0
0000
0600
0600
0600
ENDCHAR
STARTCHAR 1FA6
ENCODING 8102
SWIDTH 840 0
DWIDTH 14 0
BBX 12 19 1 -4
BITMAP
0D00
0B00
0200
0600
0400
0000
6060
C020
C030
C630
C630
C630
C630
4F60
79E0
0000
0600
0600
0600
ENDCHAR
STARTCHAR 1FA7
ENCODING 8103
SWIDTH 840 0
DWIDTH 14 0
BBX 12 19 1 -4
BITMAP
0D00
1200
0600
0600
0200
0000
6060
C020
C030
C630
C630
C630
C630
4F60
79E0
0000
0600
0600
0600
ENDCHAR
STARTCHAR 1FA8
ENCODING 8104
SWIDTH 840 0
DWIDTH 14 0
BBX 13 17 0 -4
BITMAP
0300
CFC0
D860
B030
2010
2010
2018
2010
2010
3030
1860
0CC0
3CF8
0000
0300
0300
0180
ENDCHAR
STARTCHAR 1FA9
ENCODING 8105
SWIDTH 840 0
DWIDTH 14 0
BBX 13 17 0 -4
BITMAP
0100
CFE0
5C30
7810
3018
3008
3008
3008
3018
1810
0830
0660
3E78
0000
0100
0100
0180
ENDCHAR
STARTCHAR 1FAA
ENCODING 8106
SWIDTH 1020 0
DWIDTH 17 0
BBX 16 17 0 -4
BITMAP
2020
D1FC
9B06
8202
0603
0603
0403
0603
0603
0202
0306
0198
079F
0000
0020
0020
0030
ENDCHAR
STARTCHAR 1FAB
ENCODING 8107
SWIDTH 960 0
DWIDTH 16 0
BBX 15 17 0 -4
BITMAP
0040
B1F8
930C
4606
0406
0C02
0C02
0C02
0406
0606
020C
0198
0F9E
0000
0040
0040
0060
ENDCHAR
STARTCHAR 1FAC
ENCODING 8108
SWIDTH 960 0
DWIDTH 16 0
BBX 15 17 0 -4
BITMAP
0840
D3F8
E70C
8606
0C06
0C02
0C02
0C02
0406
0604
020C
0198
0F9E
0000
0040
0040
0060
ENDCHAR
STARTCHAR 1FAD
ENCODING 8109
SWIDTH 960 0
DWIDTH 16 0
BBX 15 17 0 -4
BITMAP
0860
91F8
B30C
4606
0402
0402
0402
0402
0402
0606
030C
0198
079E
0000
0060
0060
0020
ENDCHAR
STARTCHAR 1FAE
ENCODING 8110
SWIDTH 900 0
DWIDTH 15 0
BBX 14 18 0 -4
BITMAP
D000
B080
63F0
6618
4C0C
080C
1804
1804
1804
080C
0C08
0418
0330
1F3C
0000
0080
0080
00C0
ENDCHAR
STARTCHAR 1FAF
ENCODING 8111
SWIDTH 900 0
DWIDTH 15 0
BBX 14 18 0 -4
BITMAP
D000
B080
63F0
2618
2C0C
080C
1804
1804
1804
080C
0C0C
0418
0330
1F3C
0000
0080
0080
00C0
ENDCHAR
STARTCHAR 1FB0
ENCODING 8112
SWIDTH 660 0
DWIDTH 11 0
BBX 9 12 1 0
BITMAP
2600
1C00
0000
7D80
4700
C300
8300
8100
8300
C300
6780
3C80
ENDCHAR
STARTCHAR 1FB1
ENCODING 8113
SWIDTH 660 0
DWIDTH 11 0
BBX 9 12 1 0
BITMAP
7E00
0000
0000
7D80
4700
C300
8300
8100
8300
C300
6780
3C80
ENDCHAR
STARTCHAR 1FB2
ENCODING 8114
SWIDTH 660 0
DWIDTH 11 0
BBX 9 17 1 -4
BITMAP
3000
1000
0800
0000
7D80
4700
C300
8300
8100
8300
C300
6780
3C80
0000
1800
1800
0800
ENDCHAR
STARTCHAR 1FB3
ENCODING 8115
SWIDTH 660 0
DWIDTH 11 0
BBX 9 13 1 -4
BITMAP
7D80
4700
C300
8300
8100
8300
C300
6780
3C80
0000
1800
1800
0800
ENDCHAR
STARTCHAR 1FB4
ENCODING 8116
SWIDTH 660 0
DWIDTH 11 0
BBX 9 17 1 -4
BITMAP
0C00
0800
0800
0000
7D80
4700
C300
8300
8100
8300
C300
6780
3C80
0000
1800
1800
0800
ENDCHAR
STARTCHAR 1FB6
ENCODING 8118
SWIDTH 660 0
DWIDTH 11 0
BBX 9 14 1 0
BITMAP
2200
7E00
4000
0000
0000
7D80
4700
C300
8300
8100
8300
C300
6780
3C80
ENDCHAR
STARTCHAR 1FB7
ENCODING 8119
SWIDTH 660 0
DWIDTH 11 0
BBX 9 18 1 -4
BITMAP
2200
7E00
4000
0000
0000
7D80
4700
C300
8300
8100
8300
C300
6780
3C80
0000
1800
1800
0800
ENDCHAR
STARTCHAR 1FB8
ENCODING 8120
SWIDTH 720 0
DWIDTH 12 0
BBX 11 15 0 0
BITMAP
1900
0E00
0000
0600
0E00
0B00
0B00
1900
1180
3080
3F80
3FC0
6040
6060
C060
ENDCHAR
STARTCHAR 1FB9
ENCODING 8121
SWIDTH 720 0
DWIDTH 12 0
BBX 11 15 0 0
BITMAP
1F80
0000
0000
0600
0E00
0B00
0B00
1900
1180
3080
3F80
3FC0
6040
6060
C060
ENDCHAR
STARTCHAR 1FBA
ENCODING 8122
SWIDTH 720 0
DWIDTH 12 0
BBX 11 12 0 0
BITMAP
6600
2E00
0B00
0B00
1900
1180
3080
3F80
3FC0
6040
6060
C060
ENDCHAR
STARTCHAR 1FBB
ENCODING 8123
SWIDTH 720 0
DWIDTH 12 0
BBX 11 13 0 0
BITMAP
1800
3600
2E00
0B00
0B00
1900
1180
3080
3F80
3FC0
6040
6060
C060
ENDCHAR
STARTCHAR 1FBC
ENCODING 8124
SWIDTH 720 0
DWIDTH 12 0
BBX 11 16 0 -4
BITMAP
0600
0E00
0B00
0B00
1900
1180
3080
3F80
3FC0
6040
6060
C060
0000
0400
0400
0600
ENDCHAR
STARTCHAR 1FBD
ENCODING 8125
SWIDTH 300 0
DWIDTH 5 0
BBX 2 3 1 9
BITMAP
40
40
80
ENDCHAR
STARTCHAR 1FBE
ENCODING 8126
SWIDTH 300 0
DWIDTH 5 0
BBX 2 3 1 -4
BITMAP
C0
C0
C0
ENDCHAR
STARTCHAR 1FBF
ENCODING 8127
SWIDTH 300 0
DWIDTH 5 0
BBX 2 3 1 9
BITMAP
40
40
80
ENDCHAR
STARTCHAR 1FC0
ENCODING 8128
SWIDTH 480 0
DWIDTH 8 0
BBX 6 3 1 11
BITMAP
44
FC
80
ENDCHAR
STARTCHAR 1FC1
ENCODING 8129
SWIDTH 480 0
DWIDTH 8 0
BBX 6 4 1 10
BITMAP
78
C0
CC
C8
ENDCHAR
STARTCHAR 1FC2
ENCODING 8130
SWIDTH 600 0
DWIDTH 10 0
BBX 8 17 1 -4
BITMAP
30
10
08
00
FE
C2
C3
C3
C3
C3
C3
C3
C3
03
C3
C3
40
ENDCHAR
STARTCHAR 1FC3
ENCODING 8131
SWIDTH 600 0
DWIDTH 10 0
BBX 8 13 1 -4
BITMAP
FE
C2
C3
C3
C3
C3
C3
C3
C3
03
C3
C3
40
ENDCHAR
STARTCHAR 1FC4
ENCODING 8132
SWIDTH 600 0
DWIDTH 10 0
BBX 8 17 1 -4
BITMAP
0C
08
10
00
FE
C2
C3
C3
C3
C3
C3
C3
C3
03
C3
C3
40
ENDCHAR
STARTCHAR 1FC6
ENCODING 8134
SWIDTH 600 0
DWIDTH 10 0
BBX 8 17 1 -3
BITMAP
22
7E
40
00
00
FE
C2
C3
C3
C3
C3
C3
C3
C3
03
03
03
ENDCHAR
STARTCHAR 1FC7
ENCODING 8135
SWIDTH 600 0
DWIDTH 10 0
BBX 8 18 1 -4
BITMAP
22
7E
40
00
00
FE
C2
C3
C3
C3
C3
C3
C3
C3
03
C3
C3
40
ENDCHAR
STARTCHAR 1FC8
ENCODING 8136
SWIDTH 780 0
DWIDTH 13 0
BBX 11 12 1 0
BITMAP
DFE0
5800
1800
1800
1800
1FC0
1800
1800
1800
1800
1800
1FE0
ENDCHAR
STARTCHAR 1FC9
ENCODING 8137
SWIDTH 780 0
DWIDTH 13 0
BBX 10 13 1 0
BITMAP
6000
5FC0
9000
1000
1000
1000
1FC0
1000
1000
1000
1000
1000
1FC0
ENDCHAR
STARTCHAR 1FCA
ENCODING 8138
SWIDTH 960 0
DWIDTH 16 0
BBX 13 12 1 0
BITMAP
C808
6808
0808
0808
0808
0FF8
0808
0808
0808
0808
0808
0808
ENDCHAR
STARTCHAR 1FCB
ENCODING 8139
SWIDTH 960 0
DWIDTH 16 0
BBX 12 13 2 0
BITMAP
6000
F010
B010
3010
3010
3010
3FF0
3010
3010
3010
3010
3010
3010
ENDCHAR
STARTCHAR 1FCC
ENCODING 8140
SWIDTH 780 0
DWIDTH 13 0
BBX 9 16 2 -4
BITMAP
8080
8080
8080
8080
8080
FF80
8080
8080
8080
8080
8080
8080
0000
0800
0800
0C00
ENDCHAR
STARTCHAR 1FCD
ENCODING 8141
SWIDTH 480 0
DWIDTH 8 0
BBX 5 3 1 9
BITMAP
58
48
80
ENDCHAR
STARTCHAR 1FCE
ENCODING 8142
SWIDTH 480 0
DWIDTH 8 0
BBX 5 3 1 9
BITMAP
78
50
C0
ENDCHAR
STARTCHAR 1FCF
ENCODING 8143
SWIDTH 360 0
DWIDTH 6 0
BBX 4 5 1 9
BITMAP
D0
B0
20
60
40
ENDCHAR
STARTCHAR 1FD0
ENCODING 8144
SWIDTH 300 0
DWIDTH 5 0
BBX 5 12 -1 0
BITMAP
C8
70
00
30
30
30
30
30
30
30
30
18
ENDCHAR
STARTCHAR 1FD1
ENCODING 8145
SWIDTH 300 0
DWIDTH 5 0
BBX 6 12 -1 0
BITMAP
FC
00
00
30
30
30
30
30
30
30
30
18
ENDCHAR
STARTCHAR 1FD2
ENCODING 8146
SWIDTH 300 0
DWIDTH 5 0
BBX 6 15 -1 0
BITMAP
60
20
DC
CC
00
00
30
30
30
30
30
30
30
30
18
ENDCHAR
STARTCHAR 1FD3
ENCODING 8147
SWIDTH 300 0
DWIDTH 5 0
BBX 6 15 -1 0
BITMAP
08
10
CC
4C
00
00
30
30
30
30
30
30
30
30
18
ENDCHAR
STARTCHAR 1FD6
ENCODING 8150
SWIDTH 300 0
DWIDTH 5 0
BBX 6 14 -1 0
BITMAP
44
FC
80
00
00
30
30
30
30
30
30
30
30
18
ENDCHAR
STARTCHAR 1FD7
ENCODING 8151
SWIDTH 300 0
DWIDTH 5 0
BBX 6 15 -1 0
BITMAP
78
40
CC
CC
00
00
30
30
30
30
30
30
30
30
18
ENDCHAR
STARTCHAR 1FD8
ENCODING 8152
SWIDTH 240 0
DWIDTH 4 0
BBX 5 15 0 0
BITMAP
98
70
00
60
60
60
60
60
60
60
60
60
60
60
60
ENDCHAR
STARTCHAR 1FD9
ENCODING 8153
SWIDTH 240 0
DWIDTH 4 0
BBX 6 15 -1 0
BITMAP
FC
00
00
30
30
30
30
30
30
30
30
30
30
30
30
ENDCHAR
STARTCHAR 1FDA
ENCODING 8154
SWIDTH 480 0
DWIDTH 8 0
BBX 5 12 1 0
BITMAP
C8
68
08
08
08
08
08
08
08
08
08
08
ENDCHAR
STARTCHAR 1FDB
ENCODING 8155
SWIDTH 420 0
DWIDTH 7 0
BBX 4 13 2 0
BITMAP
60
F0
B0
30
30
30
30
30
30
30
30
30
30
ENDCHAR
STARTCHAR 1FDD
ENCODING 8157
SWIDTH 480 0
DWIDTH 8 0
BBX 5 3 1 9
BITMAP
F8
48
60
ENDCHAR
STARTCHAR 1FDE
ENCODING 8158
SWIDTH 480 0
DWIDTH 8 0
BBX 5 3 1 9
BITMAP
D8
50
40
ENDCHAR
STARTCHAR 1FDF
ENCODING 8159
SWIDTH 360 0
DWIDTH 6 0
BBX 4 5 1 9
BITMAP
D0
B0
20
20
20
ENDCHAR
STARTCHAR 1FE0
ENCODING 8160
SWIDTH 600 0
DWIDTH 10 0
BBX 8 12 1 0
BITMAP
64
38
00
C6
C2
C2
C3
C3
C3
C2
46
3C
ENDCHAR
STARTCHAR 1FE1
ENCODING 8161
SWIDTH 600 0
DWIDTH 10 0
BBX 8 12 1 0
BITMAP
7E
00
00
C6
C2
C2
C3
C3
C3
C2
46
3C
ENDCHAR
STARTCHAR 1FE2
ENCODING 8162
SWIDTH 600 0
DWIDTH 10 0
BBX 8 15 1 0
BITMAP
20
10
66
64
00
00
C6
C2
C2
C3
C3
C3
C2
46
3C
ENDCHAR
STARTCHAR 1FE3
ENCODING 8163
SWIDTH 600 0
DWIDTH 10 0
BBX 8 15 1 0
BITMAP
0C
08
76
66
00
00
C6
C2
C2
C3
C3
C3
C2
46
3C
ENDCHAR
STARTCHAR 1FE4
ENCODING 8164
SWIDTH 600 0
DWIDTH 10 0
BBX 8 16 1 -3
BITMAP
08
08
10
00
3C
66
C3
C3
C3
C3
C3
E6
FC
C0
C0
C0
ENDCHAR
STARTCHAR 1FE5
ENCODING 8165
SWIDTH 600 0
DWIDTH 10 0
BBX 8 16 1 -3
BITMAP
10
18
08
00
3C
66
C3
C3
C3
C3
C3
E6
FC
C0
C0
C0
ENDCHAR
STARTCHAR 1FE6
ENCODING 8166
SWIDTH 600 0
DWIDTH 10 0
BBX 8 14 1 0
BITMAP
22
7C
40
00
00
C6
C2
C2
C3
C3
C3
C2
46
3C
ENDCHAR
STARTCHAR 1FE7
ENCODING 8167
SWIDTH 600 0
DWIDTH 10 0
BBX 8 15 1 0
BITMAP
3C
40
66
64
00
00
C6
C2
C2
C3
C3
C3
C2
46
3C
ENDCHAR
STARTCHAR 1FE8
ENCODING 8168
SWIDTH 660 0
DWIDTH 11 0
BBX 11 15 0 0
BITMAP
1900
0E00
8020
6040
20C0
3180
1100
1B00
0E00
0600
0400
0400
0400
0400
0400
ENDCHAR
STARTCHAR 1FE9
ENCODING 8169
SWIDTH 660 0
DWIDTH 11 0
BBX 11 15 0 0
BITMAP
1F00
0000
8020
6040
20C0
3180
1100
1B00
0E00
0600
0400
0400
0400
0400
0400
ENDCHAR
STARTCHAR 1FEA
ENCODING 8170
SWIDTH 840 0
DWIDTH 14 0
BBX 14 12 0 0
BITMAP
FC0C
2C18
0630
0220
0360
01C0
00C0
0080
0080
0080
0080
0080
ENDCHAR
STARTCHAR 1FEB
ENCODING 8171
SWIDTH 840 0
DWIDTH 14 0
BBX 13 13 1 0
BITMAP
E008
9030
9820
0C60
0440
06C0
0380
0300
0100
0100
0100
0100
0100
ENDCHAR
STARTCHAR 1FEC
ENCODING 8172
SWIDTH 780 0
DWIDTH 13 0
BBX 11 12 1 0
BITMAP
9FC0
D060
5060
1020
1060
1060
1FC0
1000
1000
1000
1000
1000
ENDCHAR
STARTCHAR 1FED
ENCODING 8173
SWIDTH 480 0
DWIDTH 8 0
BBX 6 4 1 10
BITMAP
40
20
CC
C8
ENDCHAR
STARTCHAR 1FEE
ENCODING 8174
SWIDTH 480 0
DWIDTH 8 0
BBX 6 4 1 10
BITMAP
18
10
EC
C8
ENDCHAR
STARTCHAR 1FEF
ENCODING 8175
SWIDTH 300 0
DWIDTH 5 0
BBX 3 2 1 10
BITMAP
C0
60
ENDCHAR
STARTCHAR 1FF2
ENCODING 8178
SWIDTH 840 0
DWIDTH 14 0
BBX 12 17 1 -4
BITMAP
0C00
0400
0200
0000
6060
C020
C030
C630
C630
C630
C630
4F60
79E0
0000
0600
0600
0600
ENDCHAR
STARTCHAR 1FF3
ENCODING 8179
SWIDTH 840 0
DWIDTH 14 0
BBX 12 13 1 -4
BITMAP
6060
C020
C030
C630
C630
C630
C630
4F60
79E0
0000
0600
0600
0600
ENDCHAR
STARTCHAR 1FF4
ENCODING 8180
SWIDTH 840 0
DWIDTH 14 0
BBX 12 17 1 -4
BITMAP
0300
0200
0400
0000
6060
C020
C030
C630
C630
C630
C630
4F60
79E0
0000
0600
0600
0600
ENDCHAR
STARTCHAR 1FF6
ENCODING 8182
SWIDTH 840 0
DWIDTH 14 0
BBX 12 14 1 0
BITMAP
0880
1F80
1000
0000
0000
6060
C020
C030
C630
C630
C630
C630
4F60
79E0
ENDCHAR
STARTCHAR 1FF7
ENCODING 8183
SWIDTH 840 0
DWIDTH 14 0
BBX 12 18 1 -4
BITMAP
0880
1F80
1000
0000
0000
6060
C020
C030
C630
C630
C630
C630
4F60
79E0
0000
0600
0600
0600
ENDCHAR
STARTCHAR 1FF8
ENCODING 8184
SWIDTH 900 0
DWIDTH 15 0
BBX 14 13 0 0
BITMAP
0080
C7E0
4C30
3818
1808
100C
100C
100C
1008
1808
0818
0E30
07E0
ENDCHAR
STARTCHAR 1FF9
ENCODING 8185
SWIDTH 780 0
DWIDTH 13 0
BBX 11 13 1 0
BITMAP
C400
9F80
B0C0
6060
4020
4020
C020
C020
4020
4060
6060
31C0
1F80
ENDCHAR
STARTCHAR 1FFA
ENCODING 8186
SWIDTH 840 0
DWIDTH 14 0
BBX 13 13 0 0
BITMAP
0100
C7E0
4C30
1818
1008
3008
3008
3008
1018
1818
0C30
0660
3E78
ENDCHAR
STARTCHAR 1FFB
ENCODING 8187
SWIDTH 840 0
DWIDTH 14 0
BBX 12 13 1 0
BITMAP
C200
9FC0
B0E0
2060
6030
4030
4030
4030
6030
2020
3040
1980
79F0
ENDCHAR
STARTCHAR 1FFC
ENCODING 8188
SWIDTH 780 0
DWIDTH 13 0
BBX 11 17 1 -4
BITMAP
0400
3F80
60C0
4040
C060
C060
8060
C060
C060
4040
60C0
3100
F1E0
0000
0400
0400
0600
ENDCHAR
STARTCHAR 1FFD
ENCODING 8189
SWIDTH 300 0
DWIDTH 5 0
BBX 2 3 2 10
BITMAP
C0
80
80
ENDCHAR
STARTCHAR 1FFE
ENCODING 8190
SWIDTH 300 0
DWIDTH 5 0
BBX 2 3 1 9
BITMAP
C0
40
40
ENDCHAR
STARTCHAR 2000
ENCODING 8192
SWIDTH 540 0
DWIDTH 9 0
BBX 0 0 0 0
BITMAP
ENDCHAR
STARTCHAR 2001
ENCODING 8193
SWIDTH 1140 0
DWIDTH 19 0
BBX 0 0 0 0
BITMAP
ENDCHAR
STARTCHAR 2002
ENCODING 8194
SWIDTH 540 0
DWIDTH 9 0
BBX 0 0 0 0
BITMAP
ENDCHAR
STARTCHAR 2003
ENCODING 8195
SWIDTH 1020 0
DWIDTH 17 0
BBX 0 0 0 0
BITMAP
ENDCHAR
STARTCHAR 2004
ENCODING 8196
SWIDTH 360 0
DWIDTH 6 0
BBX 0 0 0 0
BITMAP
ENDCHAR
STARTCHAR 2005
ENCODING 8197
SWIDTH 240 0
DWIDTH 4 0
BBX 0 0 0 0
BITMAP
ENDCHAR
STARTCHAR 2006
ENCODING 8198
SWIDTH 180 0
DWIDTH 3 0
BBX 0 0 0 0
BITMAP
ENDCHAR
STARTCHAR 2007
ENCODING 8199
SWIDTH 660 0
DWIDTH 11 0
BBX 0 0 0 0
BITMAP
ENDCHAR
STARTCHAR 2008
ENCODING 8200
SWIDTH 300 0
DWIDTH 5 0
BBX 0 0 0 0
BITMAP
ENDCHAR
STARTCHAR 2009
ENCODING 8201
SWIDTH 180 0
DWIDTH 3 0
BBX 0 0 0 0
BITMAP
ENDCHAR
STARTCHAR 200A
ENCODING 8202
SWIDTH 120 0
DWIDTH 2 0
BBX 0 0 0 0
BITMAP
ENDCHAR
STARTCHAR 200B
ENCODING 8203
SWIDTH 0 0
DWIDTH 0 0
BBX 0 0 0 0
BITMAP
ENDCHAR
STARTCHAR 2010
ENCODING 8208
SWIDTH 360 0
DWIDTH 6 0
BBX 6 1 0 5
BITMAP
FC
ENDCHAR
STARTCHAR 2011
ENCODING 8209
SWIDTH 360 0
DWIDTH 6 0
BBX 6 1 0 5
BITMAP
FC
ENDCHAR
STARTCHAR 2012
ENCODING 8210
SWIDTH 660 0
DWIDTH 11 0
BBX 11 1 0 5
BITMAP
FFE0
ENDCHAR
STARTCHAR 2013
ENCODING 8211
SWIDTH 540 0
DWIDTH 9 0
BBX 9 1 0 5
BITMAP
FF80
ENDCHAR
STARTCHAR 2014
ENCODING 8212
SWIDTH 1020 0
DWIDTH 17 0
BBX 17 1 0 5
BITMAP
FFFF80
ENDCHAR
STARTCHAR 2015
ENCODING 8213
SWIDTH 1020 0
DWIDTH 17 0
BBX 17 1 0 5
BITMAP
FFFF80
ENDCHAR
STARTCHAR 2016
ENCODING 8214
SWIDTH 360 0
DWIDTH 6 0
BBX 3 20 2 -4
BITMAP
A0
A0
A0
A0
A0
A0
A0
A0
A0
A0
A0
A0
A0
A0
A0
A0
A0
A0
A0
A0
ENDCHAR
STARTCHAR 2017
ENCODING 8215
SWIDTH 480 0
DWIDTH 8 0
BBX 8 3 0 -3
BITMAP
FF
00
FF
ENDCHAR
STARTCHAR 2018
ENCODING 8216
SWIDTH 180 0
DWIDTH 3 0
BBX 2 4 1 9
BITMAP
40
C0
80
80
ENDCHAR
STARTCHAR 2019
ENCODING 8217
SWIDTH 180 0
DWIDTH 3 0
BBX 3 4 0 8
BITMAP
60
40
40
C0
ENDCHAR
STARTCHAR 201A
ENCODING 8218
SWIDTH 180 0
DWIDTH 3 0
BBX 3 4 0 -3
BITMAP
60
40
40
80
ENDCHAR
STARTCHAR 201B
ENCODING 8219
SWIDTH 240 0
DWIDTH 4 0
BBX 2 4 1 8
BITMAP
C0
C0
40
40
ENDCHAR
STARTCHAR 201C
ENCODING 8220
SWIDTH 360 0
DWIDTH 6 0
BBX 5 4 1 9
BITMAP
48
D8
90
90
ENDCHAR
STARTCHAR 201D
ENCODING 8221
SWIDTH 360 0
DWIDTH 6 0
BBX 6 4 0 8
BITMAP
6C
4C
48
D8
ENDCHAR
STARTCHAR 201E
ENCODING 8222
SWIDTH 360 0
DWIDTH 6 0
BBX 6 4 0 -3
BITMAP
6C
4C
48
D8
ENDCHAR
STARTCHAR 201F
ENCODING 8223
SWIDTH 480 0
DWIDTH 8 0
BBX 6 4 1 8
BITMAP
D8
48
48
64
ENDCHAR
STARTCHAR 2020
ENCODING 8224
SWIDTH 660 0
DWIDTH 11 0
BBX 8 12 1 0
BITMAP
08
08
08
FF
08
08
08
08
08
08
08
08
ENDCHAR
STARTCHAR 2021
ENCODING 8225
SWIDTH 540 0
DWIDTH 9 0
BBX 9 15 0 -3
BITMAP
0800
0800
0800
FF80
0800
0800
0800
0800
0800
0800
0800
FF80
0800
0800
0800
ENDCHAR
STARTCHAR 2022
ENCODING 8226
SWIDTH 600 0
DWIDTH 10 0
BBX 5 6 2 2
BITMAP
20
78
F8
F8
78
30
ENDCHAR
STARTCHAR 2023
ENCODING 8227
SWIDTH 600 0
DWIDTH 10 0
BBX 4 6 3 2
BITMAP
80
C0
E0
F0
C0
80
ENDCHAR
STARTCHAR 2024
ENCODING 8228
SWIDTH 300 0
DWIDTH 5 0
BBX 2 2 1 0
BITMAP
C0
C0
ENDCHAR
STARTCHAR 2025
ENCODING 8229
SWIDTH 540 0
DWIDTH 9 0
BBX 7 2 1 0
BITMAP
C6
C6
ENDCHAR
STARTCHAR 2026
ENCODING 8230
SWIDTH 840 0
DWIDTH 14 0
BBX 12 2 1 0
BITMAP
C630
C630
ENDCHAR
STARTCHAR 2027
ENCODING 8231
SWIDTH 300 0
DWIDTH 5 0
BBX 2 2 1 4
BITMAP
C0
40
ENDCHAR
STARTCHAR 202F
ENCODING 8239
SWIDTH 180 0
DWIDTH 3 0
BBX 0 0 0 0
BITMAP
ENDCHAR
STARTCHAR 2030
ENCODING 8240
SWIDTH 1080 0
DWIDTH 18 0
BBX 15 13 1 0
BITMAP
2020
7840
C880
C980
4900
7200
0600
0400
09FE
1932
1132
2132
61FE
ENDCHAR
STARTCHAR 2031
ENCODING 8241
SWIDTH 1320 0
DWIDTH 22 0
BBX 19 13 1 0
BITMAP
202000
784000
C88000
C98000
490000
720000
060000
040000
09FFE0
193220
113220
213320
61FFC0
ENDCHAR
STARTCHAR 2032
ENCODING 8242
SWIDTH 240 0
DWIDTH 4 0
BBX 2 4 1 8
BITMAP
C0
80
80
80
ENDCHAR
STARTCHAR 2033
ENCODING 8243
SWIDTH 420 0
DWIDTH 7 0
BBX 5 4 1 8
BITMAP
D8
98
90
90
ENDCHAR
STARTCHAR 2034
ENCODING 8244
SWIDTH 600 0
DWIDTH 10 0
BBX 8 4 1 8
BITMAP
DB
9B
93
92
ENDCHAR
STARTCHAR 2035
ENCODING 8245
SWIDTH 240 0
DWIDTH 4 0
BBX 2 4 1 8
BITMAP
C0
C0
C0
40
ENDCHAR
STARTCHAR 2036
ENCODING 8246
SWIDTH 420 0
DWIDTH 7 0
BBX 5 4 1 8
BITMAP
D8
D8
C8
48
ENDCHAR
STARTCHAR 2037
ENCODING 8247
SWIDTH 600 0
DWIDTH 10 0
BBX 8 4 1 8
BITMAP
DB
D9
C9
49
ENDCHAR
STARTCHAR 2038
ENCODING 8248
SWIDTH 480 0
DWIDTH 8 0
BBX 6 4 1 -5
BITMAP
30
58
C8
8C
ENDCHAR
STARTCHAR 2039
ENCODING 8249
SWIDTH 360 0
DWIDTH 6 0
BBX 4 8 1 1
BITMAP
30
20
40
C0
C0
40
20
30
ENDCHAR
STARTCHAR 203A
ENCODING 8250
SWIDTH 360 0
DWIDTH 6 0
BBX 4 8 1 1
BITMAP
C0
40
20
30
30
60
40
C0
ENDCHAR
STARTCHAR 203B
ENCODING 8251
SWIDTH 660 0
DWIDTH 11 0
BBX 9 9 1 1
BITMAP
5900
6B00
3600
9D80
DD80
3600
6300
5900
0800
ENDCHAR
STARTCHAR 203C
ENCODING 8252
SWIDTH 540 0
DWIDTH 9 0
BBX 7 12 1 0
BITMAP
46
46
46
46
46
46
46
46
46
00
C6
C6
ENDCHAR
STARTCHAR 203D
ENCODING 8253
SWIDTH 540 0
DWIDTH 9 0
BBX 7 13 1 0
BITMAP
10
7C
C6
86
36
34
3C
30
30
20
00
30
30
ENDCHAR
STARTCHAR 203E
ENCODING 8254
SWIDTH 540 0
DWIDTH 9 0
BBX 7 1 1 13
BITMAP
FE
ENDCHAR
STARTCHAR 203F
ENCODING 8255
SWIDTH 840 0
DWIDTH 14 0
BBX 12 3 1 -4
BITMAP
8030
7FE0
3F80
ENDCHAR
STARTCHAR 2040
ENCODING 8256
SWIDTH 840 0
DWIDTH 14 0
BBX 12 3 1 10
BITMAP
1F80
7FE0
C030
ENDCHAR
STARTCHAR 2041
ENCODING 8257
SWIDTH 480 0
DWIDTH 8 0
BBX 6 9 1 -4
BITMAP
04
08
08
10
30
20
50
D8
88
ENDCHAR
STARTCHAR 2042
ENCODING 8258
SWIDTH 720 0
DWIDTH 12 0
BBX 10 10 1 1
BITMAP
1600
0E00
1F00
1E00
0400
2100
73C0
FFC0
7380
7340
ENDCHAR
STARTCHAR 2043
ENCODING 8259
SWIDTH 600 0
DWIDTH 10 0
BBX 4 2 3 4
BITMAP
F0
F0
ENDCHAR
STARTCHAR 2044
ENCODING 8260
SWIDTH 300 0
DWIDTH 5 0
BBX 10 12 -3 0
BITMAP
00C0
0080
0100
0300
0200
0400
0C00
1800
1000
2000
6000
C000
ENDCHAR
STARTCHAR 2045
ENCODING 8261
SWIDTH 360 0
DWIDTH 6 0
BBX 4 16 2 -3
BITMAP
F0
80
80
80
80
80
80
F0
80
80
80
80
80
80
F0
F0
ENDCHAR
STARTCHAR 2046
ENCODING 8262
SWIDTH 360 0
DWIDTH 6 0
BBX 3 16 1 -3
BITMAP
E0
20
20
20
20
20
20
E0
20
20
20
20
20
20
E0
E0
ENDCHAR
STARTCHAR 2047
ENCODING 8263
SWIDTH 1020 0
DWIDTH 17 0
BBX 15 13 1 0
BITMAP
1010
7C7E
C642
86C2
0602
0C06
180C
3018
3010
3010
0000
3018
3038
ENDCHAR
STARTCHAR 2048
ENCODING 8264
SWIDTH 780 0
DWIDTH 13 0
BBX 11 13 1 0
BITMAP
1000
7C60
C660
8660
0660
0C60
1860
3060
3060
3060
0000
3060
3060
ENDCHAR
STARTCHAR 2049
ENCODING 8265
SWIDTH 780 0
DWIDTH 13 0
BBX 12 13 1 0
BITMAP
0180
47E0
4420
4C30
4020
4060
40C0
4180
4100
4100
0000
C180
C180
ENDCHAR
STARTCHAR 204A
ENCODING 8266
SWIDTH 480 0
DWIDTH 8 0
BBX 6 12 1 -3
BITMAP
FC
0C
0C
0C
0C
0C
0C
0C
0C
0C
0C
0C
ENDCHAR
STARTCHAR 204B
ENCODING 8267
SWIDTH 600 0
DWIDTH 10 0
BBX 7 12 2 0
BITMAP
FC
BE
BE
BE
BE
BE
BC
80
80
80
80
80
ENDCHAR
STARTCHAR 204C
ENCODING 8268
SWIDTH 600 0
DWIDTH 10 0
BBX 8 7 1 1
BITMAP
7F
FB
FB
FB
FB
7F
1F
ENDCHAR
STARTCHAR 204D
ENCODING 8269
SWIDTH 600 0
DWIDTH 10 0
BBX 8 7 1 1
BITMAP
FE
DF
DF
DF
DF
FE
F8
ENDCHAR
STARTCHAR 204E
ENCODING 8270
SWIDTH 540 0
DWIDTH 9 0
BBX 7 7 1 -3
BITMAP
10
D6
78
38
D6
10
10
ENDCHAR
STARTCHAR 204F
ENCODING 8271
SWIDTH 300 0
DWIDTH 5 0
BBX 3 12 1 -3
BITMAP
C0
C0
00
00
00
00
00
C0
40
40
40
60
ENDCHAR
STARTCHAR 2050
ENCODING 8272
SWIDTH 840 0
DWIDTH 14 0
BBX 12 17 1 -4
BITMAP
1F80
7FE0
C030
0000
0000
0000
0000
0000
0000
0000
0000
0000
0000
0000
8030
FFE0
3F80
ENDCHAR
STARTCHAR 2051
ENCODING 8273
SWIDTH 540 0
DWIDTH 9 0
BBX 6 16 2 -4
BITMAP
10
94
78
78
DC
10
10
00
00
10
94
78
78
DC
10
10
ENDCHAR
STARTCHAR 2052
ENCODING 8274
SWIDTH 480 0
DWIDTH 8 0
BBX 6 13 1 -1
BITMAP
0C
08
88
D8
10
10
30
20
60
4C
4C
C0
80
ENDCHAR
STARTCHAR 2053
ENCODING 8275
SWIDTH 720 0
DWIDTH 12 0
BBX 10 3 1 5
BITMAP
2000
FC40
87C0
ENDCHAR
STARTCHAR 2054
ENCODING 8276
SWIDTH 840 0
DWIDTH 14 0
BBX 12 3 1 -4
BITMAP
3F80
7FE0
8010
ENDCHAR
STARTCHAR 2055
ENCODING 8277
SWIDTH 540 0
DWIDTH 9 0
BBX 7 7 1 1
BITMAP
10
54
38
FE
38
54
10
ENDCHAR
STARTCHAR 2056
ENCODING 8278
SWIDTH 480 0
DWIDTH 8 0
BBX 6 8 1 0
BITMAP
04
0C
00
80
C0
00
04
0C
ENDCHAR
STARTCHAR 2057
ENCODING 8279
SWIDTH 780 0
DWIDTH 13 0
BBX 11 4 1 8
BITMAP
DB20
9B20
9360
9240
ENDCHAR
STARTCHAR 2058
ENCODING 8280
SWIDTH 660 0
DWIDTH 11 0
BBX 9 8 1 0
BITMAP
0800
1800
0000
C180
C180
0000
0800
1800
ENDCHAR
STARTCHAR 2059
ENCODING 8281
SWIDTH 540 0
DWIDTH 9 0
BBX 8 8 1 0
BITMAP
82
C3
00
10
18
00
82
C3
ENDCHAR
STARTCHAR 205A
ENCODING 8282
SWIDTH 180 0
DWIDTH 3 0
BBX 2 11 1 0
BITMAP
80
C0
00
00
00
00
00
00
00
80
C0
ENDCHAR
STARTCHAR 205B
ENCODING 8283
SWIDTH 540 0
DWIDTH 9 0
BBX 8 11 1 0
BITMAP
10
18
00
00
82
C3
00
00
00
10
18
ENDCHAR
STARTCHAR 205C
ENCODING 8284
SWIDTH 540 0
DWIDTH 9 0
BBX 9 8 0 0
BITMAP
C980
4900
0800
FF80
FF80
0800
4900
C980
ENDCHAR
STARTCHAR 205D
ENCODING 8285
SWIDTH 180 0
DWIDTH 3 0
BBX 2 11 1 0
BITMAP
80
C0
00
00
80
C0
00
00
00
80
C0
ENDCHAR
STARTCHAR 205E
ENCODING 8286
SWIDTH 180 0
DWIDTH 3 0
BBX 2 11 1 0
BITMAP
80
C0
00
80
C0
00
80
C0
00
80
C0
ENDCHAR
STARTCHAR 205F
ENCODING 8287
SWIDTH 300 0
DWIDTH 5 0
BBX 0 0 0 0
BITMAP
ENDCHAR
STARTCHAR 2070
ENCODING 8304
SWIDTH 420 0
DWIDTH 7 0
BBX 6 8 1 6
BITMAP
30
D8
8C
8C
8C
8C
C8
70
ENDCHAR
STARTCHAR 2071
ENCODING 8305
SWIDTH 180 0
DWIDTH 3 0
BBX 1 9 1 6
BITMAP
80
80
00
80
80
80
80
80
80
ENDCHAR
STARTCHAR 2074
ENCODING 8308
SWIDTH 420 0
DWIDTH 7 0
BBX 6 8 1 6
BITMAP
18
38
28
48
C8
FC
08
08
ENDCHAR
STARTCHAR 2075
ENCODING 8309
SWIDTH 420 0
DWIDTH 7 0
BBX 5 8 1 6
BITMAP
F8
80
80
F8
08
08
88
70
ENDCHAR
STARTCHAR 2076
ENCODING 8310
SWIDTH 420 0
DWIDTH 7 0
BBX 6 8 1 6
BITMAP
30
D8
80
F8
88
8C
C8
70
ENDCHAR
STARTCHAR 2077
ENCODING 8311
SWIDTH 420 0
DWIDTH 7 0
BBX 5 8 1 6
BITMAP
F8
08
10
10
20
60
40
C0
ENDCHAR
STARTCHAR 2078
ENCODING 8312
SWIDTH 420 0
DWIDTH 7 0
BBX 6 8 1 6
BITMAP
70
D8
88
D8
F8
8C
88
70
ENDCHAR
STARTCHAR 2079
ENCODING 8313
SWIDTH 420 0
DWIDTH 7 0
BBX 6 8 1 6
BITMAP
70
D8
88
8C
FC
08
D8
70
ENDCHAR
STARTCHAR 207A
ENCODING 8314
SWIDTH 420 0
DWIDTH 7 0
BBX 5 5 1 7
BITMAP
20
20
F8
20
20
ENDCHAR
STARTCHAR 207B
ENCODING 8315
SWIDTH 420 0
DWIDTH 7 0
BBX 5 1 1 9
BITMAP
F8
ENDCHAR
STARTCHAR 207C
ENCODING 8316
SWIDTH 420 0
DWIDTH 7 0
BBX 5 3 1 8
BITMAP
F8
00
F8
ENDCHAR
STARTCHAR 207D
ENCODING 8317
SWIDTH 240 0
DWIDTH 4 0
BBX 3 11 1 4
BITMAP
20
40
40
C0
C0
80
C0
C0
40
40
20
ENDCHAR
STARTCHAR 207E
ENCODING 8318
SWIDTH 240 0
DWIDTH 4 0
BBX 3 11 0 4
BITMAP
C0
40
60
20
20
20
20
20
60
40
C0
ENDCHAR
STARTCHAR 207F
ENCODING 8319
SWIDTH 420 0
DWIDTH 7 0
BBX 5 6 1 6
BITMAP
F8
88
88
88
88
88
ENDCHAR
STARTCHAR 2080
ENCODING 8320
SWIDTH 420 0
DWIDTH 7 0
BBX 6 8 1 -2
BITMAP
30
D8
8C
8C
8C
8C
C8
70
ENDCHAR
STARTCHAR 2081
ENCODING 8321
SWIDTH 300 0
DWIDTH 5 0
BBX 3 8 1 -2
BITMAP
60
E0
A0
20
20
20
20
20
ENDCHAR
STARTCHAR 2082
ENCODING 8322
SWIDTH 420 0
DWIDTH 7 0
BBX 5 8 1 -2
BITMAP
70
D8
88
08
10
60
C0
F8
ENDCHAR
STARTCHAR 2083
ENCODING 8323
SWIDTH 420 0
DWIDTH 7 0
BBX 6 8 1 -2
BITMAP
70
D8
08
18
38
0C
88
70
ENDCHAR
STARTCHAR 2084
ENCODING 8324
SWIDTH 420 0
DWIDTH 7 0
BBX 6 8 1 -2
BITMAP
18
38
28
48
C8
FC
08
08
ENDCHAR
STARTCHAR 2085
ENCODING 8325
SWIDTH 420 0
DWIDTH 7 0
BBX 5 8 1 -2
BITMAP
F8
80
80
F8
08
08
88
70
ENDCHAR
STARTCHAR 2086
ENCODING 8326
SWIDTH 420 0
DWIDTH 7 0
BBX 6 8 1 -2
BITMAP
30
D8
80
F8
88
8C
C8
70
ENDCHAR
STARTCHAR 2087
ENCODING 8327
SWIDTH 420 0
DWIDTH 7 0
BBX 5 8 1 -2
BITMAP
F8
08
10
10
20
60
40
C0
ENDCHAR
STARTCHAR 2088
ENCODING 8328
SWIDTH 420 0
DWIDTH 7 0
BBX 6 8 1 -2
BITMAP
70
D8
88
D8
F8
8C
88
70
ENDCHAR
STARTCHAR 2089
ENCODING 8329
SWIDTH 420 0
DWIDTH 7 0
BBX 6 8 1 -2
BITMAP
70
D8
88
8C
FC
08
D8
70
ENDCHAR
STARTCHAR 208A
ENCODING 8330
SWIDTH 420 0
DWIDTH 7 0
BBX 5 5 1 -1
BITMAP
20
20
F8
20
20
ENDCHAR
STARTCHAR 208B
ENCODING 8331
SWIDTH 420 0
DWIDTH 7 0
BBX 5 1 1 1
BITMAP
F8
ENDCHAR
STARTCHAR 208C
ENCODING 8332
SWIDTH 420 0
DWIDTH 7 0
BBX 5 3 1 0
BITMAP
F8
00
F8
ENDCHAR
STARTCHAR 208D
ENCODING 8333
SWIDTH 240 0
DWIDTH 4 0
BBX 3 11 1 -4
BITMAP
20
40
40
C0
C0
80
C0
C0
40
40
20
ENDCHAR
STARTCHAR 208E
ENCODING 8334
SWIDTH 240 0
DWIDTH 4 0
BBX 3 11 0 -4
BITMAP
C0
40
60
20
20
20
20
20
60
40
C0
ENDCHAR
STARTCHAR 2090
ENCODING 8336
SWIDTH 360 0
DWIDTH 6 0
BBX 5 6 1 -2
BITMAP
F0
18
78
98
98
F8
ENDCHAR
STARTCHAR 2091
ENCODING 8337
SWIDTH 420 0
DWIDTH 7 0
BBX 5 6 1 -2
BITMAP
F0
88
F8
80
88
70
ENDCHAR
STARTCHAR 2092
ENCODING 8338
SWIDTH 420 0
DWIDTH 7 0
BBX 5 6 1 -2
BITMAP
F8
88
88
88
98
70
ENDCHAR
STARTCHAR 2093
ENCODING 8339
SWIDTH 360 0
DWIDTH 6 0
BBX 6 6 0 -2
BITMAP
CC
38
30
30
68
CC
ENDCHAR
STARTCHAR 2094
ENCODING 8340
SWIDTH 480 0
DWIDTH 8 0
BBX 6 7 1 -4
BITMAP
F8
4C
0C
FC
CC
78
30
ENDCHAR
STARTCHAR 2095
ENCODING 8341
SWIDTH 420 0
DWIDTH 7 0
BBX 5 8 1 -2
BITMAP
80
80
F8
88
88
88
88
88
ENDCHAR
STARTCHAR 2096
ENCODING 8342
SWIDTH 360 0
DWIDTH 6 0
BBX 5 8 1 -2
BITMAP
80
88
90
A0
E0
A0
90
98
ENDCHAR
STARTCHAR 2097
ENCODING 8343
SWIDTH 180 0
DWIDTH 3 0
BBX 1 8 1 -2
BITMAP
80
80
80
80
80
80
80
80
ENDCHAR
STARTCHAR 2098
ENCODING 8344
SWIDTH 600 0
DWIDTH 10 0
BBX 8 6 1 -2
BITMAP
F7
99
99
99
99
99
ENDCHAR
STARTCHAR 2099
ENCODING 8345
SWIDTH 420 0
DWIDTH 7 0
BBX 5 6 1 -2
BITMAP
F8
88
88
88
88
88
ENDCHAR
STARTCHAR 209A
ENCODING 8346
SWIDTH 420 0
DWIDTH 7 0
BBX 5 8 1 -4
BITMAP
F8
88
88
88
C8
B0
80
80
ENDCHAR
STARTCHAR 209B
ENCODING 8347
SWIDTH 360 0
DWIDTH 6 0
BBX 5 6 1 -2
BITMAP
F0
88
E0
18
98
F0
ENDCHAR
STARTCHAR 209C
ENCODING 8348
SWIDTH 240 0
DWIDTH 4 0
BBX 4 8 0 -2
BITMAP
40
40
F0
40
40
40
60
30
ENDCHAR
STARTCHAR 20A0
ENCODING 8352
SWIDTH 720 0
DWIDTH 12 0
BBX 10 13 1 0
BITMAP
1800
6600
4200
C000
CFC0
CFC0
4800
6800
3F80
0800
0800
0800
0FC0
ENDCHAR
STARTCHAR 20A1
ENCODING 8353
SWIDTH 720 0
DWIDTH 12 0
BBX 10 16 1 -2
BITMAP
0280
0680
3F80
65C0
4540
C540
CA00
8A00
8A00
D400
D440
74C0
3580
3F00
2800
4800
ENDCHAR
STARTCHAR 20A2
ENCODING 8354
SWIDTH 720 0
DWIDTH 12 0
BBX 10 13 1 0
BITMAP
0400
3F80
60C0
4040
C040
C000
85C0
8740
C400
C440
64C0
3580
1F00
ENDCHAR
STARTCHAR 20A3
ENCODING 8355
SWIDTH 600 0
DWIDTH 10 0
BBX 9 12 0 0
BITMAP
7F80
6000
6000
6000
6000
7F00
6000
6000
F800
F800
6000
6000
ENDCHAR
STARTCHAR 20A4
ENCODING 8356
SWIDTH 660 0
DWIDTH 11 0
BBX 9 13 1 0
BITMAP
0400
3F00
2100
6180
6000
6000
FC00
6000
FC00
6000
6000
6000
FF80
ENDCHAR
STARTCHAR 20A5
ENCODING 8357
SWIDTH 900 0
DWIDTH 15 0
BBX 12 12 1 -1
BITMAP
0180
0100
FFE0
E730
C610
C610
C610
CE10
CA10
DA10
DA10
3000
ENDCHAR
STARTCHAR 20A6
ENCODING 8358
SWIDTH 780 0
DWIDTH 13 0
BBX 13 12 0 0
BITMAP
3020
3020
3820
2C20
FFF8
2620
2320
FFF8
20A0
20E0
2060
2020
ENDCHAR
STARTCHAR 20A7
ENCODING 8359
SWIDTH 1140 0
DWIDTH 19 0
BBX 16 12 2 0
BITMAP
F800
8C80
8480
87FE
8491
8C90
F898
808E
8083
8091
80B3
80FE
ENDCHAR
STARTCHAR 20A8
ENCODING 8360
SWIDTH 1140 0
DWIDTH 19 0
BBX 16 12 2 0
BITMAP
FE00
8200
8300
833E
8363
8660
FC30
8C1E
8403
8621
8363
833E
ENDCHAR
STARTCHAR 20A9
ENCODING 8361
SWIDTH 960 0
DWIDTH 16 0
BBX 16 12 0 0
BITMAP
C183
4182
63C2
63C6
FFFF
2244
366C
FFFF
1428
1428
1C38
0818
ENDCHAR
STARTCHAR 20AA
ENCODING 8362
SWIDTH 840 0
DWIDTH 14 0
BBX 10 9 2 0
BITMAP
FC40
8640
8240
9240
9240
9240
9040
90C0
9F80
ENDCHAR
STARTCHAR 20AB
ENCODING 8363
SWIDTH 660 0
DWIDTH 11 0
BBX 9 14 1 -2
BITMAP
0F80
0F80
0100
7D00
4300
C300
8100
8100
8100
C300
6700
3D00
0000
FF00
ENDCHAR
STARTCHAR 20AC
ENCODING 8364
SWIDTH 660 0
DWIDTH 11 0
BBX 10 13 0 0
BITMAP
0100
0FC0
1840
1000
3000
7F80
A000
7F00
FE00
3000
1000
1CC0
07C0
ENDCHAR
STARTCHAR 20AD
ENCODING 8365
SWIDTH 720 0
DWIDTH 12 0
BBX 12 12 0 0
BITMAP
3070
30C0
3180
3300
3600
FFF0
3A00
3300
3180
30C0
3040
3070
ENDCHAR
STARTCHAR 20AE
ENCODING 8366
SWIDTH 660 0
DWIDTH 11 0
BBX 9 12 1 0
BITMAP
FF80
0800
0800
0A00
0E00
3800
4E00
3C00
2800
0800
0800
0800
ENDCHAR
STARTCHAR 20AF
ENCODING 8367
SWIDTH 1320 0
DWIDTH 22 0
BBX 20 17 1 -3
BITMAP
180000
1E0000
7FC000
98E000
186000
1833E0
183620
183430
183410
183410
F83410
986410
9CE630
F7C5E0
000400
000400
000400
ENDCHAR
STARTCHAR 20B0
ENCODING 8368
SWIDTH 660 0
DWIDTH 11 0
BBX 9 17 1 -4
BITMAP
0700
0D80
0880
0880
0D80
0D00
0700
0700
2600
7600
7F00
DB00
C900
0100
0180
0F00
0600
ENDCHAR
STARTCHAR 20B1
ENCODING 8369
SWIDTH 720 0
DWIDTH 12 0
BBX 11 12 1 0
BITMAP
7F00
6180
FFE0
60C0
FFE0
6080
7F80
7C00
6000
6000
6000
6000
ENDCHAR
STARTCHAR 20B2
ENCODING 8370
SWIDTH 780 0
DWIDTH 13 0
BBX 11 16 1 -2
BITMAP
0400
0400
3F80
64C0
44C0
C460
C400
8400
87E0
C460
C440
64C0
3580
1F00
0400
0400
ENDCHAR
STARTCHAR 20B3
ENCODING 8371
SWIDTH 720 0
DWIDTH 12 0
BBX 11 12 0 0
BITMAP
0600
0E00
0B00
0B00
1900
7FE0
3080
7FE0
7FE0
6040
6060
C060
ENDCHAR
STARTCHAR 20B4
ENCODING 8372
SWIDTH 660 0
DWIDTH 11 0
BBX 9 13 1 0
BITMAP
0800
7E00
6300
4300
0300
FF80
0000
FF80
FF80
4000
4100
6300
3E00
ENDCHAR
STARTCHAR 20B5
ENCODING 8373
SWIDTH 720 0
DWIDTH 12 0
BBX 10 16 1 -2
BITMAP
0400
0400
3F80
64C0
4440
C440
C400
8400
8400
C400
C440
64C0
3580
1F00
0400
0400
ENDCHAR
STARTCHAR 20B6
ENCODING 8374
SWIDTH 540 0
DWIDTH 9 0
BBX 8 12 1 0
BITMAP
40
4C
4C
FF
4C
4C
4C
4C
4C
4C
4C
47
ENDCHAR
STARTCHAR 20B7
ENCODING 8375
SWIDTH 660 0
DWIDTH 11 0
BBX 9 13 1 -1
BITMAP
3E00
6300
4180
4000
6000
3C00
0F00
0180
ED80
9780
F780
BF00
9600
ENDCHAR
STARTCHAR 20B8
ENCODING 8376
SWIDTH 660 0
DWIDTH 11 0
BBX 9 12 1 0
BITMAP
FF80
0000
FF80
0800
0800
0800
0800
0800
0800
0800
0800
0800
ENDCHAR
STARTCHAR 20B9
ENCODING 8377
SWIDTH 540 0
DWIDTH 9 0
BBX 9 12 0 0
BITMAP
FF80
0600
0680
FF00
0600
0C00
7800
6000
3000
1800
0C00
0600
ENDCHAR
STARTCHAR 20BA
ENCODING 8378
SWIDTH 600 0
DWIDTH 10 0
BBX 8 12 1 0
BITMAP
20
2C
38
E4
BC
70
E0
A3
23
23
26
3C
ENDCHAR
STARTCHAR 20BB
ENCODING 8379
SWIDTH 840 0
DWIDTH 14 0
BBX 13 12 0 0
BITMAP
7800
4800
CC00
7FF0
0C38
0C08
0EC8
3FF8
3D70
0C00
0600
0380
ENDCHAR
STARTCHAR 20BC
ENCODING 8380
SWIDTH 720 0
DWIDTH 12 0
BBX 10 9 1 0
BITMAP
0C00
0C00
3F00
6D80
4C80
CCC0
CCC0
CC40
CC40
ENDCHAR
STARTCHAR 20BD
ENCODING 8381
SWIDTH 720 0
DWIDTH 12 0
BBX 10 12 1 0
BITMAP
3F80
20C0
20C0
20C0
20C0
2180
FF00
2000
FC00
2000
2000
2000
ENDCHAR
STARTCHAR 20BE
ENCODING 8382
SWIDTH 720 0
DWIDTH 12 0
BBX 10 12 1 0
BITMAP
1A00
1E00
3B80
7A80
DAC0
DAC0
C000
C000
4000
6000
3000
FFC0
ENDCHAR
STARTCHAR 20DB
ENCODING 8411
SWIDTH 0 0
DWIDTH 0 0
BBX 10 2 -10 11
BITMAP
6CC0
ECC0
ENDCHAR
STARTCHAR 20DC
ENCODING 8412
SWIDTH 0 0
DWIDTH 0 0
BBX 13 2 -11 11
BITMAP
CDB0
DDB8
ENDCHAR
STARTCHAR 20DD
ENCODING 8413
SWIDTH 0 0
DWIDTH 0 0
BBX 23 23 -6 -5
BITMAP
007C00
03FF80
0600C0
1C0070
300010
200018
60000C
400004
C00006
C00006
800002
800002
800002
800002
C00006
C00004
400004
60000C
300018
180030
0C0060
0701C0
01FF00
ENDCHAR
STARTCHAR 20DE
ENCODING 8414
SWIDTH 0 0
DWIDTH 0 0
BBX 23 22 -6 -5
BITMAP
7FFFFC
C00006
C00006
C00006
C00006
C00006
C00006
C00006
C00006
C00006
C00006
C00006
C00006
C00006
C00006
C00006
C00006
C00006
C00006
C00006
C00006
7FFFFC
ENDCHAR
STARTCHAR 20E3
ENCODING 8419
SWIDTH 360 0
DWIDTH 6 0
BBX 14 16 -4 -2
BITMAP
3FF0
601C
C00C
C004
C004
C004
C004
C004
C004
C004
C004
C004
C004
C004
400C
7FF8
ENDCHAR
STARTCHAR 20E8
ENCODING 8424
SWIDTH 0 0
DWIDTH 0 0
BBX 10 2 -10 -4
BITMAP
6CC0
ECC0
ENDCHAR
STARTCHAR 20F0
ENCODING 8432
SWIDTH 0 0
DWIDTH 0 0
BBX 6 7 -8 10
BITMAP
10
54
FC
38
FC
94
10
ENDCHAR
STARTCHAR 2100
ENCODING 8448
SWIDTH 1080 0
DWIDTH 18 0
BBX 16 12 1 0
BITMAP
F018
1820
7860
9840
9880
F980
011F
0211
0610
0410
0819
180E
ENDCHAR
STARTCHAR 2101
ENCODING 8449
SWIDTH 1020 0
DWIDTH 17 0
BBX 15 12 1 0
BITMAP
F018
1820
7860
9840
9880
F980
011E
0230
061C
0402
0832
181E
ENDCHAR
STARTCHAR 2103
ENCODING 8451
SWIDTH 1200 0
DWIDTH 20 0
BBX 18 13 1 0
BITMAP
000400
783F00
CC6180
8CC0C0
C880C0
788000
008000
008000
008000
00C0C0
00C0C0
007380
003F00
ENDCHAR
STARTCHAR 2105
ENCODING 8453
SWIDTH 1080 0
DWIDTH 18 0
BBX 16 12 1 0
BITMAP
F818
8830
8060
8040
9880
7180
011F
0211
0611
0411
0819
180E
ENDCHAR
STARTCHAR 2106
ENCODING 8454
SWIDTH 1080 0
DWIDTH 18 0
BBX 16 12 1 0
BITMAP
F818
8830
8060
8040
9880
7180
0111
0211
0611
0411
081B
180D
ENDCHAR
STARTCHAR 2109
ENCODING 8457
SWIDTH 1080 0
DWIDTH 18 0
BBX 16 12 1 0
BITMAP
78FF
CCC0
8CC0
C8C0
78C0
00FE
00C0
00C0
00C0
00C0
00C0
00C0
ENDCHAR
STARTCHAR 2113
ENCODING 8467
SWIDTH 480 0
DWIDTH 8 0
BBX 6 13 1 0
BITMAP
38
2C
6C
6C
6C
6C
78
70
E0
E0
60
30
38
ENDCHAR
STARTCHAR 2116
ENCODING 8470
SWIDTH 1140 0
DWIDTH 19 0
BBX 15 13 2 0
BITMAP
0008
813E
C162
E162
A162
B126
911C
9900
8D3E
8500
8700
8300
8300
ENDCHAR
STARTCHAR 2117
ENCODING 8471
SWIDTH 660 0
DWIDTH 11 0
BBX 10 10 1 3
BITMAP
0800
3F00
4180
9C80
9280
9CC0
9080
C080
6100
3E00
ENDCHAR
STARTCHAR 211E
ENCODING 8478
SWIDTH 720 0
DWIDTH 12 0
BBX 9 12 2 0
BITMAP
FE00
8200
8300
8300
8300
8600
FC80
8D00
8700
8600
8F00
9980
ENDCHAR
STARTCHAR 211F
ENCODING 8479
SWIDTH 660 0
DWIDTH 11 0
BBX 8 18 2 -3
BITMAP
38
04
04
FE
8A
8B
8B
93
96
FC
9C
A4
A6
A3
C3
40
40
C0
ENDCHAR
STARTCHAR 2120
ENCODING 8480
SWIDTH 600 0
DWIDTH 10 0
BBX 8 4 1 8
BITMAP
E9
C9
2F
EB
ENDCHAR
STARTCHAR 2121
ENCODING 8481
SWIDTH 720 0
DWIDTH 12 0
BBX 10 4 1 8
BITMAP
EF00
4D00
4900
4FC0
ENDCHAR
STARTCHAR 2122
ENCODING 8482
SWIDTH 600 0
DWIDTH 10 0
BBX 9 4 1 8
BITMAP
E980
4D80
4E80
4A80
ENDCHAR
STARTCHAR 2123
ENCODING 8483
SWIDTH 660 0
DWIDTH 11 0
BBX 11 18 0 -3
BITMAP
0400
0700
8300
4360
6240
66C0
24C0
3480
1D80
1980
1900
1B00
1A00
3E00
2600
2000
6000
4000
ENDCHAR
STARTCHAR 2126
ENCODING 8486
SWIDTH 780 0
DWIDTH 13 0
BBX 11 13 1 0
BITMAP
0400
3F80
60C0
4040
C060
C060
8060
C060
C060
4040
60C0
3100
F1E0
ENDCHAR
STARTCHAR 212A
ENCODING 8490
SWIDTH 660 0
DWIDTH 11 0
BBX 9 12 2 0
BITMAP
8380
8600
8C00
9800
B000
F000
D000
9800
8C00
8600
8300
8380
ENDCHAR
STARTCHAR 212B
ENCODING 8491
SWIDTH 720 0
DWIDTH 12 0
BBX 11 17 0 0
BITMAP
0E00
0900
0900
0600
0000
0600
0E00
0B00
0B00
1900
1180
3080
3F80
3FC0
6040
6060
C060
ENDCHAR
STARTCHAR 212E
ENCODING 8494
SWIDTH 660 0
DWIDTH 11 0
BBX 9 9 1 0
BITMAP
3E00
4100
4100
C180
FF80
C000
4000
4100
3E00
ENDCHAR
STARTCHAR 2132
ENCODING 8498
SWIDTH 600 0
DWIDTH 10 0
BBX 7 12 1 0
BITMAP
02
02
02
02
02
7E
7E
02
02
02
02
FE
ENDCHAR
STARTCHAR 213B
ENCODING 8507
SWIDTH 720 0
DWIDTH 12 0
BBX 11 4 1 8
BITMAP
C960
D480
9CC0
A760
ENDCHAR
STARTCHAR 214D
ENCODING 8525
SWIDTH 1080 0
DWIDTH 18 0
BBX 17 12 1 0
BITMAP
300C00
701800
581000
F82000
886000
844000
008F00
018980
010E00
020300
060980
0C0F00
ENDCHAR
STARTCHAR 214F
ENCODING 8527
SWIDTH 1020 0
DWIDTH 17 0
BBX 15 7 1 0
BITMAP
73BC
DEF6
DEF6
DEF4
5294
739C
FFFE
ENDCHAR
STARTCHAR 2153
ENCODING 8531
SWIDTH 960 0
DWIDTH 16 0
BBX 14 13 1 0
BITMAP
6000
E060
E0C0
6080
6100
6300
6218
046C
0C04
0818
1004
3044
603C
ENDCHAR
STARTCHAR 215A
ENCODING 8538
SWIDTH 1020 0
DWIDTH 17 0
BBX 15 13 1 0
BITMAP
F800
8030
8020
F040
08C0
9880
F11C
0336
0620
043E
0822
1822
301C
ENDCHAR
STARTCHAR 215B
ENCODING 8539
SWIDTH 960 0
DWIDTH 16 0
BBX 14 13 1 0
BITMAP
6000
E060
E040
6080
6180
6300
6238
046C
0C44
0838
1044
3044
607C
ENDCHAR
STARTCHAR 215C
ENCODING 8540
SWIDTH 1020 0
DWIDTH 17 0
BBX 15 13 1 0
BITMAP
6000
D830
0820
3040
18C0
8880
F10C
0336
0222
041C
0C22
1822
301E
ENDCHAR
STARTCHAR 215D
ENCODING 8541
SWIDTH 1020 0
DWIDTH 17 0
BBX 15 13 1 0
BITMAP
F800
8030
8020
F040
08C0
9880
F11C
0336
0622
041C
0822
1822
301E
ENDCHAR
STARTCHAR 215E
ENCODING 8542
SWIDTH 900 0
DWIDTH 15 0
BBX 15 13 0 0
BITMAP
F800
0860
0840
1080
3180
2100
6218
0664
0464
0838
1864
1046
203C
ENDCHAR
STARTCHAR 215F
ENCODING 8543
SWIDTH 600 0
DWIDTH 10 0
BBX 11 13 1 0
BITMAP
4000
C060
C040
4080
4180
4300
4200
0400
0C00
0800
1000
3000
6000
ENDCHAR
STARTCHAR 2160
ENCODING 8544
SWIDTH 240 0
DWIDTH 4 0
BBX 1 12 2 0
BITMAP
80
80
80
80
80
80
80
80
80
80
80
80
ENDCHAR
STARTCHAR 2161
ENCODING 8545
SWIDTH 540 0
DWIDTH 9 0
BBX 5 12 2 0
BITMAP
88
88
88
88
88
88
88
88
88
88
88
88
ENDCHAR
STARTCHAR 2162
ENCODING 8546
SWIDTH 780 0
DWIDTH 13 0
BBX 10 12 2 0
BITMAP
88C0
88C0
88C0
88C0
88C0
88C0
88C0
88C0
88C0
88C0
88C0
88C0
ENDCHAR
STARTCHAR 2163
ENCODING 8547
SWIDTH 960 0
DWIDTH 16 0
BBX 14 12 2 0
BITMAP
980C
8818
8C18
8C10
8430
8630
8220
8260
8340
8140
81C0
8180
ENDCHAR
STARTCHAR 2164
ENCODING 8548
SWIDTH 720 0
DWIDTH 12 0
BBX 10 12 1 0
BITMAP
80C0
C080
4080
4180
6100
2300
2300
3200
1600
1E00
1C00
0C00
ENDCHAR
STARTCHAR 2165
ENCODING 8549
SWIDTH 900 0
DWIDTH 15 0
BBX 13 12 1 0
BITMAP
80D8
C098
4098
4198
6118
2318
2318
3218
1618
1E18
1C18
0C18
ENDCHAR
STARTCHAR 2166
ENCODING 8550
SWIDTH 1200 0
DWIDTH 20 0
BBX 17 12 1 0
BITMAP
80C880
C08880
408880
418880
610880
230880
230880
320880
160880
1E0880
1C0880
0C0880
ENDCHAR
STARTCHAR 2167
ENCODING 8551
SWIDTH 1440 0
DWIDTH 24 0
BBX 22 12 1 0
BITMAP
80D88C
C0988C
40988C
41988C
61188C
23188C
23188C
32188C
16188C
1E188C
1C188C
0C188C
ENDCHAR
STARTCHAR 2168
ENCODING 8552
SWIDTH 900 0
DWIDTH 15 0
BBX 13 12 2 0
BITMAP
9838
8C30
8460
8640
83C0
8180
8380
82C0
8660
8C60
8830
9818
ENDCHAR
STARTCHAR 2169
ENCODING 8553
SWIDTH 660 0
DWIDTH 11 0
BBX 10 12 0 0
BITMAP
E0C0
2080
3180
1B00
0A00
0E00
0E00
1B00
1300
3180
60C0
E0C0
ENDCHAR
STARTCHAR 216A
ENCODING 8554
SWIDTH 900 0
DWIDTH 15 0
BBX 14 12 0 0
BITMAP
E0CC
208C
318C
1B0C
0A0C
0E0C
0E0C
1B0C
130C
318C
60CC
E0CC
ENDCHAR
STARTCHAR 216B
ENCODING 8555
SWIDTH 1200 0
DWIDTH 20 0
BBX 18 12 0 0
BITMAP
E0CC40
208C40
318C40
1B0C40
0A0C40
0E0C40
0E0C40
1B0C40
130C40
318C40
60CC40
E0CC40
ENDCHAR
STARTCHAR 216C
ENCODING 8556
SWIDTH 600 0
DWIDTH 10 0
BBX 7 12 2 0
BITMAP
80
80
80
80
80
80
80
80
80
80
80
FE
ENDCHAR
STARTCHAR 216D
ENCODING 8557
SWIDTH 720 0
DWIDTH 12 0
BBX 10 13 1 0
BITMAP
0400
3F80
60C0
4040
C040
C000
8000
8000
C000
C040
60C0
3180
1F00
ENDCHAR
STARTCHAR 216E
ENCODING 8558
SWIDTH 720 0
DWIDTH 12 0
BBX 9 12 2 0
BITMAP
FE00
8300
8180
8180
8080
8080
8080
8080
8180
8100
8700
FC00
ENDCHAR
STARTCHAR 216F
ENCODING 8559
SWIDTH 900 0
DWIDTH 15 0
BBX 12 12 2 0
BITMAP
C070
C070
C070
E0F0
A0B0
B1B0
9130
9130
9B30
8A30
8E30
8430
ENDCHAR
STARTCHAR 2170
ENCODING 8560
SWIDTH 300 0
DWIDTH 5 0
BBX 2 13 1 0
BITMAP
C0
C0
00
00
C0
C0
C0
C0
C0
C0
C0
C0
C0
ENDCHAR
STARTCHAR 2171
ENCODING 8561
SWIDTH 480 0
DWIDTH 8 0
BBX 6 13 1 0
BITMAP
CC
CC
00
00
CC
CC
CC
CC
CC
CC
CC
CC
CC
ENDCHAR
STARTCHAR 2172
ENCODING 8562
SWIDTH 720 0
DWIDTH 12 0
BBX 10 13 1 0
BITMAP
CCC0
CCC0
0000
0000
CCC0
CCC0
CCC0
CCC0
CCC0
CCC0
CCC0
CCC0
CCC0
ENDCHAR
STARTCHAR 2173
ENCODING 8563
SWIDTH 840 0
DWIDTH 14 0
BBX 12 13 1 0
BITMAP
C000
C000
0000
0000
C830
CC20
C460
C460
C640
C2C0
C380
C380
C180
ENDCHAR
STARTCHAR 2174
ENCODING 8564
SWIDTH 540 0
DWIDTH 9 0
BBX 9 9 0 0
BITMAP
C180
6100
2300
2200
3200
1600
1400
1C00
0C00
ENDCHAR
STARTCHAR 2175
ENCODING 8565
SWIDTH 720 0
DWIDTH 12 0
BBX 11 13 0 0
BITMAP
0020
0060
0000
8000
41E0
6160
2360
2260
3260
1660
1460
1C60
0C60
ENDCHAR
STARTCHAR 2176
ENCODING 8566
SWIDTH 1080 0
DWIDTH 18 0
BBX 16 13 1 0
BITMAP
0022
0073
0000
0000
8322
C222
4622
4422
6422
2C22
2822
3822
1822
ENDCHAR
STARTCHAR 2177
ENCODING 8567
SWIDTH 1320 0
DWIDTH 22 0
BBX 20 13 1 0
BITMAP
002220
007330
000000
000000
832220
C22220
462220
442220
642220
2C2220
282220
382220
182220
ENDCHAR
STARTCHAR 2178
ENCODING 8568
SWIDTH 780 0
DWIDTH 13 0
BBX 11 13 1 0
BITMAP
C000
C000
0000
0000
CC60
C440
C2C0
C380
C180
C380
C6C0
C460
CC20
ENDCHAR
STARTCHAR 2179
ENCODING 8569
SWIDTH 540 0
DWIDTH 9 0
BBX 7 9 1 0
BITMAP
C6
44
6C
28
30
28
6C
44
C6
ENDCHAR
STARTCHAR 217A
ENCODING 8570
SWIDTH 780 0
DWIDTH 13 0
BBX 11 13 1 0
BITMAP
0020
0060
0000
0000
C660
4460
6C60
3860
1860
3860
6C60
4460
C260
ENDCHAR
STARTCHAR 217B
ENCODING 8571
SWIDTH 1020 0
DWIDTH 17 0
BBX 15 13 1 0
BITMAP
0022
0066
0000
0000
C666
4466
6C66
3866
1866
3866
6C66
4466
C266
ENDCHAR
STARTCHAR 217C
ENCODING 8572
SWIDTH 240 0
DWIDTH 4 0
BBX 2 12 1 0
BITMAP
C0
C0
C0
C0
C0
C0
C0
C0
C0
C0
C0
C0
ENDCHAR
STARTCHAR 217D
ENCODING 8573
SWIDTH 540 0
DWIDTH 9 0
BBX 8 9 0 0
BITMAP
3E
63
C1
C0
C0
C0
C3
63
3E
ENDCHAR
STARTCHAR 217E
ENCODING 8574
SWIDTH 660 0
DWIDTH 11 0
BBX 8 12 1 0
BITMAP
01
01
01
7D
C3
C3
81
81
83
C3
47
3D
ENDCHAR
STARTCHAR 217F
ENCODING 8575
SWIDTH 900 0
DWIDTH 15 0
BBX 12 9 1 0
BITMAP
FDF0
C710
C210
C210
C210
C210
C210
C210
C210
ENDCHAR
STARTCHAR 2180
ENCODING 8576
SWIDTH 900 0
DWIDTH 15 0
BBX 13 12 1 0
BITMAP
1FE0
3370
6318
C318
C318
C308
C308
C318
C318
6310
3B70
1FC0
ENDCHAR
STARTCHAR 2181
ENCODING 8577
SWIDTH 660 0
DWIDTH 11 0
BBX 9 12 1 0
BITMAP
FC00
C600
FB00
CD00
C580
C580
C580
C580
CD00
FB00
C600
FC00
ENDCHAR
STARTCHAR 2182
ENCODING 8578
SWIDTH 900 0
DWIDTH 15 0
BBX 14 12 1 0
BITMAP
3FE0
6330
DFD8
B368
B32C
A32C
A32C
B32C
9368
CFD8
6330
1FE0
ENDCHAR
STARTCHAR 2183
ENCODING 8579
SWIDTH 660 0
DWIDTH 11 0
BBX 9 12 1 0
BITMAP
7E00
C300
C100
8180
0180
0180
0180
0180
8180
C100
6300
3E00
ENDCHAR
STARTCHAR 2184
ENCODING 8580
SWIDTH 540 0
DWIDTH 9 0
BBX 7 9 1 0
BITMAP
7C
C6
86
02
02
02
86
C6
7C
ENDCHAR
STARTCHAR 2185
ENCODING 8581
SWIDTH 720 0
DWIDTH 12 0
BBX 10 15 1 -3
BITMAP
1F00
3180
60C0
40C0
4000
C000
C000
4000
40C0
60C0
31C0
1FC0
00C0
00C0
00C0
ENDCHAR
STARTCHAR 2186
ENCODING 8582
SWIDTH 840 0
DWIDTH 14 0
BBX 12 12 1 0
BITMAP
0600
0600
0600
0600
0600
4620
C670
6660
36C0
1F80
0F00
0600
ENDCHAR
STARTCHAR 2187
ENCODING 8583
SWIDTH 660 0
DWIDTH 11 0
BBX 9 12 1 0
BITMAP
FC00
C600
FB00
CD00
F580
D580
D580
F580
CD00
FB00
C600
FC00
ENDCHAR
STARTCHAR 2188
ENCODING 8584
SWIDTH 1080 0
DWIDTH 18 0
BBX 16 12 1 0
BITMAP
1FF8
3186
6FF2
598B
D7ED
D5BD
D5BD
D7ED
599B
6FF2
318E
1FF8
ENDCHAR
STARTCHAR 2190
ENCODING 8592
SWIDTH 960 0
DWIDTH 16 0
BBX 12 11 2 0
BITMAP
0400
0C00
1800
3000
6000
FFF0
4000
2000
1000
0800
0400
ENDCHAR
STARTCHAR 2191
ENCODING 8593
SWIDTH 960 0
DWIDTH 16 0
BBX 11 12 3 0
BITMAP
0C00
1E00
3F00
6D80
CCE0
8C40
0C00
0C00
0C00
0C00
0C00
0C00
ENDCHAR
STARTCHAR 2192
ENCODING 8594
SWIDTH 960 0
DWIDTH 16 0
BBX 13 11 2 0
BITMAP
0100
0300
0080
0040
0020
FFF8
0030
0060
00C0
0180
0300
ENDCHAR
STARTCHAR 2193
ENCODING 8595
SWIDTH 960 0
DWIDTH 16 0
BBX 11 12 3 0
BITMAP
0C00
0C00
0C00
0C00
0C00
0C00
8C60
4CC0
2D80
1F00
0E00
0400
ENDCHAR
STARTCHAR 2194
ENCODING 8596
SWIDTH 1380 0
DWIDTH 23 0
BBX 19 11 2 0
BITMAP
040400
0C0600
180300
300180
6000C0
FFFFE0
4000C0
200180
100300
080600
040400
ENDCHAR
STARTCHAR 2195
ENCODING 8597
SWIDTH 960 0
DWIDTH 16 0
BBX 11 18 3 -4
BITMAP
0C00
1E00
3F00
6D80
CCC0
8C60
0C00
0C00
0C00
0C00
0C00
8C40
CCE0
6D80
3F00
1E00
0C00
0400
ENDCHAR
STARTCHAR 2196
ENCODING 8598
SWIDTH 960 0
DWIDTH 16 0
BBX 9 9 4 3
BITMAP
FE00
C000
A000
9000
8800
8400
8200
0180
0100
ENDCHAR
STARTCHAR 2197
ENCODING 8599
SWIDTH 960 0
DWIDTH 16 0
BBX 10 9 3 3
BITMAP
3FC0
01C0
03C0
06C0
0CC0
18C0
30C0
E000
4000
ENDCHAR
STARTCHAR 2198
ENCODING 8600
SWIDTH 960 0
DWIDTH 16 0
BBX 10 9 3 0
BITMAP
C000
60C0
30C0
18C0
0CC0
06C0
03C0
01C0
3FC0
ENDCHAR
STARTCHAR 2199
ENCODING 8601
SWIDTH 960 0
DWIDTH 16 0
BBX 9 9 4 0
BITMAP
0180
8300
8600
8C00
9800
B000
E000
C000
FE00
ENDCHAR
STARTCHAR 21A9
ENCODING 8617
SWIDTH 1140 0
DWIDTH 19 0
BBX 16 13 2 0
BITMAP
0018
001E
0402
0C03
1803
3003
6006
FFFC
4000
2000
1000
0800
0400
ENDCHAR
STARTCHAR 21AA
ENCODING 8618
SWIDTH 1140 0
DWIDTH 19 0
BBX 16 13 2 0
BITMAP
3000
7000
C020
8070
8018
800C
C006
7FFF
0006
000C
0018
0030
0060
ENDCHAR
STARTCHAR 21B0
ENCODING 8624
SWIDTH 1020 0
DWIDTH 17 0
BBX 13 13 2 0
BITMAP
1000
2000
6000
FFF8
E008
6008
2008
0008
0008
0008
0008
0008
0008
ENDCHAR
STARTCHAR 21B1
ENCODING 8625
SWIDTH 1020 0
DWIDTH 17 0
BBX 13 13 2 0
BITMAP
0040
0060
0070
FFF8
8070
8060
8040
8000
8000
8000
8000
8000
8000
ENDCHAR
STARTCHAR 21B3
ENCODING 8627
SWIDTH 1020 0
DWIDTH 17 0
BBX 13 10 2 2
BITMAP
8000
8000
8000
8040
8060
8070
FFF8
0070
0060
0040
ENDCHAR
STARTCHAR 21B4
ENCODING 8628
SWIDTH 840 0
DWIDTH 14 0
BBX 10 12 2 0
BITMAP
FE00
0200
0200
0200
0200
0200
0200
0200
1200
0FC0
0780
0300
ENDCHAR
STARTCHAR 21B5
ENCODING 8629
SWIDTH 1020 0
DWIDTH 17 0
BBX 13 10 2 2
BITMAP
0008
0008
0008
1008
2008
6008
FFF8
6000
2000
2000
ENDCHAR
STARTCHAR 21BA
ENCODING 8634
SWIDTH 960 0
DWIDTH 16 0
BBX 12 15 2 0
BITMAP
0200
0600
0E00
1F80
0EE0
0620
0230
0010
0010
8010
C010
4030
6060
39C0
0F80
ENDCHAR
STARTCHAR 21BB
ENCODING 8635
SWIDTH 960 0
DWIDTH 16 0
BBX 12 15 2 0
BITMAP
0200
0200
0300
1F80
3300
6200
C400
8000
8000
8010
C010
4030
6060
39C0
0F80
ENDCHAR
STARTCHAR 21D0
ENCODING 8656
SWIDTH 960 0
DWIDTH 16 0
BBX 12 11 2 0
BITMAP
0400
0C00
1800
3FF0
7FF0
C000
7FF0
3FF0
1000
0800
0400
ENDCHAR
STARTCHAR 21D2
ENCODING 8658
SWIDTH 960 0
DWIDTH 16 0
BBX 13 11 2 0
BITMAP
0100
0300
0080
FFC0
FFE0
0018
FFF0
FFE0
00C0
0180
0300
ENDCHAR
STARTCHAR 21D4
ENCODING 8660
SWIDTH 1380 0
DWIDTH 23 0
BBX 19 11 2 0
BITMAP
040400
0C0600
180300
3FFF80
7FFFC0
C00060
7FFFC0
3FFF80
100300
080600
040400
ENDCHAR
STARTCHAR 21DE
ENCODING 8670
SWIDTH 600 0
DWIDTH 10 0
BBX 7 13 2 0
BITMAP
10
30
78
FE
30
30
FC
30
30
FC
30
30
30
ENDCHAR
STARTCHAR 21DF
ENCODING 8671
SWIDTH 600 0
DWIDTH 10 0
BBX 7 12 2 0
BITMAP
30
30
30
FC
30
FC
30
30
32
FC
78
30
ENDCHAR
STARTCHAR 21E4
ENCODING 8676
SWIDTH 1020 0
DWIDTH 17 0
BBX 14 7 2 3
BITMAP
8400
8C00
9C00
BFFC
9C00
8C00
8400
ENDCHAR
STARTCHAR 21E5
ENCODING 8677
SWIDTH 1020 0
DWIDTH 17 0
BBX 14 7 2 3
BITMAP
010C
008C
00CC
FFEC
00CC
008C
010C
ENDCHAR
STARTCHAR 21E7
ENCODING 8679
SWIDTH 1020 0
DWIDTH 17 0
BBX 14 13 2 0
BITMAP
0300
0580
08C0
1060
2030
4018
F07C
1040
1040
1040
1040
1040
1FC0
ENDCHAR
STARTCHAR 21EA
ENCODING 8682
SWIDTH 1020 0
DWIDTH 17 0
BBX 14 16 2 -3
BITMAP
0300
0580
08C0
1060
2030
4018
F07C
1040
1040
1FC0
0000
0000
1FC0
1040
1040
1FC0
ENDCHAR
STARTCHAR 2202
ENCODING 8706
SWIDTH 660 0
DWIDTH 11 0
BBX 8 13 1 0
BITMAP
18
7E
06
03
01
3F
63
C1
C1
C1
43
62
3C
ENDCHAR
STARTCHAR 2205
ENCODING 8709
SWIDTH 720 0
DWIDTH 12 0
BBX 10 10 1 0
BITMAP
0040
3F80
6380
C280
C4C0
C8C0
D080
6180
7300
BE00
ENDCHAR
STARTCHAR 2206
ENCODING 8710
SWIDTH 720 0
DWIDTH 12 0
BBX 11 12 0 0
BITMAP
0600
0E00
0B00
0B00
1900
1180
3080
3080
20C0
6040
6060
FFE0
ENDCHAR
STARTCHAR 220F
ENCODING 8719
SWIDTH 720 0
DWIDTH 12 0
BBX 9 14 2 -2
BITMAP
FF80
8180
8180
8180
8180
8180
8180
8180
8180
8180
8180
8180
8180
8180
ENDCHAR
STARTCHAR 2211
ENCODING 8721
SWIDTH 660 0
DWIDTH 11 0
BBX 9 14 1 -2
BITMAP
FF00
C000
6000
3000
1000
1800
0C00
0E00
0800
1800
3000
6000
C000
FF80
ENDCHAR
STARTCHAR 2212
ENCODING 8722
SWIDTH 660 0
DWIDTH 11 0
BBX 7 2 2 4
BITMAP
FE
FE
ENDCHAR
STARTCHAR 221A
ENCODING 8730
SWIDTH 660 0
DWIDTH 11 0
BBX 9 12 1 0
BITMAP
0180
0100
0300
0300
0200
C600
E600
6400
3C00
3800
1800
1800
ENDCHAR
STARTCHAR 221E
ENCODING 8734
SWIDTH 960 0
DWIDTH 16 0
BBX 14 7 1 2
BITMAP
3020
7CF8
C78C
8304
870C
CDD8
7878
ENDCHAR
STARTCHAR 222B
ENCODING 8747
SWIDTH 300 0
DWIDTH 5 0
BBX 6 17 -1 -4
BITMAP
0C
18
30
30
30
30
30
30
30
30
30
30
30
30
30
F0
C0
ENDCHAR
STARTCHAR 2248
ENCODING 8776
SWIDTH 660 0
DWIDTH 11 0
BBX 9 7 1 1
BITMAP
7980
4D80
C700
2000
7980
CF00
0200
ENDCHAR
STARTCHAR 2260
ENCODING 8800
SWIDTH 660 0
DWIDTH 11 0
BBX 7 9 2 0
BITMAP
0C
08
FE
18
10
FE
FE
20
60
ENDCHAR
STARTCHAR 2264
ENCODING 8804
SWIDTH 660 0
DWIDTH 11 0
BBX 7 8 2 1
BITMAP
06
3C
E0
F0
1E
02
00
FE
ENDCHAR
STARTCHAR 2265
ENCODING 8805
SWIDTH 660 0
DWIDTH 11 0
BBX 7 8 2 1
BITMAP
C0
78
0E
1E
F0
80
00
FE
ENDCHAR
STARTCHAR 2295
ENCODING 8853
SWIDTH 1440 0
DWIDTH 24 0
BBX 23 23 0 -5
BITMAP
007C00
03FF80
0700E0
0C0030
180018
30000C
600004
600006
401006
C01002
C01002
C0FF02
C0FF02
C01002
C01002
401006
600004
20000C
300008
180018
0C0070
0781C0
01FF00
ENDCHAR
STARTCHAR 2296
ENCODING 8854
SWIDTH 1440 0
DWIDTH 24 0
BBX 23 23 0 -5
BITMAP
007C00
03FF80
0700E0
0C0030
180018
30000C
600004
600006
400006
C00002
C00002
C0FF02
C0FF02
C00002
C00002
400006
600004
20000C
300008
180018
0C0070
0781C0
01FF00
ENDCHAR
STARTCHAR 2297
ENCODING 8855
SWIDTH 1440 0
DWIDTH 24 0
BBX 23 23 0 -5
BITMAP
007C00
03FF80
0700E0
0C0030
180018
30000C
600004
600006
408206
C0C302
C06402
C03802
C01802
C02C02
C04602
408306
600004
20000C
300008
180018
0C0070
0781C0
01FF00
ENDCHAR
STARTCHAR 2303
ENCODING 8963
SWIDTH 840 0
DWIDTH 14 0
BBX 10 5 2 7
BITMAP
0C00
1E00
3300
6180
C0C0
ENDCHAR
STARTCHAR 2305
ENCODING 8965
SWIDTH 840 0
DWIDTH 14 0
BBX 10 8 2 4
BITMAP
FFC0
0000
0000
0C00
1E00
3300
6180
C0C0
ENDCHAR
STARTCHAR 2318
ENCODING 8984
SWIDTH 1020 0
DWIDTH 17 0
BBX 13 13 2 0
BITMAP
3060
78F8
8888
8888
7FF0
3FE0
0880
0880
7FF0
C898
8888
C898
78F0
ENDCHAR
STARTCHAR 2325
ENCODING 8997
SWIDTH 1020 0
DWIDTH 17 0
BBX 14 12 2 0
BITMAP
F8FC
0800
0C00
0400
0600
0200
0300
0100
0180
0080
00C0
007C
ENDCHAR
STARTCHAR 2326
ENCODING 8998
SWIDTH 1260 0
DWIDTH 21 0
BBX 17 12 2 0
BITMAP
FFF000
801800
884C00
98C600
858300
830180
870180
8C8300
984600
800C00
801800
FFF000
ENDCHAR
STARTCHAR 2327
ENCODING 8999
SWIDTH 1080 0
DWIDTH 18 0
BBX 14 12 2 0
BITMAP
FFFC
8004
8844
98C4
8584
8304
8704
8C84
9844
8004
8004
FFFC
ENDCHAR
STARTCHAR 232B
ENCODING 9003
SWIDTH 1260 0
DWIDTH 21 0
BBX 18 12 1 0
BITMAP
03FFC0
060040
0C8440
198C40
305840
E03040
607040
30C840
198440
0C0040
060040
03FFC0
ENDCHAR
STARTCHAR 2387
ENCODING 9095
SWIDTH 1020 0
DWIDTH 17 0
BBX 14 12 2 0
BITMAP
007C
00C0
0080
0180
0100
0300
0200
0600
0400
0C00
0800
F8FC
ENDCHAR
STARTCHAR 238B
ENCODING 9099
SWIDTH 960 0
DWIDTH 16 0
BBX 12 12 2 0
BITMAP
F380
E0E0
B020
9830
0C10
0610
8010
C010
4030
6060
39C0
0F80
ENDCHAR
STARTCHAR 23CE
ENCODING 9166
SWIDTH 1020 0
DWIDTH 17 0
BBX 13 10 2 2
BITMAP
00F8
0008
0008
1008
2008
6008
FFF8
6000
2000
2000
ENDCHAR
STARTCHAR 23CF
ENCODING 9167
SWIDTH 900 0
DWIDTH 15 0
BBX 13 11 1 2
BITMAP
0200
0600
0F00
1F80
3FC0
7FE0
FFF8
0000
0000
FFF8
FFF8
ENDCHAR
STARTCHAR 2423
ENCODING 9251
SWIDTH 720 0
DWIDTH 12 0
BBX 10 4 1 -3
BITMAP
C040
C040
FFC0
FFC0
ENDCHAR
STARTCHAR 2460
ENCODING 9312
SWIDTH 1440 0
DWIDTH 24 0
BBX 23 23 0 -5
BITMAP
007C00
03FF80
0700E0
0C0030
180018
30000C
603804
607806
409806
C01802
C01802
C01802
C01802
C01802
C01802
401806
601804
20180C
300008
180018
0C0070
0781C0
01FF00
ENDCHAR
STARTCHAR 2461
ENCODING 9313
SWIDTH 1440 0
DWIDTH 24 0
BBX 23 23 0 -5
BITMAP
007C00
03FF80
0700E0
0C0030
180018
30100C
607C04
60C206
408206
C00202
C00202
C00602
C00C02
C01802
C03002
406006
60C004
20FF0C
300008
180018
0C0070
0781C0
01FF00
ENDCHAR
STARTCHAR 2462
ENCODING 9314
SWIDTH 1440 0
DWIDTH 24 0
BBX 23 23 0 -5
BITMAP
007C00
03FF80
0700E0
0C0030
180018
30100C
607E04
60C206
408306
C00202
C00602
C01C02
C00602
C00302
C00102
408306
60C604
207C0C
300008
180018
0C0070
0781C0
01FF00
ENDCHAR
STARTCHAR 2463
ENCODING 9315
SWIDTH 1440 0
DWIDTH 24 0
BBX 23 23 0 -5
BITMAP
007C00
03FF80
0700E0
0C0030
180018
30000C
600C04
601C06
403C06
C02C02
C04C02
C0CC02
C08C02
C18C02
C1FF02
400C06
600C04
200C0C
300008
180018
0C0070
0781C0
01FF00
ENDCHAR
STARTCHAR 2464
ENCODING 9316
SWIDTH 1440 0
DWIDTH 24 0
BBX 23 23 0 -5
BITMAP
007C00
03FF80
0700E0
0C0030
180018
30000C
607E04
604006
40C006
C0C002
C0FC02
C0C602
C00302
C00302
C00302
408306
60C604
207C0C
300008
180018
0C0070
0781C0
01FF00
ENDCHAR
STARTCHAR 2465
ENCODING 9317
SWIDTH 1440 0
DWIDTH 24 0
BBX 23 23 0 -5
BITMAP
007C00
03FF80
0700E0
0C0030
180018
30180C
607E04
604306
40C306
C08002
C0BC02
C0E602
C0C302
C08102
C08102
40C306
606604
203C0C
300008
180018
0C0070
0781C0
01FF00
ENDCHAR
STARTCHAR 2466
ENCODING 9318
SWIDTH 1440 0
DWIDTH 24 0
BBX 23 23 0 -5
BITMAP
007C00
03FF80
0700E0
0C0030
180018
30000C
60FF04
600306
400206
C00602
C00402
C00C02
C00802
C01802
C01002
403006
602004
20600C
300008
180018
0C0070
0781C0
01FF00
ENDCHAR
STARTCHAR 2467
ENCODING 9319
SWIDTH 1440 0
DWIDTH 24 0
BBX 23 23 0 -5
BITMAP
007C00
03FF80
0700E0
0C0030
180018
30100C
607E04
60C206
40C306
C0C202
C04602
C03C02
C0E602
C08302
C08102
408306
60C604
207C0C
300008
180018
0C0070
0781C0
01FF00
ENDCHAR
STARTCHAR 2468
ENCODING 9320
SWIDTH 1440 0
DWIDTH 24 0
BBX 23 23 0 -5
BITMAP
007C00
03FF80
0700E0
0C0030
180018
30100C
607C04
60C206
408306
C08302
C08302
C0C302
C07D02
C03902
C00302
408206
60C604
207C0C
300008
180018
0C0070
0781C0
01FF00
ENDCHAR
STARTCHAR 24B6
ENCODING 9398
SWIDTH 1440 0
DWIDTH 24 0
BBX 23 23 0 -5
BITMAP
007C00
03FF80
0700E0
0C0030
180018
30000C
601804
603806
402C06
C02402
C06402
C04602
C04202
C0FE02
C0FF02
418106
618184
21018C
320008
180018
0C0070
0781C0
01FF00
ENDCHAR
STARTCHAR 24B7
ENCODING 9399
SWIDTH 1440 0
DWIDTH 24 0
BBX 23 23 0 -5
BITMAP
007C00
03FF80
0700E0
0C0030
180018
30000C
60FE04
608306
408106
C08102
C08302
C0FC02
C08702
C08102
C08182
408106
608304
20FE0C
300008
180018
0C0070
0781C0
01FF00
ENDCHAR
STARTCHAR 24B8
ENCODING 9400
SWIDTH 1440 0
DWIDTH 24 0
BBX 23 23 0 -5
BITMAP
007C00
03FF80
0700E0
0C0030
180018
30080C
607E04
60C306
418186
C10082
C10002
C10002
C10002
C10002
C18182
418186
60E304
207E0C
300008
180018
0C0070
0781C0
01FF00
ENDCHAR
STARTCHAR 24B9
ENCODING 9401
SWIDTH 1440 0
DWIDTH 24 0
BBX 23 23 0 -5
BITMAP
007C00
03FF80
0700E0
0C0030
180018
30000C
60FE04
608306
408186
C08082
C08082
C080C2
C080C2
C08082
C08082
408186
608704
20FC0C
300008
180018
0C0070
0781C0
01FF00
ENDCHAR
STARTCHAR 24BA
ENCODING 9402
SWIDTH 1440 0
DWIDTH 24 0
BBX 23 23 0 -5
BITMAP
007C00
03FF80
0700E0
0C0030
180018
30000C
60FE04
60C006
40C006
C0C002
C0C002
C0FE02
C0C002
C0C002
C0C002
40C006
60C004
20FF0C
300008
180018
0C0070
0781C0
01FF00
ENDCHAR
STARTCHAR 24BB
ENCODING 9403
SWIDTH 1440 0
DWIDTH 24 0
BBX 23 23 0 -5
BITMAP
007C00
03FF80
0700E0
0C0030
180018
30000C
60FF04
60C006
40C006
C0C002
C0C002
C0FE02
C0C002
C0C002
C0C002
40C006
60C004
20C00C
300008
180018
0C0070
0781C0
01FF00
ENDCHAR
STARTCHAR 24BC
ENCODING 9404
SWIDTH 1440 0
DWIDTH 24 0
BBX 23 23 0 -5
BITMAP
007C00
03FF80
0700E0
0C0030
180018
30180C
607E04
60C306
418186
C10182
C10002
C10002
C10F82
C10082
C18182
418186
60E304
207E0C
300008
180018
0C0070
0781C0
01FF00
ENDCHAR
STARTCHAR 24BD
ENCODING 9405
SWIDTH 1440 0
DWIDTH 24 0
BBX 23 23 0 -5
BITMAP
007C00
03FF80
0700E0
0C0030
180018
30000C
618184
618186
418186
C18182
C18182
C1FF82
C18182
C18182
C18182
418186
618184
21818C
300008
180018
0C0070
0781C0
01FF00
ENDCHAR
STARTCHAR 24BE
ENCODING 9406
SWIDTH 1440 0
DWIDTH 24 0
BBX 23 23 0 -5
BITMAP
007C00
03FF80
0700E0
0C0030
180018
30000C
601804
601806
401806
C01802
C01802
C01802
C01802
C01802
C01802
401806
601804
20180C
300008
180018
0C0070
0781C0
01FF00
ENDCHAR
STARTCHAR 24BF
ENCODING 9407
SWIDTH 1440 0
DWIDTH 24 0
BBX 23 23 0 -5
BITMAP
007C00
03FF80
0700E0
0C0030
180018
30000C
600604
600606
400606
C00602
C00602
C00602
C00602
C00602
C00602
408606
60C404
207C0C
300008
180018
0C0070
0781C0
01FF00
ENDCHAR
STARTCHAR 24C0
ENCODING 9408
SWIDTH 1440 0
DWIDTH 24 0
BBX 23 23 0 -5
BITMAP
007C00
03FF80
0700E0
0C0030
180018
30008C
608304
608606
408C06
C08802
C09002
C0B002
C0F802
C0CC02
C08402
408606
608304
20818C
300008
180018
0C0070
0781C0
01FF00
ENDCHAR
STARTCHAR 24C1
ENCODING 9409
SWIDTH 1440 0
DWIDTH 24 0
BBX 23 23 0 -5
BITMAP
007C00
03FF80
0700E0
0C0030
180018
30000C
604004
604006
404006
C04002
C04002
C04002
C04002
C04002
C04002
404006
604004
207F0C
300008
180018
0C0070
0781C0
01FF00
ENDCHAR
STARTCHAR 24C2
ENCODING 9410
SWIDTH 1440 0
DWIDTH 24 0
BBX 23 23 0 -5
BITMAP
007C00
03FF80
0700E0
0C0030
180018
30000C
6300C4
6301C6
4381C6
C283C2
C2C3C2
C2C2C2
C246C2
C264C2
C22CC2
423CC6
6218C4
2218CC
300008
180018
0C0070
0781C0
01FF00
ENDCHAR
STARTCHAR 24C3
ENCODING 9411
SWIDTH 1440 0
DWIDTH 24 0
BBX 23 23 0 -5
BITMAP
007C00
03FF80
0700E0
0C0030
180018
30000C
618184
61C186
414186
C16182
C13182
C11182
C11982
C10D82
C10782
410386
610384
21018C
300008
180018
0C0070
0781C0
01FF00
ENDCHAR
STARTCHAR 24C4
ENCODING 9412
SWIDTH 1440 0
DWIDTH 24 0
BBX 23 23 0 -5
BITMAP
007C00
03FF80
0700E0
0C0030
180018
30100C
607E04
60C306
418186
C10182
C30082
C30082
C30082
C10082
C10182
418106
60C704
207C0C
300008
180018
0C0070
0781C0
01FF00
ENDCHAR
STARTCHAR 24C5
ENCODING 9413
SWIDTH 1440 0
DWIDTH 24 0
BBX 23 23 0 -5
BITMAP
007C00
03FF80
0700E0
0C0030
180018
30000C
60FE04
60C306
40C106
C0C182
C0C182
C0C302
C0FE02
C0C002
C0C002
40C006
60C004
20C00C
300008
180018
0C0070
0781C0
01FF00
ENDCHAR
STARTCHAR 24C6
ENCODING 9414
SWIDTH 1440 0
DWIDTH 24 0
BBX 23 23 0 -5
BITMAP
007C00
03FF80
0700E0
0C0030
180018
30100C
607E04
60C306
418186
C10182
C30082
C30082
C30082
C10082
C11982
418D06
60C704
207F0C
300188
180018
0C0070
0781C0
01FF00
ENDCHAR
STARTCHAR 24C7
ENCODING 9415
SWIDTH 1440 0
DWIDTH 24 0
BBX 23 23 0 -5
BITMAP
007C00
03FF80
0700E0
0C0030
180018
30000C
60FE04
608306
408106
C08102
C08302
C08302
C0FE02
C08C02
C08602
408206
608304
20818C
300008
180018
0C0070
0781C0
01FF00
ENDCHAR
STARTCHAR 24C8
ENCODING 9416
SWIDTH 1440 0
DWIDTH 24 0
BBX 23 23 0 -5
BITMAP
007C00
03FF80
0700E0
0C0030
180018
30180C
607E04
60C306
408106
C08002
C0C002
C07C02
C00E02
C00302
C00102
418106
60C304
207E0C
300008
180018
0C0070
0781C0
01FF00
ENDCHAR
STARTCHAR 24C9
ENCODING 9417
SWIDTH 1440 0
DWIDTH 24 0
BBX 23 23 0 -5
BITMAP
007C00
03FF80
0700E0
0C0030
180018
30000C
61FF04
601806
401806
C01802
C01802
C01802
C01802
C01802
C01802
401806
601804
20180C
300008
180018
0C0070
0781C0
01FF00
ENDCHAR
STARTCHAR 24CA
ENCODING 9418
SWIDTH 1440 0
DWIDTH 24 0
BBX 23 23 0 -5
BITMAP
007C00
03FF80
0700E0
0C0030
180018
30000C
618184
618186
418186
C18182
C18182
C18182
C18182
C18182
C18182
418106
60C704
207E0C
300008
180018
0C0070
0781C0
01FF00
ENDCHAR
STARTCHAR 24CB
ENCODING 9419
SWIDTH 1440 0
DWIDTH 24 0
BBX 23 23 0 -5
BITMAP
007C00
03FF80
0700E0
0C0030
180018
32000C
610184
618106
408106
C08302
C0C202
C04602
C04602
C06402
C02C02
403806
603804
20180C
300008
180018
0C0070
0781C0
01FF00
ENDCHAR
STARTCHAR 24CC
ENCODING 9420
SWIDTH 1440 0
DWIDTH 24 0
BBX 23 23 0 -5
BITMAP
007C00
03FF80
0700E0
0C0030
180018
30001C
6C1824
643826
443866
C62C42
C62442
C264C2
C264C2
C34682
C14282
41C386
618384
21830C
300008
180018
0C0070
0781C0
01FF00
ENDCHAR
STARTCHAR 24CD
ENCODING 9421
SWIDTH 1440 0
DWIDTH 24 0
BBX 23 23 0 -5
BITMAP
007C00
03FF80
0700E0
0C0030
180018
30008C
618304
60C306
404606
C06402
C03C02
C01802
C03802
C02C02
C06602
40C606
60C304
21818C
300008
180018
0C0070
0781C0
01FF00
ENDCHAR
STARTCHAR 24CE
ENCODING 9422
SWIDTH 1440 0
DWIDTH 24 0
BBX 23 23 0 -5
BITMAP
007C00
03FF80
0700E0
0C0030
180018
30000C
618184
608306
40C206
C06602
C02C02
C03802
C01802
C01802
C01802
401806
601804
20180C
300008
180018
0C0070
0781C0
01FF00
ENDCHAR
STARTCHAR 24CF
ENCODING 9423
SWIDTH 1440 0
DWIDTH 24 0
BBX 23 23 0 -5
BITMAP
007C00
03FF80
0700E0
0C0030
180018
30000C
60FF04
600306
400606
C00402
C00C02
C01802
C01002
C02002
C06002
404006
608004
20FF0C
300008
180018
0C0070
0781C0
01FF00
ENDCHAR
STARTCHAR 24EA
ENCODING 9450
SWIDTH 1440 0
DWIDTH 24 0
BBX 23 23 0 -5
BITMAP
007C00
03FF80
0700E0
0C0030
180018
30100C
607C04
60C606
40C306
C08302
C08102
C08102
C08102
C08102
C08302
40C306
606604
203C0C
300008
180018
0C0070
0781C0
01FF00
ENDCHAR
STARTCHAR 25A0
ENCODING 9632
SWIDTH 960 0
DWIDTH 16 0
BBX 12 12 2 0
BITMAP
FFF0
FFF0
FFF0
FFF0
FFF0
FFF0
FFF0
FFF0
FFF0
FFF0
FFF0
FFF0
ENDCHAR
STARTCHAR 25A1
ENCODING 9633
SWIDTH 960 0
DWIDTH 16 0
BBX 12 12 2 0
BITMAP
FFF0
8010
8010
8010
8010
8010
8010
8010
8010
8010
8010
FFF0
ENDCHAR
STARTCHAR 25A2
ENCODING 9634
SWIDTH 960 0
DWIDTH 16 0
BBX 12 12 2 0
BITMAP
FFF0
8010
8010
8010
8010
8010
8010
8010
8010
8010
8010
FFE0
ENDCHAR
STARTCHAR 25B2
ENCODING 9650
SWIDTH 1020 0
DWIDTH 17 0
BBX 15 13 1 0
BITMAP
0100
0180
0380
07C0
07C0
0FE0
0FE0
1FF0
3FF8
3FF8
7FFC
7FFC
FFFE
ENDCHAR
STARTCHAR 25B3
ENCODING 9651
SWIDTH 1020 0
DWIDTH 17 0
BBX 15 13 1 0
BITMAP
0100
0180
0380
06C0
0440
0C60
0820
1810
3018
2008
600C
4004
FFFE
ENDCHAR
STARTCHAR 25B6
ENCODING 9654
SWIDTH 960 0
DWIDTH 16 0
BBX 13 16 2 -2
BITMAP
8000
C000
F000
F800
FE00
FF80
FFC0
FFF8
FFF0
FFC0
FF00
FC00
F800
E000
8000
8000
ENDCHAR
STARTCHAR 25B7
ENCODING 9655
SWIDTH 960 0
DWIDTH 16 0
BBX 13 16 2 -2
BITMAP
8000
C000
F000
9800
8E00
8380
80C0
8038
8070
81C0
8300
8C00
B800
E000
8000
8000
ENDCHAR
STARTCHAR 25BA
ENCODING 9658
SWIDTH 960 0
DWIDTH 16 0
BBX 13 16 2 -2
BITMAP
8000
C000
F000
F800
FE00
FF80
FFC0
FFF8
FFF0
FFC0
FF00
FC00
F800
E000
8000
8000
ENDCHAR
STARTCHAR 25BB
ENCODING 9659
SWIDTH 960 0
DWIDTH 16 0
BBX 13 16 2 -2
BITMAP
8000
C000
F000
9800
8E00
8380
80C0
8038
8070
81C0
8300
8C00
B800
E000
8000
8000
ENDCHAR
STARTCHAR 25BC
ENCODING 9660
SWIDTH 1020 0
DWIDTH 17 0
BBX 15 13 1 -1
BITMAP
FFFE
7FFC
3FFC
3FF8
1FF0
1FF0
0FE0
0FE0
07C0
0380
0380
0100
0100
ENDCHAR
STARTCHAR 25BD
ENCODING 9661
SWIDTH 1020 0
DWIDTH 17 0
BBX 15 13 1 -1
BITMAP
FFFE
4004
200C
3018
1010
1830
0820
0C60
0640
0280
0380
0100
0100
ENDCHAR
STARTCHAR 25C0
ENCODING 9664
SWIDTH 960 0
DWIDTH 16 0
BBX 13 16 1 -2
BITMAP
0008
0018
0078
01F8
07F8
0FF8
3FF8
FFF8
7FF8
1FF8
0FF8
03F8
00F8
0078
0018
0008
ENDCHAR
STARTCHAR 25C1
ENCODING 9665
SWIDTH 960 0
DWIDTH 16 0
BBX 13 16 1 -2
BITMAP
0008
0018
0068
01C8
0708
0C08
3808
E008
7008
1808
0E08
0388
00C8
0078
0018
0008
ENDCHAR
STARTCHAR 25C4
ENCODING 9668
SWIDTH 960 0
DWIDTH 16 0
BBX 13 16 1 -2
BITMAP
0008
0018
0078
01F8
07F8
0FF8
3FF8
FFF8
7FF8
1FF8
0FF8
03F8
00F8
0078
0018
0008
ENDCHAR
STARTCHAR 25C5
ENCODING 9669
SWIDTH 960 0
DWIDTH 16 0
BBX 13 16 1 -2
BITMAP
0008
0018
0068
01C8
0708
0C08
3808
E008
7008
1808
0E08
0388
00C8
0078
0018
0008
ENDCHAR
STARTCHAR 25C6
ENCODING 9670
SWIDTH 1080 0
DWIDTH 18 0
BBX 16 16 1 -2
BITMAP
0180
03C0
07E0
0FF0
1FF8
3FFC
7FFE
FFFF
7FFE
3FFC
1FF8
0FF0
07E0
03C0
0180
0100
ENDCHAR
STARTCHAR 25C7
ENCODING 9671
SWIDTH 1080 0
DWIDTH 18 0
BBX 16 16 1 -2
BITMAP
0180
03C0
0660
0C30
1818
300C
6006
C003
4006
200C
1008
0810
0420
0240
0180
0100
ENDCHAR
STARTCHAR 25CA
ENCODING 9674
SWIDTH 540 0
DWIDTH 9 0
BBX 8 12 1 0
BITMAP
18
38
6C
64
C6
C3
C2
46
64
2C
38
18
ENDCHAR
STARTCHAR 25CB
ENCODING 9675
SWIDTH 960 0
DWIDTH 16 0
BBX 13 13 1 0
BITMAP
0300
1FC0
3060
6030
4018
4008
C008
C008
4018
6018
2030
38E0
0FC0
ENDCHAR
STARTCHAR 25CF
ENCODING 9679
SWIDTH 960 0
DWIDTH 16 0
BBX 13 13 1 0
BITMAP
0300
1FC0
3FE0
7FF0
7FF8
7FF8
FFF8
FFF8
7FF8
7FF8
3FF0
3FE0
0FC0
ENDCHAR
STARTCHAR 25E6
ENCODING 9702
SWIDTH 600 0
DWIDTH 10 0
BBX 5 6 2 2
BITMAP
20
78
88
88
48
30
ENDCHAR
STARTCHAR 25EF
ENCODING 9711
SWIDTH 1440 0
DWIDTH 24 0
BBX 23 23 0 -5
BITMAP
007C00
03FF80
0700E0
0C0030
180018
30000C
600004
600006
400006
C00002
C00002
C00002
C00002
C00002
C00002
400006
600004
20000C
300008
180018
0C0070
0781C0
01FF00
ENDCHAR
STARTCHAR 2600
ENCODING 9728
SWIDTH 1080 0
DWIDTH 18 0
BBX 16 15 1 -1
BITMAP
0180
0180
3184
1988
0C30
01C0
03C0
F7EF
07E0
03C0
0890
0C38
318C
1184
0180
ENDCHAR
STARTCHAR 2605
ENCODING 9733
SWIDTH 1080 0
DWIDTH 18 0
BBX 14 14 2 0
BITMAP
0200
0200
0300
0300
0700
FFFC
7FF8
3FE0
0FC0
0FC0
0FC0
1CE0
1860
2020
ENDCHAR
STARTCHAR 2606
ENCODING 9734
SWIDTH 1080 0
DWIDTH 18 0
BBX 14 14 2 0
BITMAP
0200
0200
0300
0300
0700
FDFC
7CF8
3060
0CC0
0A40
0FC0
1CE0
1860
2020
ENDCHAR
STARTCHAR 263C
ENCODING 9788
SWIDTH 1080 0
DWIDTH 18 0
BBX 16 15 1 -1
BITMAP
0180
0180
3184
1988
0C30
01C0
0240
F62F
0660
03C0
0890
0C38
318C
1184
0180
ENDCHAR
STARTCHAR 2661
ENCODING 9825
SWIDTH 1020 0
DWIDTH 17 0
BBX 15 13 1 0
BITMAP
0810
3E7C
43C6
C102
C002
4006
600C
3018
1830
0C60
06C0
0380
0100
ENDCHAR
STARTCHAR 2665
ENCODING 9829
SWIDTH 1020 0
DWIDTH 17 0
BBX 15 13 1 0
BITMAP
0810
3E7C
7FFE
FFFE
FFFE
7FFE
7FFC
3FF8
1FF0
0FE0
07C0
0380
0100
ENDCHAR
STARTCHAR 26A0
ENCODING 9888
SWIDTH 1020 0
DWIDTH 17 0
BBX 17 14 0 0
BITMAP
008000
008000
01C000
01E000
03E000
077000
077000
0F7800
0F7C00
1FFC00
3F7E00
3E3E00
7FFF00
FFFF80
ENDCHAR
STARTCHAR 2713
ENCODING 10003
SWIDTH 900 0
DWIDTH 15 0
BBX 11 8 2 2
BITMAP
0020
0060
00C0
8180
C300
6600
3C00
1800
ENDCHAR
STARTCHAR 2717
ENCODING 10007
SWIDTH 900 0
DWIDTH 15 0
BBX 9 8 3 2
BITMAP
4100
E380
3600
1C00
1C00
3600
6300
C180
ENDCHAR
STARTCHAR 2756
ENCODING 10070
SWIDTH 1080 0
DWIDTH 18 0
BBX 16 16 1 -2
BITMAP
0180
03C0
07E0
0FF0
13C8
399C
7D3E
FE7F
7C3E
399C
13C8
07E0
0FF0
03C0
0180
0100
ENDCHAR
STARTCHAR 2764
ENCODING 10084
SWIDTH 1020 0
DWIDTH 17 0
BBX 15 13 1 0
BITMAP
0810
3E7C
7FFE
FFFE
FFFE
7FFE
7FFC
3FF8
1FF0
0FE0
07C0
0380
0100
ENDCHAR
STARTCHAR 2780
ENCODING 10112
SWIDTH 1440 0
DWIDTH 24 0
BBX 23 23 0 -5
BITMAP
007C00
03FF80
0700E0
0C0030
180018
30000C
603804
607806
409806
C01802
C01802
C01802
C01802
C01802
C01802
401806
601804
20180C
300008
180018
0C0070
0781C0
01FF00
ENDCHAR
STARTCHAR 2781
ENCODING 10113
SWIDTH 1440 0
DWIDTH 24 0
BBX 23 23 0 -5
BITMAP
007C00
03FF80
0700E0
0C0030
180018
30100C
607C04
60C206
408206
C00202
C00202
C00602
C00C02
C01802
C03002
406006
60C004
20FF0C
300008
180018
0C0070
0781C0
01FF00
ENDCHAR
STARTCHAR 2782
ENCODING 10114
SWIDTH 1440 0
DWIDTH 24 0
BBX 23 23 0 -5
BITMAP
007C00
03FF80
0700E0
0C0030
180018
30100C
607E04
60C206
408306
C00202
C00602
C01C02
C00602
C00302
C00102
408306
60C604
207C0C
300008
180018
0C0070
0781C0
01FF00
ENDCHAR
STARTCHAR 2783
ENCODING 10115
SWIDTH 1440 0
DWIDTH 24 0
BBX 23 23 0 -5
BITMAP
007C00
03FF80
0700E0
0C0030
180018
30000C
600C04
601C06
403C06
C02C02
C04C02
C0CC02
C08C02
C18C02
C1FF02
400C06
600C04
200C0C
300008
180018
0C0070
0781C0
01FF00
ENDCHAR
STARTCHAR 2784
ENCODING 10116
SWIDTH 1440 0
DWIDTH 24 0
BBX 23 23 0 -5
BITMAP
007C00
03FF80
0700E0
0C0030
180018
30000C
607E04
604006
40C006
C0C002
C0FC02
C0C602
C00302
C00302
C00302
408306
60C604
207C0C
300008
180018
0C0070
0781C0
01FF00
ENDCHAR
STARTCHAR 2785
ENCODING 10117
SWIDTH 1440 0
DWIDTH 24 0
BBX 23 23 0 -5
BITMAP
007C00
03FF80
0700E0
0C0030
180018
30180C
607E04
604306
40C306
C08002
C0BC02
C0E602
C0C302
C08102
C08102
40C306
606604
203C0C
300008
180018
0C0070
0781C0
01FF00
ENDCHAR
STARTCHAR 2786
ENCODING 10118
SWIDTH 1440 0
DWIDTH 24 0
BBX 23 23 0 -5
BITMAP
007C00
03FF80
0700E0
0C0030
180018
30000C
60FF04
600306
400206
C00602
C00402
C00C02
C00802
C01802
C01002
403006
602004
20600C
300008
180018
0C0070
0781C0
01FF00
ENDCHAR
STARTCHAR 2787
ENCODING 10119
SWIDTH 1440 0
DWIDTH 24 0
BBX 23 23 0 -5
BITMAP
007C00
03FF80
0700E0
0C0030
180018
30100C
607E04
60C206
40C306
C0C202
C04602
C03C02
C0E602
C08302
C08102
408306
60C604
207C0C
300008
180018
0C0070
0781C0
01FF00
ENDCHAR
STARTCHAR 2788
ENCODING 10120
SWIDTH 1440 0
DWIDTH 24 0
BBX 23 23 0 -5
BITMAP
007C00
03FF80
0700E0
0C0030
180018
30100C
607C04
60C206
408306
C08302
C08302
C0C302
C07D02
C03902
C00302
408206
60C604
207C0C
300008
180018
0C0070
0781C0
01FF00
ENDCHAR
STARTCHAR 27EF
ENCODING 10223
SWIDTH 300 0
DWIDTH 5 0
BBX 3 17 1 -3
BITMAP
C0
E0
60
60
60
60
60
60
60
60
60
60
60
60
60
C0
80
ENDCHAR
STARTCHAR 27F5
ENCODING 10229
SWIDTH 1380 0
DWIDTH 23 0
BBX 19 11 2 0
BITMAP
040000
0C0000
180000
300000
600000
FFFFE0
400000
200000
100000
080000
040000
ENDCHAR
STARTCHAR 27F6
ENCODING 10230
SWIDTH 1380 0
DWIDTH 23 0
BBX 19 11 2 0
BITMAP
000400
000600
000300
000180
0000C0
FFFFE0
0000C0
000180
000300
000600
000400
ENDCHAR
STARTCHAR 27F7
ENCODING 10231
SWIDTH 1800 0
DWIDTH 30 0
BBX 26 11 2 0
BITMAP
04000800
0C000C00
18000600
30000300
60000180
FFFFFFC0
40000180
20000300
10000600
08000C00
04000800
ENDCHAR
STARTCHAR 27F8
ENCODING 10232
SWIDTH 1380 0
DWIDTH 23 0
BBX 19 11 2 0
BITMAP
040000
0C0000
180000
3FFFE0
7FFFE0
C00000
7FFFE0
3FFFE0
100000
080000
040000
ENDCHAR
STARTCHAR 27F9
ENCODING 10233
SWIDTH 1380 0
DWIDTH 23 0
BBX 19 11 2 0
BITMAP
000400
000600
000300
FFFF80
FFFFC0
000060
FFFFC0
FFFF80
000300
000600
000400
ENDCHAR
STARTCHAR 27FA
ENCODING 10234
SWIDTH 1800 0
DWIDTH 30 0
BBX 26 11 2 0
BITMAP
04000800
0C000C00
18000600
3FFFFF00
7FFFFF80
C00000C0
7FFFFF80
3FFFFF00
10000600
08000C00
04000800
ENDCHAR
STARTCHAR 2A38
ENCODING 10808
SWIDTH 1440 0
DWIDTH 24 0
BBX 23 23 0 -5
BITMAP
007C00
03FF80
0700E0
0C0030
180018
30000C
600004
600006
401806
C01802
C00002
C0FF02
C0FF02
C00002
C01802
401806
600004
20000C
300008
180018
0C0070
0781C0
01FF00
ENDCHAR
STARTCHAR 2B06
ENCODING 11014
SWIDTH 1020 0
DWIDTH 17 0
BBX 14 13 2 0
BITMAP
0300
0780
0FC0
1FE0
3FF0
7FF8
FFFC
1FC0
1FC0
1FC0
1FC0
1FC0
1FC0
ENDCHAR
STARTCHAR 2B12
ENCODING 11026
SWIDTH 960 0
DWIDTH 16 0
BBX 12 12 2 0
BITMAP
FFF0
8010
8010
FFF0
FFF0
8010
8010
8010
8010
8010
8010
FFE0
ENDCHAR
STARTCHAR 2B13
ENCODING 11027
SWIDTH 960 0
DWIDTH 16 0
BBX 12 12 2 0
BITMAP
FFF0
8010
8010
8010
8010
8010
8010
FFF0
8010
8010
8010
FFE0
ENDCHAR
STARTCHAR 2B1C
ENCODING 11036
SWIDTH 1440 0
DWIDTH 24 0
BBX 22 22 1 -5
BITMAP
FFFFFC
800004
800004
800004
800004
800004
800004
800004
800004
800004
800004
800004
800004
800004
800004
800004
800004
800004
800004
800004
80000C
FFFFF8
ENDCHAR
STARTCHAR 2C7C
ENCODING 11388
SWIDTH 180 0
DWIDTH 3 0
BBX 2 11 0 -4
BITMAP
40
40
00
40
40
40
40
40
40
40
C0
ENDCHAR
STARTCHAR 2C7F
ENCODING 11391
SWIDTH 660 0
DWIDTH 11 0
BBX 9 16 1 -4
BITMAP
FF80
0300
0200
0600
0C00
0800
1800
3000
2000
6000
C000
F000
1800
0C00
0780
0100
ENDCHAR
STARTCHAR 2DFF
ENCODING 11775
SWIDTH 0 0
DWIDTH 0 0
BBX 7 5 -8 10
BITMAP
BE
94
FC
AA
AA
ENDCHAR
STARTCHAR 2E18
ENCODING 11800
SWIDTH 540 0
DWIDTH 9 0
BBX 7 12 1 -3
BITMAP
18
10
00
10
10
30
70
D0
90
86
C6
7C
ENDCHAR
STARTCHAR A69F
ENCODING 42655
SWIDTH 0 0
DWIDTH 0 0
BBX 6 5 -7 10
BITMAP
90
AC
F0
A4
B8
ENDCHAR
STARTCHAR A7FF
ENCODING 43007
SWIDTH 1200 0
DWIDTH 20 0
BBX 18 12 1 0
BITMAP
6060C0
7060C0
7070C0
58D0C0
48D8C0
4CC8C0
C4CC80
C6C680
C2C680
C3C380
C18380
C18180
ENDCHAR
STARTCHAR A92E
ENCODING 43310
SWIDTH 540 0
DWIDTH 9 0
BBX 9 3 0 4
BITMAP
1C00
6300
C180
ENDCHAR
STARTCHAR E000
ENCODING 57344
SWIDTH 1080 0
DWIDTH 18 0
BBX 16 16 1 -2
BITMAP
0180
03C0
0660
0C30
1248
399C
6D36
C663
4422
2994
13C8
0660
0C30
0240
0180
0100
ENDCHAR
STARTCHAR E002
ENCODING 57346
SWIDTH 780 0
DWIDTH 13 0
BBX 11 13 1 0
BITMAP
0400
3F80
60C0
4040
C060
C000
8000
83E0
C060
C060
60E0
31E0
1F60
ENDCHAR
STARTCHAR E003
ENCODING 57347
SWIDTH 780 0
DWIDTH 13 0
BBX 12 13 1 0
BITMAP
0400
3F80
60C0
4040
C060
C000
8000
83E0
C060
C3F0
60E0
31E0
1F60
ENDCHAR
STARTCHAR E004
ENCODING 57348
SWIDTH 780 0
DWIDTH 13 0
BBX 12 13 1 0
BITMAP
0400
3FB0
60E0
4060
C060
C000
8000
83E0
C060
C060
60E0
31E0
1F60
ENDCHAR
STARTCHAR E005
ENCODING 57349
SWIDTH 780 0
DWIDTH 13 0
BBX 11 16 1 0
BITMAP
0C00
0A00
1100
0400
3F80
60C0
4040
C060
C000
8000
83E0
C060
C060
60E0
31E0
1F60
ENDCHAR
STARTCHAR E006
ENCODING 57350
SWIDTH 780 0
DWIDTH 13 0
BBX 11 15 1 0
BITMAP
1B00
0E00
0400
3F80
60C0
4040
C060
C000
8000
83E0
C060
C060
60E0
31E0
1F60
ENDCHAR
STARTCHAR E007
ENCODING 57351
SWIDTH 780 0
DWIDTH 13 0
BBX 11 16 1 0
BITMAP
0400
0C00
0000
0400
3F80
60C0
4040
C060
C000
8000
83E0
C060
C060
60E0
31E0
1F60
ENDCHAR
STARTCHAR E008
ENCODING 57352
SWIDTH 780 0
DWIDTH 13 0
BBX 11 17 1 -4
BITMAP
0400
3F80
60C0
4040
C060
C000
8000
83E0
C060
C060
60E0
31E0
1F60
0000
0400
0C00
0800
ENDCHAR
STARTCHAR E009
ENCODING 57353
SWIDTH 780 0
DWIDTH 13 0
BBX 11 16 1 0
BITMAP
1B00
0A00
0400
0400
3F80
60C0
4040
C060
C000
8000
83E0
C060
C060
60E0
31E0
1F60
ENDCHAR
STARTCHAR E00A
ENCODING 57354
SWIDTH 780 0
DWIDTH 13 0
BBX 11 16 1 0
BITMAP
0300
0600
0000
0400
3F80
60C0
4040
C060
C000
8000
83E0
C060
C060
60E0
31E0
1F60
ENDCHAR
STARTCHAR E00B
ENCODING 57355
SWIDTH 780 0
DWIDTH 13 0
BBX 11 15 1 0
BITMAP
1F00
0000
0400
3F80
60C0
4040
C060
C000
8000
83E0
C060
C060
60E0
31E0
1F60
ENDCHAR
STARTCHAR E00C
ENCODING 57356
SWIDTH 480 0
DWIDTH 8 0
BBX 6 12 1 0
BITMAP
FC
30
30
30
30
30
30
30
30
30
30
FC
ENDCHAR
STARTCHAR E00D
ENCODING 57357
SWIDTH 480 0
DWIDTH 8 0
BBX 6 16 1 0
BITMAP
C8
C8
00
00
FC
30
30
30
30
30
30
30
30
30
30
FC
ENDCHAR
STARTCHAR E00E
ENCODING 57358
SWIDTH 480 0
DWIDTH 8 0
BBX 6 18 1 0
BITMAP
1C
30
00
C8
C8
00
FC
30
30
30
30
30
30
30
30
30
30
FC
ENDCHAR
STARTCHAR E00F
ENCODING 57359
SWIDTH 480 0
DWIDTH 8 0
BBX 6 12 1 0
BITMAP
FC
30
30
30
30
F8
F8
30
30
30
30
FC
ENDCHAR
STARTCHAR E010
ENCODING 57360
SWIDTH 480 0
DWIDTH 8 0
BBX 6 15 1 -3
BITMAP
FC
30
30
30
30
30
30
30
30
30
30
FC
24
7C
80
ENDCHAR
STARTCHAR E011
ENCODING 57361
SWIDTH 480 0
DWIDTH 8 0
BBX 6 16 1 0
BITMAP
C0
20
00
00
FC
30
30
30
30
30
30
30
30
30
30
FC
ENDCHAR
STARTCHAR E012
ENCODING 57362
SWIDTH 480 0
DWIDTH 8 0
BBX 6 16 1 0
BITMAP
18
10
20
00
FC
30
30
30
30
30
30
30
30
30
30
FC
ENDCHAR
STARTCHAR E013
ENCODING 57363
SWIDTH 480 0
DWIDTH 8 0
BBX 6 16 1 0
BITMAP
30
58
C8
00
FC
30
30
30
30
30
30
30
30
30
30
FC
ENDCHAR
STARTCHAR E014
ENCODING 57364
SWIDTH 480 0
DWIDTH 8 0
BBX 6 16 1 0
BITMAP
44
F8
80
00
FC
30
30
30
30
30
30
30
30
30
30
FC
ENDCHAR
STARTCHAR E015
ENCODING 57365
SWIDTH 480 0
DWIDTH 8 0
BBX 6 15 1 0
BITMAP
FC
00
00
FC
30
30
30
30
30
30
30
30
30
30
FC
ENDCHAR
STARTCHAR E016
ENCODING 57366
SWIDTH 480 0
DWIDTH 8 0
BBX 6 15 1 0
BITMAP
C8
70
00
FC
30
30
30
30
30
30
30
30
30
30
FC
ENDCHAR
STARTCHAR E017
ENCODING 57367
SWIDTH 480 0
DWIDTH 8 0
BBX 6 16 1 -4
BITMAP
FC
30
30
30
30
30
30
30
30
30
30
FC
08
10
1C
08
ENDCHAR
STARTCHAR E018
ENCODING 57368
SWIDTH 480 0
DWIDTH 8 0
BBX 6 16 1 0
BITMAP
20
30
00
00
FC
30
30
30
30
30
30
30
30
30
30
FC
ENDCHAR
STARTCHAR E019
ENCODING 57369
SWIDTH 480 0
DWIDTH 8 0
BBX 6 16 1 0
BITMAP
C8
70
30
00
FC
30
30
30
30
30
30
30
30
30
30
FC
ENDCHAR
STARTCHAR E01A
ENCODING 57370
SWIDTH 480 0
DWIDTH 8 0
BBX 7 16 0 0
BITMAP
D8
68
04
00
7E
18
18
18
18
18
18
18
18
18
18
7E
ENDCHAR
STARTCHAR E01B
ENCODING 57371
SWIDTH 480 0
DWIDTH 8 0
BBX 6 16 1 0
BITMAP
78
C8
00
00
FC
30
30
30
30
30
30
30
30
30
30
FC
ENDCHAR
STARTCHAR E01C
ENCODING 57372
SWIDTH 480 0
DWIDTH 8 0
BBX 6 17 1 0
BITMAP
30
18
30
20
00
FC
30
30
30
30
30
30
30
30
30
30
FC
ENDCHAR
STARTCHAR E01D
ENCODING 57373
SWIDTH 480 0
DWIDTH 8 0
BBX 6 15 1 -3
BITMAP
FC
30
30
30
30
30
30
30
30
30
30
FC
00
20
30
ENDCHAR
STARTCHAR E01E
ENCODING 57374
SWIDTH 600 0
DWIDTH 10 0
BBX 8 12 1 0
BITMAP
FF
C4
84
04
04
04
04
04
04
04
04
3F
ENDCHAR
STARTCHAR E01F
ENCODING 57375
SWIDTH 600 0
DWIDTH 10 0
BBX 8 12 1 0
BITMAP
BF
C4
44
04
04
04
04
04
04
04
04
3F
ENDCHAR
STARTCHAR E020
ENCODING 57376
SWIDTH 840 0
DWIDTH 14 0
BBX 12 12 1 0
BITMAP
F3F0
C8C0
80C0
00C0
00C0
00C0
00C0
00C0
00C0
00C0
00C0
03F0
ENDCHAR
STARTCHAR E021
ENCODING 57377
SWIDTH 780 0
DWIDTH 13 0
BBX 11 12 1 0
BITMAP
B7E0
D180
4980
0180
0180
0180
0180
0180
0180
0180
0180
07E0
ENDCHAR
STARTCHAR E022
ENCODING 57378
SWIDTH 780 0
DWIDTH 13 0
BBX 11 12 1 0
BITMAP
DFE0
F180
8180
0180
0180
0180
0180
0180
0180
0180
0180
07E0
ENDCHAR
STARTCHAR E023
ENCODING 57379
SWIDTH 780 0
DWIDTH 13 0
BBX 11 12 1 0
BITMAP
9FE0
D080
6080
0080
0080
0080
0080
0080
0080
0080
0080
07E0
ENDCHAR
STARTCHAR E024
ENCODING 57380
SWIDTH 720 0
DWIDTH 12 0
BBX 10 14 1 0
BITMAP
D000
B000
2FC0
2300
4300
0300
0300
0300
0300
0300
0300
0300
0300
0FC0
ENDCHAR
STARTCHAR E025
ENCODING 57381
SWIDTH 720 0
DWIDTH 12 0
BBX 10 14 1 0
BITMAP
D000
B000
2FC0
2300
2300
0300
0300
0300
0300
0300
0300
0300
0300
0FC0
ENDCHAR
STARTCHAR E026
ENCODING 57382
SWIDTH 480 0
DWIDTH 8 0
BBX 6 15 1 0
BITMAP
C8
70
00
FC
30
30
30
30
30
30
30
30
30
30
FC
ENDCHAR
STARTCHAR E027
ENCODING 57383
SWIDTH 480 0
DWIDTH 8 0
BBX 6 15 1 0
BITMAP
FC
00
00
FC
30
30
30
30
30
30
30
30
30
30
FC
ENDCHAR
STARTCHAR E028
ENCODING 57384
SWIDTH 660 0
DWIDTH 11 0
BBX 9 12 1 0
BITMAP
DF80
4600
2600
0600
0600
0600
0600
0600
0600
0600
0600
1F80
ENDCHAR
STARTCHAR E029
ENCODING 57385
SWIDTH 600 0
DWIDTH 10 0
BBX 8 13 2 0
BITMAP
C0
BF
88
08
08
08
08
08
08
08
08
08
3F
ENDCHAR
STARTCHAR E02A
ENCODING 57386
SWIDTH 480 0
DWIDTH 8 0
BBX 6 12 1 0
BITMAP
FC
30
30
30
30
30
30
30
30
30
30
FC
ENDCHAR
STARTCHAR E02B
ENCODING 57387
SWIDTH 480 0
DWIDTH 8 0
BBX 6 16 1 0
BITMAP
C8
C8
00
00
FC
30
30
30
30
30
30
30
30
30
30
FC
ENDCHAR
STARTCHAR E02C
ENCODING 57388
SWIDTH 660 0
DWIDTH 11 0
BBX 8 9 1 0
BITMAP
7D
43
C3
81
81
81
C3
67
3D
ENDCHAR
STARTCHAR E02D
ENCODING 57389
SWIDTH 660 0
DWIDTH 11 0
BBX 8 13 1 0
BITMAP
06
08
00
00
7D
43
C3
81
81
81
C3
67
3D
ENDCHAR
STARTCHAR E02E
ENCODING 57390
SWIDTH 660 0
DWIDTH 11 0
BBX 8 12 1 0
BITMAP
26
1C
00
7D
43
C3
81
81
81
C3
67
3D
ENDCHAR
STARTCHAR E02F
ENCODING 57391
SWIDTH 660 0
DWIDTH 11 0
BBX 8 14 1 0
BITMAP
0C
08
26
18
00
7D
43
C3
81
81
81
C3
67
3D
ENDCHAR
STARTCHAR E030
ENCODING 57392
SWIDTH 660 0
DWIDTH 11 0
BBX 8 15 1 -3
BITMAP
26
1C
00
7D
43
C3
81
81
81
C3
67
3D
00
18
18
ENDCHAR
STARTCHAR E031
ENCODING 57393
SWIDTH 660 0
DWIDTH 11 0
BBX 8 14 1 0
BITMAP
30
08
26
18
00
7D
43
C3
81
81
81
C3
67
3D
ENDCHAR
STARTCHAR E032
ENCODING 57394
SWIDTH 660 0
DWIDTH 11 0
BBX 8 15 1 0
BITMAP
18
04
08
26
18
00
7D
43
C3
81
81
81
C3
67
3D
ENDCHAR
STARTCHAR E033
ENCODING 57395
SWIDTH 660 0
DWIDTH 11 0
BBX 8 15 1 0
BITMAP
06
3C
00
26
18
00
7D
43
C3
81
81
81
C3
67
3D
ENDCHAR
STARTCHAR E034
ENCODING 57396
SWIDTH 660 0
DWIDTH 11 0
BBX 8 13 1 0
BITMAP
26
1C
18
00
7D
43
C3
81
81
81
C3
67
3D
ENDCHAR
STARTCHAR E035
ENCODING 57397
SWIDTH 660 0
DWIDTH 11 0
BBX 8 13 1 0
BITMAP
18
34
26
00
7D
43
C3
81
81
81
C3
67
3D
ENDCHAR
STARTCHAR E036
ENCODING 57398
SWIDTH 660 0
DWIDTH 11 0
BBX 10 14 1 0
BITMAP
00C0
1900
3C00
6600
0000
7D00
4300
C300
8100
8100
8100
C300
6700
3D00
ENDCHAR
STARTCHAR E037
ENCODING 57399
SWIDTH 660 0
DWIDTH 11 0
BBX 8 16 1 -3
BITMAP
18
34
26
00
7D
43
C3
81
81
81
C3
67
3D
00
18
18
ENDCHAR
STARTCHAR E038
ENCODING 57400
SWIDTH 660 0
DWIDTH 11 0
BBX 9 14 0 0
BITMAP
C000
4000
3E00
3300
0000
3E80
2180
6180
4080
4080
4080
6180
3380
1E80
ENDCHAR
STARTCHAR E039
ENCODING 57401
SWIDTH 660 0
DWIDTH 11 0
BBX 9 15 1 0
BITMAP
0200
0180
1900
3400
6200
0000
7D00
4300
C300
8100
8100
8100
C300
6700
3D00
ENDCHAR
STARTCHAR E03A
ENCODING 57402
SWIDTH 660 0
DWIDTH 11 0
BBX 8 15 1 0
BITMAP
14
2C
00
3C
62
00
7D
43
C3
81
81
81
C3
67
3D
ENDCHAR
STARTCHAR E03B
ENCODING 57403
SWIDTH 660 0
DWIDTH 11 0
BBX 8 13 1 0
BITMAP
F8
2C
10
00
7D
43
C3
81
81
81
C3
67
3D
ENDCHAR
STARTCHAR E03C
ENCODING 57404
SWIDTH 660 0
DWIDTH 11 0
BBX 8 13 1 0
BITMAP
26
66
00
00
7D
43
C3
81
81
81
C3
67
3D
ENDCHAR
STARTCHAR E03D
ENCODING 57405
SWIDTH 660 0
DWIDTH 11 0
BBX 8 15 1 0
BITMAP
7E
00
26
66
00
00
7D
43
C3
81
81
81
C3
67
3D
ENDCHAR
STARTCHAR E03E
ENCODING 57406
SWIDTH 660 0
DWIDTH 11 0
BBX 8 13 1 0
BITMAP
08
18
00
00
7D
43
C3
81
81
81
C3
67
3D
ENDCHAR
STARTCHAR E03F
ENCODING 57407
SWIDTH 660 0
DWIDTH 11 0
BBX 8 12 1 -3
BITMAP
7D
43
C3
81
81
81
C3
67
3D
00
18
18
ENDCHAR
STARTCHAR E040
ENCODING 57408
SWIDTH 660 0
DWIDTH 11 0
BBX 8 15 1 0
BITMAP
7E
00
08
18
00
00
7D
43
C3
81
81
81
C3
67
3D
ENDCHAR
STARTCHAR E041
ENCODING 57409
SWIDTH 660 0
DWIDTH 11 0
BBX 8 13 1 0
BITMAP
30
10
08
00
7D
43
C3
81
81
81
C3
67
3D
ENDCHAR
STARTCHAR E042
ENCODING 57410
SWIDTH 660 0
DWIDTH 11 0
BBX 8 14 1 0
BITMAP
08
14
0C
08
00
7D
43
C3
81
81
81
C3
67
3D
ENDCHAR
STARTCHAR E043
ENCODING 57411
SWIDTH 660 0
DWIDTH 11 0
BBX 8 13 1 0
BITMAP
3C
26
00
00
7D
43
C3
81
81
81
C3
67
3D
ENDCHAR
STARTCHAR E044
ENCODING 57412
SWIDTH 660 0
DWIDTH 11 0
BBX 8 12 1 0
BITMAP
7E
00
00
7D
43
C3
81
81
81
C3
67
3D
ENDCHAR
STARTCHAR E045
ENCODING 57413
SWIDTH 660 0
DWIDTH 11 0
BBX 8 13 1 -4
BITMAP
7D
43
C3
81
81
81
C3
67
3D
02
06
07
03
ENDCHAR
STARTCHAR E046
ENCODING 57414
SWIDTH 660 0
DWIDTH 11 0
BBX 8 14 1 0
BITMAP
10
08
08
10
00
7D
43
C3
81
81
81
C3
67
3D
ENDCHAR
STARTCHAR E047
ENCODING 57415
SWIDTH 660 0
DWIDTH 11 0
BBX 8 14 1 0
BITMAP
3C
24
24
18
00
7D
43
C3
81
81
81
C3
67
3D
ENDCHAR
STARTCHAR E048
ENCODING 57416
SWIDTH 660 0
DWIDTH 11 0
BBX 8 15 1 0
BITMAP
04
08
18
14
18
00
7D
43
C3
81
81
81
C3
67
3D
ENDCHAR
STARTCHAR E049
ENCODING 57417
SWIDTH 660 0
DWIDTH 11 0
BBX 8 12 1 -3
BITMAP
7D
43
C3
81
81
81
C3
67
3D
00
18
38
ENDCHAR
STARTCHAR E04A
ENCODING 57418
SWIDTH 660 0
DWIDTH 11 0
BBX 8 13 1 0
BITMAP
12
7E
40
00
7D
43
C3
81
81
81
C3
67
3D
ENDCHAR
STARTCHAR E04B
ENCODING 57419
SWIDTH 240 0
DWIDTH 4 0
BBX 5 12 0 -3
BITMAP
60
60
60
60
60
60
60
60
60
48
F8
80
ENDCHAR
STARTCHAR E04C
ENCODING 57420
SWIDTH 240 0
DWIDTH 4 0
BBX 3 13 0 -4
BITMAP
60
60
60
60
60
60
60
60
60
40
80
E0
40
ENDCHAR
STARTCHAR E04D
ENCODING 57421
SWIDTH 240 0
DWIDTH 4 0
BBX 2 12 1 -3
BITMAP
C0
C0
C0
C0
C0
C0
C0
C0
C0
00
C0
C0
ENDCHAR
STARTCHAR E04E
ENCODING 57422
SWIDTH 240 0
DWIDTH 4 0
BBX 6 12 -1 -3
BITMAP
30
30
30
FC
FC
30
30
30
30
30
30
60
ENDCHAR
STARTCHAR E04F
ENCODING 57423
SWIDTH 360 0
DWIDTH 6 0
BBX 6 12 0 -3
BITMAP
18
18
18
18
18
18
18
18
7C
D8
98
F0
ENDCHAR
STARTCHAR E050
ENCODING 57424
SWIDTH 240 0
DWIDTH 4 0
BBX 3 12 1 0
BITMAP
C0
C0
C0
C0
C0
C0
C0
C0
C0
C0
C0
60
ENDCHAR
STARTCHAR E051
ENCODING 57425
SWIDTH 240 0
DWIDTH 4 0
BBX 4 12 0 0
BITMAP
60
60
60
60
70
70
E0
60
60
60
60
30
ENDCHAR
STARTCHAR E052
ENCODING 57426
SWIDTH 240 0
DWIDTH 4 0
BBX 6 12 -1 0
BITMAP
30
30
30
30
30
FC
FC
30
30
30
30
18
ENDCHAR
STARTCHAR E053
ENCODING 57427
SWIDTH 240 0
DWIDTH 4 0
BBX 6 12 -1 0
BITMAP
30
30
30
30
34
7C
F0
30
30
30
30
18
ENDCHAR
STARTCHAR E054
ENCODING 57428
SWIDTH 420 0
DWIDTH 7 0
BBX 7 12 0 0
BITMAP
08
08
08
78
C8
C8
7E
08
08
08
08
0E
ENDCHAR
STARTCHAR E055
ENCODING 57429
SWIDTH 300 0
DWIDTH 5 0
BBX 5 12 1 0
BITMAP
C0
C0
C0
C0
D0
F8
C0
C0
C0
C0
C0
60
ENDCHAR
STARTCHAR E056
ENCODING 57430
SWIDTH 240 0
DWIDTH 4 0
BBX 3 16 1 0
BITMAP
60
40
80
00
C0
C0
C0
C0
C0
C0
C0
C0
C0
C0
C0
60
ENDCHAR
STARTCHAR E057
ENCODING 57431
SWIDTH 240 0
DWIDTH 4 0
BBX 3 16 1 -4
BITMAP
C0
C0
C0
C0
C0
C0
C0
C0
C0
C0
C0
60
00
40
C0
80
ENDCHAR
STARTCHAR E058
ENCODING 57432
SWIDTH 300 0
DWIDTH 5 0
BBX 4 13 1 0
BITMAP
10
D0
D0
C0
C0
C0
C0
C0
C0
C0
C0
C0
60
ENDCHAR
STARTCHAR E059
ENCODING 57433
SWIDTH 240 0
DWIDTH 4 0
BBX 3 15 1 -3
BITMAP
C0
C0
C0
C0
C0
C0
C0
C0
C0
C0
C0
60
00
40
60
ENDCHAR
STARTCHAR E05A
ENCODING 57434
SWIDTH 240 0
DWIDTH 4 0
BBX 6 18 -1 -3
BITMAP
FC
00
00
30
30
30
30
30
30
30
30
30
30
30
18
00
10
18
ENDCHAR
STARTCHAR E05B
ENCODING 57435
SWIDTH 240 0
DWIDTH 4 0
BBX 5 15 0 -3
BITMAP
60
60
60
60
60
60
60
60
60
60
60
30
00
00
F8
ENDCHAR
STARTCHAR E05C
ENCODING 57436
SWIDTH 240 0
DWIDTH 4 0
BBX 5 16 0 -4
BITMAP
60
60
60
60
60
60
60
60
60
60
60
30
00
30
50
88
ENDCHAR
STARTCHAR E05D
ENCODING 57437
SWIDTH 360 0
DWIDTH 6 0
BBX 5 12 1 -3
BITMAP
F8
C0
C0
C0
C0
C0
C0
C0
C0
C0
C0
70
ENDCHAR
STARTCHAR E05E
ENCODING 57438
SWIDTH 360 0
DWIDTH 6 0
BBX 5 12 1 -3
BITMAP
F8
C0
C0
C0
C0
C0
C0
C0
C0
C0
C0
C0
ENDCHAR
STARTCHAR E05F
ENCODING 57439
SWIDTH 420 0
DWIDTH 7 0
BBX 5 9 1 0
BITMAP
F8
C0
C0
C0
C0
C0
C0
C0
C0
ENDCHAR
STARTCHAR E060
ENCODING 57440
SWIDTH 420 0
DWIDTH 7 0
BBX 7 9 -1 0
BITMAP
3E
30
30
30
FC
FC
30
30
30
ENDCHAR
STARTCHAR E061
ENCODING 57441
SWIDTH 420 0
DWIDTH 7 0
BBX 5 13 1 0
BITMAP
18
30
00
00
F8
C0
C0
C0
C0
C0
C0
C0
C0
ENDCHAR
STARTCHAR E062
ENCODING 57442
SWIDTH 420 0
DWIDTH 7 0
BBX 5 13 1 -4
BITMAP
F8
C0
C0
C0
C0
C0
C0
C0
C0
00
C0
80
80
ENDCHAR
STARTCHAR E063
ENCODING 57443
SWIDTH 420 0
DWIDTH 7 0
BBX 5 13 1 0
BITMAP
D8
50
20
00
F8
C0
C0
C0
C0
C0
C0
C0
C0
ENDCHAR
STARTCHAR E064
ENCODING 57444
SWIDTH 420 0
DWIDTH 7 0
BBX 6 13 0 0
BITMAP
D8
48
20
00
7C
60
60
60
60
60
60
60
60
ENDCHAR
STARTCHAR E065
ENCODING 57445
SWIDTH 420 0
DWIDTH 7 0
BBX 5 13 1 0
BITMAP
70
88
00
00
F8
C0
C0
C0
C0
C0
C0
C0
C0
ENDCHAR
STARTCHAR E066
ENCODING 57446
SWIDTH 420 0
DWIDTH 7 0
BBX 5 13 1 0
BITMAP
20
70
00
00
F8
C0
C0
C0
C0
C0
C0
C0
C0
ENDCHAR
STARTCHAR E067
ENCODING 57447
SWIDTH 420 0
DWIDTH 7 0
BBX 5 12 1 -3
BITMAP
F8
C0
C0
C0
C0
C0
C0
C0
C0
00
C0
C0
ENDCHAR
STARTCHAR E068
ENCODING 57448
SWIDTH 420 0
DWIDTH 7 0
BBX 5 15 1 -3
BITMAP
F8
00
00
F8
C0
C0
C0
C0
C0
C0
C0
C0
00
C0
C0
ENDCHAR
STARTCHAR E069
ENCODING 57449
SWIDTH 420 0
DWIDTH 7 0
BBX 7 12 -1 -3
BITMAP
3E
30
30
30
30
30
30
30
30
00
00
FC
ENDCHAR
STARTCHAR E06A
ENCODING 57450
SWIDTH 660 0
DWIDTH 11 0
BBX 8 13 2 0
BITMAP
20
F8
8C
84
8C
88
98
88
86
83
83
A3
BE
ENDCHAR
STARTCHAR E06B
ENCODING 57451
SWIDTH 660 0
DWIDTH 11 0
BBX 9 13 1 0
BITMAP
0800
3E00
6300
C500
C500
C980
8980
9180
D180
F100
6300
6200
3E00
ENDCHAR
STARTCHAR E06C
ENCODING 57452
SWIDTH 480 0
DWIDTH 8 0
BBX 4 12 1 0
BITMAP
30
F0
D0
10
10
10
10
10
10
10
10
10
ENDCHAR
STARTCHAR E06D
ENCODING 57453
SWIDTH 660 0
DWIDTH 11 0
BBX 8 12 1 0
BITMAP
7F
02
06
0C
18
1E
03
01
01
C1
63
3E
ENDCHAR
STARTCHAR E06E
ENCODING 57454
SWIDTH 660 0
DWIDTH 11 0
BBX 9 12 1 0
BITMAP
0C00
0800
1800
1000
3200
2200
4200
C200
FF80
0200
0200
0200
ENDCHAR
STARTCHAR E06F
ENCODING 57455
SWIDTH 600 0
DWIDTH 10 0
BBX 8 12 1 0
BITMAP
0C
18
10
30
78
7E
C2
83
83
C3
66
3C
ENDCHAR
STARTCHAR E070
ENCODING 57456
SWIDTH 600 0
DWIDTH 10 0
BBX 8 13 1 0
BITMAP
10
7E
C2
C3
83
C3
46
7E
04
0C
18
10
30
ENDCHAR
STARTCHAR E071
ENCODING 57457
SWIDTH 660 0
DWIDTH 11 0
BBX 9 13 1 0
BITMAP
0800
3E00
6300
4100
C180
C180
C180
C180
C180
C180
4100
6300
3E00
ENDCHAR
STARTCHAR E072
ENCODING 57458
SWIDTH 660 0
DWIDTH 11 0
BBX 4 12 3 0
BITMAP
70
D0
90
10
10
10
10
10
10
10
10
10
ENDCHAR
STARTCHAR E073
ENCODING 57459
SWIDTH 660 0
DWIDTH 11 0
BBX 7 13 2 0
BITMAP
10
7C
C6
82
02
06
04
08
18
30
60
C0
FE
ENDCHAR
STARTCHAR E074
ENCODING 57460
SWIDTH 660 0
DWIDTH 11 0
BBX 9 13 1 0
BITMAP
0800
3E00
6300
4100
0100
0300
1C00
0300
0180
0180
C180
6300
3E00
ENDCHAR
STARTCHAR E075
ENCODING 57461
SWIDTH 660 0
DWIDTH 11 0
BBX 9 12 1 0
BITMAP
0600
0E00
0A00
1A00
3200
2200
6200
C200
FF80
0200
0200
0200
ENDCHAR
STARTCHAR E076
ENCODING 57462
SWIDTH 660 0
DWIDTH 11 0
BBX 8 12 2 0
BITMAP
FE
C0
C0
C0
BC
C6
02
03
03
82
C6
7C
ENDCHAR
STARTCHAR E077
ENCODING 57463
SWIDTH 660 0
DWIDTH 11 0
BBX 9 13 1 0
BITMAP
0C00
3E00
6100
4180
4000
DE00
E300
C100
C180
C180
4100
6300
3E00
ENDCHAR
STARTCHAR E078
ENCODING 57464
SWIDTH 660 0
DWIDTH 11 0
BBX 8 12 1 0
BITMAP
FF
01
03
02
06
04
0C
08
18
10
30
60
ENDCHAR
STARTCHAR E079
ENCODING 57465
SWIDTH 660 0
DWIDTH 11 0
BBX 9 13 1 0
BITMAP
0800
3E00
6300
4100
4100
6300
1C00
6300
4100
C180
C180
6300
3E00
ENDCHAR
STARTCHAR E07A
ENCODING 57466
SWIDTH 660 0
DWIDTH 11 0
BBX 9 13 1 0
BITMAP
0800
3E00
6300
C100
C180
C180
4380
7F80
1980
0100
C100
6200
3C00
ENDCHAR
STARTCHAR E07B
ENCODING 57467
SWIDTH 660 0
DWIDTH 11 0
BBX 9 13 1 0
BITMAP
0800
3E00
6300
4300
C580
C580
C980
C980
D180
D180
6100
6300
3E00
ENDCHAR
STARTCHAR E07C
ENCODING 57468
SWIDTH 660 0
DWIDTH 11 0
BBX 4 12 3 0
BITMAP
30
F0
B0
30
30
30
30
30
30
30
30
30
ENDCHAR
STARTCHAR E07D
ENCODING 57469
SWIDTH 660 0
DWIDTH 11 0
BBX 9 12 1 0
BITMAP
7F00
0300
0600
0C00
1800
1E00
0300
0180
0180
C180
6300
3E00
ENDCHAR
STARTCHAR E07E
ENCODING 57470
SWIDTH 660 0
DWIDTH 11 0
BBX 9 12 1 0
BITMAP
0C00
0800
1800
1000
3200
2200
6200
C200
FF80
0200
0200
0200
ENDCHAR
STARTCHAR E07F
ENCODING 57471
SWIDTH 660 0
DWIDTH 11 0
BBX 7 12 2 0
BITMAP
0C
18
30
20
78
FC
C6
82
82
82
C6
7C
ENDCHAR
STARTCHAR E080
ENCODING 57472
SWIDTH 660 0
DWIDTH 11 0
BBX 7 13 2 0
BITMAP
10
7C
C6
82
82
82
C6
7C
0C
08
18
30
60
ENDCHAR
STARTCHAR E081
ENCODING 57473
SWIDTH 360 0
DWIDTH 6 0
BBX 3 16 2 -2
BITMAP
20
60
40
C0
C0
80
80
80
80
80
C0
C0
40
40
60
20
ENDCHAR
STARTCHAR E082
ENCODING 57474
SWIDTH 360 0
DWIDTH 6 0
BBX 3 16 1 -2
BITMAP
80
40
40
60
20
20
20
20
20
20
20
60
60
40
C0
80
ENDCHAR
STARTCHAR E083
ENCODING 57475
SWIDTH 360 0
DWIDTH 6 0
BBX 4 16 2 -2
BITMAP
F0
80
80
80
80
80
80
80
80
80
80
80
80
80
F0
F0
ENDCHAR
STARTCHAR E084
ENCODING 57476
SWIDTH 360 0
DWIDTH 6 0
BBX 3 16 1 -2
BITMAP
E0
20
20
20
20
20
20
20
20
20
20
20
20
20
E0
E0
ENDCHAR
STARTCHAR E085
ENCODING 57477
SWIDTH 360 0
DWIDTH 6 0
BBX 5 16 1 -2
BITMAP
18
20
60
60
60
60
60
C0
C0
60
60
60
60
20
38
08
ENDCHAR
STARTCHAR E086
ENCODING 57478
SWIDTH 360 0
DWIDTH 6 0
BBX 5 16 1 -2
BITMAP
C0
40
60
60
60
60
20
38
38
60
60
60
60
60
C0
80
ENDCHAR
STARTCHAR E087
ENCODING 57479
SWIDTH 960 0
DWIDTH 16 0
BBX 14 15 1 -1
BITMAP
0FC0
3870
6018
4008
C7CC
8844
9844
9844
9844
8844
CFE8
4338
6000
3020
0FE0
ENDCHAR
STARTCHAR E088
ENCODING 57480
SWIDTH 480 0
DWIDTH 8 0
BBX 6 1 1 6
BITMAP
FC
ENDCHAR
STARTCHAR E089
ENCODING 57481
SWIDTH 540 0
DWIDTH 9 0
BBX 9 1 0 6
BITMAP
FF80
ENDCHAR
STARTCHAR E08A
ENCODING 57482
SWIDTH 660 0
DWIDTH 11 0
BBX 11 1 0 6
BITMAP
FFE0
ENDCHAR
STARTCHAR E08B
ENCODING 57483
SWIDTH 1020 0
DWIDTH 17 0
BBX 17 1 0 6
BITMAP
FFFF80
ENDCHAR
STARTCHAR E08C
ENCODING 57484
SWIDTH 600 0
DWIDTH 10 0
BBX 5 6 2 3
BITMAP
20
78
F8
F8
78
30
ENDCHAR
STARTCHAR E08D
ENCODING 57485
SWIDTH 600 0
DWIDTH 10 0
BBX 5 6 2 3
BITMAP
20
78
88
88
48
30
ENDCHAR
STARTCHAR E08E
ENCODING 57486
SWIDTH 600 0
DWIDTH 10 0
BBX 4 2 3 5
BITMAP
F0
F0
ENDCHAR
STARTCHAR E08F
ENCODING 57487
SWIDTH 600 0
DWIDTH 10 0
BBX 4 6 3 3
BITMAP
80
C0
E0
F0
C0
80
ENDCHAR
STARTCHAR E090
ENCODING 57488
SWIDTH 600 0
DWIDTH 10 0
BBX 8 7 1 2
BITMAP
7F
FB
FB
FB
FB
7F
1F
ENDCHAR
STARTCHAR E091
ENCODING 57489
SWIDTH 600 0
DWIDTH 10 0
BBX 8 7 1 2
BITMAP
FE
DF
DF
DF
DF
FE
F8
ENDCHAR
STARTCHAR E092
ENCODING 57490
SWIDTH 300 0
DWIDTH 5 0
BBX 2 8 1 2
BITMAP
C0
C0
00
00
00
00
C0
C0
ENDCHAR
STARTCHAR E093
ENCODING 57491
SWIDTH 300 0
DWIDTH 5 0
BBX 2 5 1 -3
BITMAP
40
40
40
C0
80
ENDCHAR
STARTCHAR E094
ENCODING 57492
SWIDTH 300 0
DWIDTH 5 0
BBX 2 2 1 0
BITMAP
C0
C0
ENDCHAR
STARTCHAR E095
ENCODING 57493
SWIDTH 300 0
DWIDTH 5 0
BBX 2 9 1 0
BITMAP
C0
C0
00
00
00
00
00
C0
C0
ENDCHAR
STARTCHAR E096
ENCODING 57494
SWIDTH 300 0
DWIDTH 5 0
BBX 3 12 1 -3
BITMAP
40
E0
00
00
00
00
00
40
40
40
C0
80
ENDCHAR
STARTCHAR E097
ENCODING 57495
SWIDTH 660 0
DWIDTH 11 0
BBX 7 9 2 1
BITMAP
02
0E
38
E0
C0
70
1C
06
02
ENDCHAR
STARTCHAR E098
ENCODING 57496
SWIDTH 660 0
DWIDTH 11 0
BBX 7 9 2 1
BITMAP
80
E0
38
0E
06
1C
70
C0
80
ENDCHAR
STARTCHAR E099
ENCODING 57497
SWIDTH 660 0
DWIDTH 11 0
BBX 7 8 2 2
BITMAP
06
3C
E0
F0
1E
02
00
FE
ENDCHAR
STARTCHAR E09A
ENCODING 57498
SWIDTH 660 0
DWIDTH 11 0
BBX 7 8 2 2
BITMAP
C0
78
0E
1E
F0
80
00
FE
ENDCHAR
STARTCHAR E09B
ENCODING 57499
SWIDTH 660 0
DWIDTH 11 0
BBX 7 5 2 3
BITMAP
FE
00
00
FE
FE
ENDCHAR
STARTCHAR E09C
ENCODING 57500
SWIDTH 660 0
DWIDTH 11 0
BBX 7 9 2 1
BITMAP
0C
08
FE
18
10
FE
FE
20
60
ENDCHAR
STARTCHAR E09D
ENCODING 57501
SWIDTH 660 0
DWIDTH 11 0
BBX 8 8 2 2
BITMAP
10
10
10
FF
FF
10
10
10
ENDCHAR
STARTCHAR E09E
ENCODING 57502
SWIDTH 660 0
DWIDTH 11 0
BBX 7 2 2 5
BITMAP
FE
FE
ENDCHAR
STARTCHAR E09F
ENCODING 57503
SWIDTH 660 0
DWIDTH 11 0
BBX 7 8 2 2
BITMAP
82
C6
6C
38
38
6C
C6
82
ENDCHAR
STARTCHAR E0A0
ENCODING 57504
SWIDTH 660 0
DWIDTH 11 0
BBX 7 8 2 2
BITMAP
18
18
00
FE
FE
00
10
18
ENDCHAR
STARTCHAR E0A1
ENCODING 57505
SWIDTH 660 0
DWIDTH 11 0
BBX 7 8 2 3
BITMAP
10
10
FE
FE
10
10
00
FE
ENDCHAR
STARTCHAR E0A2
ENCODING 57506
SWIDTH 660 0
DWIDTH 11 0
BBX 9 7 1 2
BITMAP
7980
4D80
C700
2000
7980
CF00
0200
ENDCHAR
STARTCHAR E0A3
ENCODING 57507
SWIDTH 660 0
DWIDTH 11 0
BBX 9 3 1 4
BITMAP
7980
CF00
0200
ENDCHAR
STARTCHAR E0A4
ENCODING 57508
SWIDTH 540 0
DWIDTH 9 0
BBX 7 7 1 2
BITMAP
10
D6
78
38
D6
10
10
ENDCHAR
STARTCHAR E0A5
ENCODING 57509
SWIDTH 180 0
DWIDTH 3 0
BBX 1 9 1 6
BITMAP
80
00
80
80
80
80
80
80
80
ENDCHAR
STARTCHAR E0A6
ENCODING 57510
SWIDTH 420 0
DWIDTH 7 0
BBX 5 7 1 6
BITMAP
B0
D8
88
88
88
88
88
ENDCHAR
STARTCHAR E0A7
ENCODING 57511
SWIDTH 240 0
DWIDTH 4 0
BBX 3 11 1 4
BITMAP
E0
E0
C0
C0
C0
C0
C0
C0
C0
E0
E0
ENDCHAR
STARTCHAR E0A8
ENCODING 57512
SWIDTH 240 0
DWIDTH 4 0
BBX 3 11 0 4
BITMAP
E0
E0
20
20
20
20
20
20
20
E0
E0
ENDCHAR
STARTCHAR E0A9
ENCODING 57513
SWIDTH 420 0
DWIDTH 7 0
BBX 6 8 1 -2
BITMAP
80
80
F8
88
8C
88
C8
B0
ENDCHAR
STARTCHAR E0AA
ENCODING 57514
SWIDTH 420 0
DWIDTH 7 0
BBX 5 6 1 -2
BITMAP
F8
88
80
80
98
70
ENDCHAR
STARTCHAR E0AB
ENCODING 57515
SWIDTH 420 0
DWIDTH 7 0
BBX 5 8 1 -2
BITMAP
08
08
F8
88
88
88
98
68
ENDCHAR
STARTCHAR E0AC
ENCODING 57516
SWIDTH 240 0
DWIDTH 4 0
BBX 4 9 0 -2
BITMAP
30
60
60
F0
60
60
60
60
60
ENDCHAR
STARTCHAR E0AD
ENCODING 57517
SWIDTH 420 0
DWIDTH 7 0
BBX 5 8 1 -4
BITMAP
F8
88
88
88
D8
68
88
F8
ENDCHAR
STARTCHAR E0AE
ENCODING 57518
SWIDTH 420 0
DWIDTH 7 0
BBX 5 8 1 -4
BITMAP
F8
88
88
88
98
68
08
08
ENDCHAR
STARTCHAR E0AF
ENCODING 57519
SWIDTH 540 0
DWIDTH 9 0
BBX 9 6 0 -2
BITMAP
CC80
4D80
5500
7500
3300
3200
ENDCHAR
STARTCHAR E0B0
ENCODING 57520
SWIDTH 360 0
DWIDTH 6 0
BBX 6 8 0 -4
BITMAP
CC
48
68
28
30
30
30
60
ENDCHAR
STARTCHAR E0B1
ENCODING 57521
SWIDTH 360 0
DWIDTH 6 0
BBX 5 6 1 -2
BITMAP
F0
30
20
40
C0
F8
ENDCHAR
STARTCHAR E0B2
ENCODING 57522
SWIDTH 240 0
DWIDTH 4 0
BBX 3 11 1 -4
BITMAP
E0
E0
C0
C0
C0
C0
C0
C0
C0
E0
E0
ENDCHAR
STARTCHAR E0B3
ENCODING 57523
SWIDTH 240 0
DWIDTH 4 0
BBX 3 11 0 -4
BITMAP
E0
E0
20
20
20
20
20
20
20
E0
E0
ENDCHAR
STARTCHAR E0B4
ENCODING 57524
SWIDTH 420 0
DWIDTH 7 0
BBX 5 7 1 0
BITMAP
60
D8
88
88
88
88
70
ENDCHAR
STARTCHAR E0B5
ENCODING 57525
SWIDTH 300 0
DWIDTH 5 0
BBX 3 7 1 0
BITMAP
60
E0
E0
60
60
60
60
ENDCHAR
STARTCHAR E0B6
ENCODING 57526
SWIDTH 420 0
DWIDTH 7 0
BBX 5 7 1 0
BITMAP
60
90
18
10
20
C0
F8
ENDCHAR
STARTCHAR E0B7
ENCODING 57527
SWIDTH 420 0
DWIDTH 7 0
BBX 5 7 1 0
BITMAP
60
D8
08
30
18
88
F0
ENDCHAR
STARTCHAR E0B8
ENCODING 57528
SWIDTH 420 0
DWIDTH 7 0
BBX 5 7 1 0
BITMAP
10
30
70
50
90
F8
10
ENDCHAR
STARTCHAR E0B9
ENCODING 57529
SWIDTH 360 0
DWIDTH 6 0
BBX 5 7 1 0
BITMAP
F8
80
80
F0
08
98
F0
ENDCHAR
STARTCHAR E0BA
ENCODING 57530
SWIDTH 420 0
DWIDTH 7 0
BBX 5 7 1 0
BITMAP
60
D8
80
F0
88
88
70
ENDCHAR
STARTCHAR E0BB
ENCODING 57531
SWIDTH 360 0
DWIDTH 6 0
BBX 5 7 0 0
BITMAP
F8
08
08
10
30
20
60
ENDCHAR
STARTCHAR E0BC
ENCODING 57532
SWIDTH 420 0
DWIDTH 7 0
BBX 5 7 1 0
BITMAP
60
98
88
70
98
88
F0
ENDCHAR
STARTCHAR E0BD
ENCODING 57533
SWIDTH 420 0
DWIDTH 7 0
BBX 5 7 1 0
BITMAP
60
90
88
98
68
98
F0
ENDCHAR
STARTCHAR E0BE
ENCODING 57534
SWIDTH 420 0
DWIDTH 7 0
BBX 5 7 1 -2
BITMAP
60
D8
88
88
88
88
70
ENDCHAR
STARTCHAR E0BF
ENCODING 57535
SWIDTH 300 0
DWIDTH 5 0
BBX 3 7 1 -2
BITMAP
60
E0
E0
60
60
60
60
ENDCHAR
STARTCHAR E0C0
ENCODING 57536
SWIDTH 420 0
DWIDTH 7 0
BBX 5 7 1 -2
BITMAP
60
90
18
10
20
C0
F8
ENDCHAR
STARTCHAR E0C1
ENCODING 57537
SWIDTH 420 0
DWIDTH 7 0
BBX 5 7 1 -2
BITMAP
60
D8
08
30
18
88
F0
ENDCHAR
STARTCHAR E0C2
ENCODING 57538
SWIDTH 420 0
DWIDTH 7 0
BBX 5 7 1 -2
BITMAP
10
30
70
50
90
F8
10
ENDCHAR
STARTCHAR E0C3
ENCODING 57539
SWIDTH 360 0
DWIDTH 6 0
BBX 5 7 1 -2
BITMAP
F8
80
80
F0
08
98
F0
ENDCHAR
STARTCHAR E0C4
ENCODING 57540
SWIDTH 420 0
DWIDTH 7 0
BBX 5 7 1 -2
BITMAP
60
D8
80
F0
88
88
70
ENDCHAR
STARTCHAR E0C5
ENCODING 57541
SWIDTH 360 0
DWIDTH 6 0
BBX 5 7 0 -2
BITMAP
F8
08
08
10
30
20
60
ENDCHAR
STARTCHAR E0C6
ENCODING 57542
SWIDTH 420 0
DWIDTH 7 0
BBX 5 7 1 -2
BITMAP
60
98
88
70
98
88
F0
ENDCHAR
STARTCHAR E0C7
ENCODING 57543
SWIDTH 420 0
DWIDTH 7 0
BBX 5 7 1 -2
BITMAP
60
90
88
98
68
98
F0
ENDCHAR
STARTCHAR E0C8
ENCODING 57544
SWIDTH 420 0
DWIDTH 7 0
BBX 5 5 1 -1
BITMAP
20
20
F8
20
20
ENDCHAR
STARTCHAR E0C9
ENCODING 57545
SWIDTH 420 0
DWIDTH 7 0
BBX 5 1 1 1
BITMAP
F8
ENDCHAR
STARTCHAR E0CA
ENCODING 57546
SWIDTH 420 0
DWIDTH 7 0
BBX 5 3 1 0
BITMAP
F8
00
F8
ENDCHAR
STARTCHAR E0CB
ENCODING 57547
SWIDTH 240 0
DWIDTH 4 0
BBX 3 8 1 -3
BITMAP
60
C0
80
80
80
C0
40
60
ENDCHAR
STARTCHAR E0CC
ENCODING 57548
SWIDTH 240 0
DWIDTH 4 0
BBX 3 8 0 -3
BITMAP
C0
60
20
20
20
60
40
C0
ENDCHAR
STARTCHAR E0CD
ENCODING 57549
SWIDTH 420 0
DWIDTH 7 0
BBX 5 7 1 6
BITMAP
60
D8
88
88
88
88
70
ENDCHAR
STARTCHAR E0CE
ENCODING 57550
SWIDTH 300 0
DWIDTH 5 0
BBX 3 7 1 6
BITMAP
60
E0
E0
60
60
60
60
ENDCHAR
STARTCHAR E0CF
ENCODING 57551
SWIDTH 420 0
DWIDTH 7 0
BBX 5 7 1 6
BITMAP
60
90
18
10
20
C0
F8
ENDCHAR
STARTCHAR E0D0
ENCODING 57552
SWIDTH 420 0
DWIDTH 7 0
BBX 5 7 1 6
BITMAP
60
D8
08
30
18
88
F0
ENDCHAR
STARTCHAR E0D1
ENCODING 57553
SWIDTH 420 0
DWIDTH 7 0
BBX 5 7 1 6
BITMAP
10
30
70
50
90
F8
10
ENDCHAR
STARTCHAR E0D2
ENCODING 57554
SWIDTH 360 0
DWIDTH 6 0
BBX 5 7 1 6
BITMAP
F8
80
80
F0
08
98
F0
ENDCHAR
STARTCHAR E0D3
ENCODING 57555
SWIDTH 420 0
DWIDTH 7 0
BBX 5 7 1 6
BITMAP
60
D8
80
F0
88
88
70
ENDCHAR
STARTCHAR E0D4
ENCODING 57556
SWIDTH 360 0
DWIDTH 6 0
BBX 5 7 0 6
BITMAP
F8
08
08
10
30
20
60
ENDCHAR
STARTCHAR E0D5
ENCODING 57557
SWIDTH 420 0
DWIDTH 7 0
BBX 5 7 1 6
BITMAP
60
98
88
70
98
88
F0
ENDCHAR
STARTCHAR E0D6
ENCODING 57558
SWIDTH 420 0
DWIDTH 7 0
BBX 5 7 1 6
BITMAP
60
90
88
98
68
98
F0
ENDCHAR
STARTCHAR E0D7
ENCODING 57559
SWIDTH 420 0
DWIDTH 7 0
BBX 5 5 1 7
BITMAP
20
20
F8
20
20
ENDCHAR
STARTCHAR E0D8
ENCODING 57560
SWIDTH 420 0
DWIDTH 7 0
BBX 5 1 1 9
BITMAP
F8
ENDCHAR
STARTCHAR E0D9
ENCODING 57561
SWIDTH 420 0
DWIDTH 7 0
BBX 5 3 1 8
BITMAP
F8
00
F8
ENDCHAR
STARTCHAR E0DA
ENCODING 57562
SWIDTH 240 0
DWIDTH 4 0
BBX 3 8 1 5
BITMAP
60
C0
80
80
80
C0
40
60
ENDCHAR
STARTCHAR E0DB
ENCODING 57563
SWIDTH 240 0
DWIDTH 4 0
BBX 3 8 0 5
BITMAP
C0
60
20
20
20
60
40
C0
ENDCHAR
STARTCHAR E0DC
ENCODING 57564
SWIDTH 420 0
DWIDTH 7 0
BBX 5 7 1 6
BITMAP
60
D8
88
88
88
88
70
ENDCHAR
STARTCHAR E0DD
ENCODING 57565
SWIDTH 300 0
DWIDTH 5 0
BBX 3 7 1 6
BITMAP
60
E0
E0
60
60
60
60
ENDCHAR
STARTCHAR E0DE
ENCODING 57566
SWIDTH 420 0
DWIDTH 7 0
BBX 5 7 1 6
BITMAP
60
90
18
10
20
C0
F8
ENDCHAR
STARTCHAR E0DF
ENCODING 57567
SWIDTH 420 0
DWIDTH 7 0
BBX 5 7 1 6
BITMAP
60
D8
08
30
18
88
F0
ENDCHAR
STARTCHAR E0E0
ENCODING 57568
SWIDTH 420 0
DWIDTH 7 0
BBX 5 7 1 6
BITMAP
10
30
70
50
90
F8
10
ENDCHAR
STARTCHAR E0E1
ENCODING 57569
SWIDTH 360 0
DWIDTH 6 0
BBX 5 7 1 6
BITMAP
F8
80
80
F0
08
98
F0
ENDCHAR
STARTCHAR E0E2
ENCODING 57570
SWIDTH 420 0
DWIDTH 7 0
BBX 5 7 1 6
BITMAP
60
D8
80
F0
88
88
70
ENDCHAR
STARTCHAR E0E3
ENCODING 57571
SWIDTH 360 0
DWIDTH 6 0
BBX 5 7 0 6
BITMAP
F8
08
08
10
30
20
60
ENDCHAR
STARTCHAR E0E4
ENCODING 57572
SWIDTH 420 0
DWIDTH 7 0
BBX 5 7 1 6
BITMAP
60
98
88
70
98
88
F0
ENDCHAR
STARTCHAR E0E5
ENCODING 57573
SWIDTH 420 0
DWIDTH 7 0
BBX 5 7 1 6
BITMAP
60
90
88
98
68
98
F0
ENDCHAR
STARTCHAR E0E6
ENCODING 57574
SWIDTH 480 0
DWIDTH 8 0
BBX 5 2 1 10
BITMAP
C8
70
ENDCHAR
STARTCHAR E0F3
ENCODING 57587
SWIDTH 240 0
DWIDTH 4 0
BBX 6 9 -1 0
BITMAP
30
30
30
FC
FC
30
30
30
30
ENDCHAR
STARTCHAR E0F4
ENCODING 57588
SWIDTH 180 0
DWIDTH 3 0
BBX 1 6 1 5
BITMAP
80
80
80
80
80
80
ENDCHAR
STARTCHAR E0F5
ENCODING 57589
SWIDTH 180 0
DWIDTH 3 0
BBX 3 9 0 3
BITMAP
60
60
60
60
60
60
60
60
C0
ENDCHAR
STARTCHAR E0F6
ENCODING 57590
SWIDTH 0 0
DWIDTH 0 0
BBX 6 4 -6 14
BITMAP
0C
30
00
FC
ENDCHAR
STARTCHAR E0F7
ENCODING 57591
SWIDTH 0 0
DWIDTH 0 0
BBX 6 4 -6 14
BITMAP
C0
30
00
FC
ENDCHAR
STARTCHAR E0F8
ENCODING 57592
SWIDTH 0 0
DWIDTH 0 0
BBX 6 5 -6 11
BITMAP
18
10
20
00
FC
ENDCHAR
STARTCHAR E0F9
ENCODING 57593
SWIDTH 0 0
DWIDTH 0 0
BBX 6 4 -8 11
BITMAP
E0
30
00
FC
ENDCHAR
STARTCHAR E0FA
ENCODING 57594
SWIDTH 300 0
DWIDTH 5 0
BBX 2 3 1 9
BITMAP
C0
40
40
ENDCHAR
STARTCHAR E0FB
ENCODING 57595
SWIDTH 480 0
DWIDTH 8 0
BBX 5 3 1 9
BITMAP
58
48
80
ENDCHAR
STARTCHAR E0FC
ENCODING 57596
SWIDTH 480 0
DWIDTH 8 0
BBX 5 3 1 9
BITMAP
F8
48
60
ENDCHAR
STARTCHAR E0FD
ENCODING 57597
SWIDTH 480 0
DWIDTH 8 0
BBX 5 3 1 9
BITMAP
78
50
C0
ENDCHAR
STARTCHAR E0FE
ENCODING 57598
SWIDTH 480 0
DWIDTH 8 0
BBX 5 3 1 9
BITMAP
D8
50
40
ENDCHAR
STARTCHAR E0FF
ENCODING 57599
SWIDTH 360 0
DWIDTH 6 0
BBX 4 5 1 9
BITMAP
D0
B0
20
60
40
ENDCHAR
STARTCHAR E100
ENCODING 57600
SWIDTH 360 0
DWIDTH 6 0
BBX 4 5 1 9
BITMAP
D0
B0
20
20
20
ENDCHAR
STARTCHAR E101
ENCODING 57601
SWIDTH 300 0
DWIDTH 5 0
BBX 3 2 1 10
BITMAP
C0
60
ENDCHAR
STARTCHAR E102
ENCODING 57602
SWIDTH 300 0
DWIDTH 5 0
BBX 2 3 2 10
BITMAP
C0
80
80
ENDCHAR
STARTCHAR E103
ENCODING 57603
SWIDTH 480 0
DWIDTH 8 0
BBX 5 2 1 5
BITMAP
F8
F8
ENDCHAR
STARTCHAR E104
ENCODING 57604
SWIDTH 0 0
DWIDTH 0 0
BBX 4 5 -6 10
BITMAP
C0
40
30
60
C0
ENDCHAR
STARTCHAR E105
ENCODING 57605
SWIDTH 0 0
DWIDTH 0 0
BBX 6 5 -8 10
BITMAP
4C
CC
04
FC
88
ENDCHAR
STARTCHAR E106
ENCODING 57606
SWIDTH 0 0
DWIDTH 0 0
BBX 5 5 -7 11
BITMAP
18
20
00
98
98
ENDCHAR
STARTCHAR E107
ENCODING 57607
SWIDTH 0 0
DWIDTH 0 0
BBX 6 5 -8 10
BITMAP
30
30
CC
38
10
ENDCHAR
STARTCHAR E108
ENCODING 57608
SWIDTH 0 0
DWIDTH 0 0
BBX 5 3 -7 10
BITMAP
98
F0
20
ENDCHAR
STARTCHAR E109
ENCODING 57609
SWIDTH 0 0
DWIDTH 0 0
BBX 5 3 -7 -4
BITMAP
98
70
60
ENDCHAR
STARTCHAR E10A
ENCODING 57610
SWIDTH 660 0
DWIDTH 11 0
BBX 12 9 1 0
BITMAP
7D80
4700
C300
8300
81C0
8360
C330
6780
3C80
ENDCHAR
STARTCHAR E10B
ENCODING 57611
SWIDTH 300 0
DWIDTH 5 0
BBX 4 4 0 -3
BITMAP
20
30
10
F0
ENDCHAR
STARTCHAR E10C
ENCODING 57612
SWIDTH 0 0
DWIDTH 0 0
BBX 6 4 -8 11
BITMAP
FC
00
30
30
ENDCHAR
STARTCHAR E10D
ENCODING 57613
SWIDTH 0 0
DWIDTH 0 0
BBX 6 4 -8 11
BITMAP
FC
00
4C
CC
ENDCHAR
STARTCHAR E10E
ENCODING 57614
SWIDTH 0 0
DWIDTH 0 0
BBX 6 5 -8 10
BITMAP
E0
30
00
CC
48
ENDCHAR
STARTCHAR E10F
ENCODING 57615
SWIDTH 480 0
DWIDTH 8 0
BBX 7 9 0 -2
BITMAP
F8
1C
06
02
02
02
06
06
1C
ENDCHAR
STARTCHAR E110
ENCODING 57616
SWIDTH 0 0
DWIDTH 0 0
BBX 6 5 -8 10
BITMAP
FC
FC
04
FC
88
ENDCHAR
STARTCHAR E111
ENCODING 57617
SWIDTH 0 0
DWIDTH 0 0
BBX 6 4 -8 11
BITMAP
48
CC
00
FC
ENDCHAR
STARTCHAR E112
ENCODING 57618
SWIDTH 0 0
DWIDTH 0 0
BBX 6 6 -6 10
BITMAP
0C
18
00
24
7C
80
ENDCHAR
STARTCHAR E113
ENCODING 57619
SWIDTH 0 0
DWIDTH 0 0
BBX 6 5 -8 10
BITMAP
CC
30
00
CC
48
ENDCHAR
STARTCHAR E114
ENCODING 57620
SWIDTH 300 0
DWIDTH 5 0
BBX 4 5 0 -4
BITMAP
10
10
30
70
C0
ENDCHAR
STARTCHAR E115
ENCODING 57621
SWIDTH 360 0
DWIDTH 6 0
BBX 4 5 1 9
BITMAP
30
40
40
A0
E0
ENDCHAR
STARTCHAR E116
ENCODING 57622
SWIDTH 540 0
DWIDTH 9 0
BBX 9 4 0 10
BITMAP
C000
6000
0E00
1980
ENDCHAR
STARTCHAR E117
ENCODING 57623
SWIDTH 0 0
DWIDTH 0 0
BBX 6 4 -8 10
BITMAP
CC
30
CC
CC
ENDCHAR
STARTCHAR E118
ENCODING 57624
SWIDTH 0 0
DWIDTH 0 0
BBX 6 4 -8 14
BITMAP
FC
00
4C
CC
ENDCHAR
STARTCHAR E119
ENCODING 57625
SWIDTH 0 0
DWIDTH 0 0
BBX 6 4 -8 10
BITMAP
30
90
6C
30
ENDCHAR
STARTCHAR E11A
ENCODING 57626
SWIDTH 480 0
DWIDTH 8 0
BBX 5 4 1 10
BITMAP
18
20
C8
30
ENDCHAR
STARTCHAR E11B
ENCODING 57627
SWIDTH 0 0
DWIDTH 0 0
BBX 5 4 -7 10
BITMAP
C0
C8
30
20
ENDCHAR
STARTCHAR E11C
ENCODING 57628
SWIDTH 480 0
DWIDTH 8 0
BBX 5 4 1 10
BITMAP
60
20
C8
30
ENDCHAR
STARTCHAR E11D
ENCODING 57629
SWIDTH 540 0
DWIDTH 9 0
BBX 9 4 0 10
BITMAP
0180
1300
2800
C600
ENDCHAR
STARTCHAR E11E
ENCODING 57630
SWIDTH 0 0
DWIDTH 0 0
BBX 6 4 -8 10
BITMAP
CC
44
64
58
ENDCHAR
STARTCHAR E11F
ENCODING 57631
SWIDTH 540 0
DWIDTH 9 0
BBX 7 5 1 10
BITMAP
04
02
36
58
8C
ENDCHAR
STARTCHAR E120
ENCODING 57632
SWIDTH 480 0
DWIDTH 8 0
BBX 5 5 1 10
BITMAP
08
78
00
C8
30
ENDCHAR
STARTCHAR E121
ENCODING 57633
SWIDTH 0 0
DWIDTH 0 0
BBX 6 5 -6 13
BITMAP
0C
30
00
CC
48
ENDCHAR
STARTCHAR E122
ENCODING 57634
SWIDTH 0 0
DWIDTH 0 0
BBX 6 4 -8 14
BITMAP
FC
00
30
30
ENDCHAR
STARTCHAR E123
ENCODING 57635
SWIDTH 0 0
DWIDTH 0 0
BBX 6 4 -8 10
BITMAP
CC
CC
00
FC
ENDCHAR
STARTCHAR E124
ENCODING 57636
SWIDTH 0 0
DWIDTH 0 0
BBX 6 4 -8 10
BITMAP
60
20
DC
CC
ENDCHAR
STARTCHAR E125
ENCODING 57637
SWIDTH 0 0
DWIDTH 0 0
BBX 6 4 -8 10
BITMAP
FC
00
64
58
ENDCHAR
STARTCHAR E126
ENCODING 57638
SWIDTH 540 0
DWIDTH 9 0
BBX 7 5 1 10
BITMAP
24
58
10
28
C6
ENDCHAR
STARTCHAR E127
ENCODING 57639
SWIDTH 480 0
DWIDTH 8 0
BBX 5 5 1 10
BITMAP
30
18
20
C8
30
ENDCHAR
STARTCHAR E128
ENCODING 57640
SWIDTH 300 0
DWIDTH 5 0
BBX 2 3 1 10
BITMAP
40
C0
C0
ENDCHAR
STARTCHAR E129
ENCODING 57641
SWIDTH 300 0
DWIDTH 5 0
BBX 2 3 1 10
BITMAP
40
40
80
ENDCHAR
STARTCHAR E12A
ENCODING 57642
SWIDTH 0 0
DWIDTH 0 0
BBX 6 5 -6 13
BITMAP
0C
10
64
FC
80
ENDCHAR
STARTCHAR E12B
ENCODING 57643
SWIDTH 1440 0
DWIDTH 24 0
BBX 23 23 0 -5
BITMAP
007C00
03FF80
0700E0
0C0030
180018
30100C
607C04
60C606
40C706
C08B02
C08902
C09102
C09102
C0B102
C0A302
40E306
606604
203C0C
300008
180018
0C0070
0781C0
01FF00
ENDCHAR
STARTCHAR E12C
ENCODING 57644
SWIDTH 1440 0
DWIDTH 24 0
BBX 23 23 0 -5
BITMAP
007C00
03FF80
0700E0
0C0030
180018
30000C
601804
607806
404806
C00802
C00802
C00802
C00802
C00802
C00802
400806
600804
20080C
300008
180018
0C0070
0781C0
01FF00
ENDCHAR
STARTCHAR E12D
ENCODING 57645
SWIDTH 1440 0
DWIDTH 24 0
BBX 23 23 0 -5
BITMAP
007C00
03FF80
0700E0
0C0030
180018
30000C
60FF04
600606
400C06
C01802
C01002
C03C02
C00602
C00302
C00102
408306
60C604
207C0C
300008
180018
0C0070
0781C0
01FF00
ENDCHAR
STARTCHAR E12E
ENCODING 57646
SWIDTH 1440 0
DWIDTH 24 0
BBX 23 23 0 -5
BITMAP
007C00
03FF80
0700E0
0C0030
180018
30000C
601804
601006
403006
C02002
C06402
C04402
C08402
C18402
C1FF02
400406
600404
20040C
300008
180018
0C0070
0781C0
01FF00
ENDCHAR
STARTCHAR E12F
ENCODING 57647
SWIDTH 1440 0
DWIDTH 24 0
BBX 23 23 0 -5
BITMAP
007C00
03FF80
0700E0
0C0030
180018
30000C
600C04
601806
401006
C02002
C07802
C07E02
C0C202
C08302
C08302
40C306
606604
203C0C
300008
180018
0C0070
0781C0
01FF00
ENDCHAR
STARTCHAR E130
ENCODING 57648
SWIDTH 1440 0
DWIDTH 24 0
BBX 23 23 0 -5
BITMAP
007C00
03FF80
0700E0
0C0030
180018
30100C
607C04
60C206
408306
C08302
C0C302
C0C602
C07E02
C00402
C00C02
401806
601004
20200C
304008
180018
0C0070
0781C0
01FF00
ENDCHAR
STARTCHAR E131
ENCODING 57649
SWIDTH 1440 0
DWIDTH 24 0
BBX 23 23 0 -5
BITMAP
007C00
03FF80
0700E0
0C0030
180018
30000C
601804
601806
401806
C01802
C01802
C01802
C01802
C01802
C01802
400006
601804
20180C
300008
180018
0C0070
0781C0
01FF00
ENDCHAR
STARTCHAR E132
ENCODING 57650
SWIDTH 1440 0
DWIDTH 24 0
BBX 23 23 0 -5
BITMAP
007C00
03FF80
0700E0
0C0030
180018
30080C
607E04
604206
40C306
C00302
C00602
C00C02
C01802
C01802
C01002
400006
601804
20180C
300008
180018
0C0070
0781C0
01FF00
ENDCHAR
STARTCHAR E133
ENCODING 57651
SWIDTH 1440 0
DWIDTH 24 0
BBX 23 23 0 -5
BITMAP
007C00
03FF80
0700E0
0C0030
180018
30010C
602204
602206
402206
C0FF82
C14202
C04602
C04402
C1FF02
C1FF02
40C406
608404
208C0C
300008
180018
0C0070
0781C0
01FF00
ENDCHAR
STARTCHAR E134
ENCODING 57652
SWIDTH 1440 0
DWIDTH 24 0
BBX 23 23 0 -5
BITMAP
007C00
03FF80
0700E0
0C0030
180018
30000C
600004
600006
400006
C00002
C00002
C07E02
C00002
C00002
C00002
400006
600004
20000C
300008
180018
0C0070
0781C0
01FF00
ENDCHAR
STARTCHAR E135
ENCODING 57653
SWIDTH 1440 0
DWIDTH 24 0
BBX 23 23 0 -5
BITMAP
007C00
03FF80
0700E0
0C0030
180018
30000C
600004
600006
400206
C00E02
C03802
C0E002
C0C002
C07002
C01C02
400606
600104
20000C
300008
180018
0C0070
0781C0
01FF00
ENDCHAR
STARTCHAR E136
ENCODING 57654
SWIDTH 1440 0
DWIDTH 24 0
BBX 23 23 0 -5
BITMAP
007C00
03FF80
0700E0
0C0030
180018
30000C
600004
600006
40C006
C07002
C01C02
C00702
C00702
C01C02
C07002
40C006
608004
20000C
300008
180018
0C0070
0781C0
01FF00
ENDCHAR
STARTCHAR E137
ENCODING 57655
SWIDTH 1440 0
DWIDTH 24 0
BBX 23 23 0 -5
BITMAP
007C00
03FF80
0700E0
0C0030
180018
30000C
600004
600006
400006
C00002
C0FF02
C00002
C00002
C0FF02
C0FF02
400006
600004
20000C
300008
180018
0C0070
0781C0
01FF00
ENDCHAR
STARTCHAR E138
ENCODING 57656
SWIDTH 1440 0
DWIDTH 24 0
BBX 23 23 0 -5
BITMAP
007C00
03FF80
0700E0
0C0030
180018
30000C
601804
603C06
407606
C0D302
C39182
C11082
C01002
C01002
C01002
401006
601004
20100C
300008
180018
0C0070
0781C0
01FF00
ENDCHAR
STARTCHAR E139
ENCODING 57657
SWIDTH 1440 0
DWIDTH 24 0
BBX 23 23 0 -5
BITMAP
007C00
03FF80
0700E0
0C0030
180018
30000C
601004
601006
401006
C01002
C01002
C01002
C31082
C19102
C0D202
407406
603804
20100C
300008
180018
0C0070
0781C0
01FF00
ENDCHAR
STARTCHAR E13A
ENCODING 57658
SWIDTH 1440 0
DWIDTH 24 0
BBX 23 23 0 -5
BITMAP
007C00
03FF80
0700E0
0C0030
180018
30000C
601004
603006
406006
C0C002
C18002
C3FFC2
C10002
C08002
C04002
402006
601004
20000C
300008
180018
0C0070
0781C0
01FF00
ENDCHAR
STARTCHAR E13B
ENCODING 57659
SWIDTH 1440 0
DWIDTH 24 0
BBX 23 23 0 -5
BITMAP
007C00
03FF80
0700E0
0C0030
180018
30000C
600804
600C06
400606
C00302
C00182
C3FFC2
C00182
C00302
C00602
400C06
600804
20000C
300008
180018
0C0070
0781C0
01FF00
ENDCHAR
STARTCHAR E13C
ENCODING 57660
SWIDTH 1440 0
DWIDTH 24 0
BBX 23 23 0 -5
BITMAP
007C00
03FF80
0700E0
0C0030
180018
30000C
600004
600006
400046
C00082
C00102
C10202
C30402
C18802
C0D002
406006
602004
20000C
300008
180018
0C0070
0781C0
01FF00
ENDCHAR
STARTCHAR E13D
ENCODING 57661
SWIDTH 1440 0
DWIDTH 24 0
BBX 23 23 0 -5
BITMAP
007C00
03FF80
0700E0
0C0030
180018
30000C
600004
608106
40C306
C06602
C03C02
C01802
C03C02
C06602
C0C302
408106
600004
20000C
300008
180018
0C0070
0781C0
01FF00
ENDCHAR
STARTCHAR E13E
ENCODING 57662
SWIDTH 1440 0
DWIDTH 24 0
BBX 22 22 1 -5
BITMAP
FFFFFC
800004
800004
800004
802004
80F804
818C04
818604
810604
810204
810204
810204
810204
810604
818604
80CC04
807804
800004
800004
800004
80000C
FFFFF8
ENDCHAR
STARTCHAR E13F
ENCODING 57663
SWIDTH 1440 0
DWIDTH 24 0
BBX 22 22 1 -5
BITMAP
FFFFFC
800004
800004
800004
800004
807004
80F004
813004
803004
803004
803004
803004
803004
803004
803004
803004
803004
800004
800004
800004
80000C
FFFFF8
ENDCHAR
STARTCHAR E140
ENCODING 57664
SWIDTH 1440 0
DWIDTH 24 0
BBX 22 22 1 -5
BITMAP
FFFFFC
800004
800004
800004
802004
80F804
818404
810404
800404
800404
800C04
801804
803004
806004
80C004
818004
81FE04
800004
800004
800004
80000C
FFFFF8
ENDCHAR
STARTCHAR E141
ENCODING 57665
SWIDTH 1440 0
DWIDTH 24 0
BBX 22 22 1 -5
BITMAP
FFFFFC
800004
800004
800004
802004
80FC04
818404
810604
800404
800C04
803804
800C04
800604
800204
810604
818C04
80F804
800004
800004
800004
80000C
FFFFF8
ENDCHAR
STARTCHAR E142
ENCODING 57666
SWIDTH 1440 0
DWIDTH 24 0
BBX 22 22 1 -5
BITMAP
FFFFFC
800004
800004
800004
800004
801804
803804
806804
804804
80C804
808804
810804
830804
83FE04
800804
800804
800804
800004
800004
800004
80000C
FFFFF8
ENDCHAR
STARTCHAR E143
ENCODING 57667
SWIDTH 1440 0
DWIDTH 24 0
BBX 22 22 1 -5
BITMAP
FFFFFC
800004
800004
800004
800004
80FC04
808004
818004
818004
81F804
818C04
800604
800604
800604
810604
818C04
80F804
800004
800004
800004
80000C
FFFFF8
ENDCHAR
STARTCHAR E144
ENCODING 57668
SWIDTH 1440 0
DWIDTH 24 0
BBX 22 22 1 -5
BITMAP
FFFFFC
800004
800004
800004
803004
80FC04
808404
810604
810004
817804
81CC04
838604
810604
810604
810604
808C04
807804
800004
800004
800004
80000C
FFFFF8
ENDCHAR
STARTCHAR E145
ENCODING 57669
SWIDTH 1440 0
DWIDTH 24 0
BBX 22 22 1 -5
BITMAP
FFFFFC
800004
800004
800004
800004
81FE04
800604
800404
800C04
800804
801804
801004
803004
802004
806004
804004
80C004
800004
800004
800004
80000C
FFFFF8
ENDCHAR
STARTCHAR E146
ENCODING 57670
SWIDTH 1440 0
DWIDTH 24 0
BBX 22 22 1 -5
BITMAP
FFFFFC
800004
800004
800004
802004
80FC04
818404
818604
818404
808C04
807804
81CC04
810604
810204
810604
818C04
80F804
800004
800004
800004
80000C
FFFFF8
ENDCHAR
STARTCHAR E147
ENCODING 57671
SWIDTH 1440 0
DWIDTH 24 0
BBX 22 22 1 -5
BITMAP
FFFFFC
800004
800004
800004
802004
80F804
818404
810604
810604
810604
818604
80FA04
807204
800604
810404
818C04
80F804
800004
800004
800004
80000C
FFFFF8
ENDCHAR
STARTCHAR E148
ENCODING 57672
SWIDTH 1440 0
DWIDTH 24 0
BBX 22 22 1 -5
BITMAP
FFFFFC
800004
800004
800004
802004
80F804
818C04
818E04
811604
811204
812204
812204
816204
814604
81C604
80CC04
807804
800004
800004
800004
80000C
FFFFF8
ENDCHAR
STARTCHAR E149
ENCODING 57673
SWIDTH 1440 0
DWIDTH 24 0
BBX 22 22 1 -5
BITMAP
FFFFFC
800004
800004
800004
800004
803004
80F004
809004
801004
801004
801004
801004
801004
801004
801004
801004
801004
800004
800004
800004
80000C
FFFFF8
ENDCHAR
STARTCHAR E14A
ENCODING 57674
SWIDTH 1440 0
DWIDTH 24 0
BBX 22 22 1 -5
BITMAP
FFFFFC
800004
800004
800004
800004
81FE04
800C04
801804
803004
802004
807804
800C04
800604
800204
810604
818C04
80F804
800004
800004
800004
80000C
FFFFF8
ENDCHAR
STARTCHAR E14B
ENCODING 57675
SWIDTH 1440 0
DWIDTH 24 0
BBX 22 22 1 -5
BITMAP
FFFFFC
800004
800004
800004
800004
803004
802004
806004
804004
80C804
808804
810804
830804
83FE04
800804
800804
800804
800004
800004
800004
80000C
FFFFF8
ENDCHAR
STARTCHAR E14C
ENCODING 57676
SWIDTH 1440 0
DWIDTH 24 0
BBX 22 22 1 -5
BITMAP
FFFFFC
800004
800004
800004
800004
801804
803004
802004
804004
80F004
80FC04
818404
810604
810604
818604
80CC04
807804
800004
800004
800004
80000C
FFFFF8
ENDCHAR
STARTCHAR E14D
ENCODING 57677
SWIDTH 1440 0
DWIDTH 24 0
BBX 22 22 1 -5
BITMAP
FFFFFC
800004
800004
800004
802004
80F804
818404
810604
810604
818604
818C04
80FC04
800804
801804
803004
802004
804004
808004
800004
800004
80000C
FFFFF8
ENDCHAR
STARTCHAR E14E
ENCODING 57678
SWIDTH 1440 0
DWIDTH 24 0
BBX 22 22 1 -5
BITMAP
FFFFFC
800004
800004
800004
800004
803004
803004
803004
803004
803004
803004
803004
803004
803004
800004
803004
803004
800004
800004
800004
80000C
FFFFF8
ENDCHAR
STARTCHAR E14F
ENCODING 57679
SWIDTH 1440 0
DWIDTH 24 0
BBX 22 22 1 -5
BITMAP
FFFFFC
800004
800004
800004
801004
80FC04
808404
818604
800604
800C04
801804
803004
803004
802004
800004
803004
803004
800004
800004
800004
80000C
FFFFF8
ENDCHAR
STARTCHAR E150
ENCODING 57680
SWIDTH 1440 0
DWIDTH 24 0
BBX 22 22 1 -5
BITMAP
FFFFFC
800004
800004
800004
800204
804404
804404
804404
81FF04
828404
808C04
808804
83FE04
83FE04
818804
810804
811804
800004
800004
800004
80000C
FFFFF8
ENDCHAR
STARTCHAR E151
ENCODING 57681
SWIDTH 1440 0
DWIDTH 24 0
BBX 22 22 1 -5
BITMAP
FFFFFC
800004
800004
800004
800004
800004
800004
800004
800004
800004
80FC04
800004
800004
800004
800004
800004
800004
800004
800004
800004
80000C
FFFFF8
ENDCHAR
STARTCHAR E152
ENCODING 57682
SWIDTH 1440 0
DWIDTH 24 0
BBX 22 22 1 -5
BITMAP
FFFFFC
800004
800004
800004
800004
800004
800004
800404
801C04
807004
81C004
818004
80E004
803804
800C04
800204
800004
800004
800004
800004
80000C
FFFFF8
ENDCHAR
STARTCHAR E153
ENCODING 57683
SWIDTH 1440 0
DWIDTH 24 0
BBX 22 22 1 -5
BITMAP
FFFFFC
800004
800004
800004
800004
800004
800004
818004
80E004
803804
800E04
800E04
803804
80E004
818004
810004
800004
800004
800004
800004
80000C
FFFFF8
ENDCHAR
STARTCHAR E154
ENCODING 57684
SWIDTH 1440 0
DWIDTH 24 0
BBX 22 22 1 -5
BITMAP
FFFFFC
800004
800004
800004
800004
800004
800004
800004
800004
81FE04
800004
800004
81FE04
81FE04
800004
800004
800004
800004
800004
800004
80000C
FFFFF8
ENDCHAR
STARTCHAR E155
ENCODING 57685
SWIDTH 1440 0
DWIDTH 24 0
BBX 22 22 1 -5
BITMAP
FFFFFC
800004
800004
800004
800004
800004
800004
802004
802004
802004
81FE04
81FE04
802004
802004
802004
800004
800004
800004
800004
800004
80000C
FFFFF8
ENDCHAR
STARTCHAR E156
ENCODING 57686
SWIDTH 1440 0
DWIDTH 24 0
BBX 22 22 1 -5
BITMAP
FFFFFC
800004
800004
800004
800004
800004
800004
800004
800004
800004
81FE04
81FE04
800004
800004
800004
800004
800004
800004
800004
800004
80000C
FFFFF8
ENDCHAR
STARTCHAR E157
ENCODING 57687
SWIDTH 1440 0
DWIDTH 24 0
BBX 22 22 1 -5
BITMAP
FFFFFC
800004
800004
800004
800004
800004
800004
810404
818604
80C804
807004
803004
805804
808C04
810604
800004
800004
800004
800004
800004
80000C
FFFFF8
ENDCHAR
STARTCHAR E158
ENCODING 57688
SWIDTH 1440 0
DWIDTH 24 0
BBX 22 22 1 -5
BITMAP
FFFFFC
800004
800004
800004
800004
800004
800004
803004
803004
800004
81FE04
81FE04
800004
803004
803004
800004
800004
800004
800004
800004
80000C
FFFFF8
ENDCHAR
STARTCHAR E159
ENCODING 57689
SWIDTH 1440 0
DWIDTH 24 0
BBX 22 22 1 -5
BITMAP
FFFFFC
800004
800004
800004
800004
803004
807804
80EC04
81A604
872304
822104
802004
802004
802004
802004
802004
802004
800004
800004
800004
80000C
FFFFF8
ENDCHAR
STARTCHAR E15A
ENCODING 57690
SWIDTH 1440 0
DWIDTH 24 0
BBX 22 22 1 -5
BITMAP
FFFFFC
800004
800004
800004
800004
802004
802004
802004
802004
802004
802004
862104
832204
81A404
80E804
807004
802004
800004
800004
800004
80000C
FFFFF8
ENDCHAR
STARTCHAR E15B
ENCODING 57691
SWIDTH 1440 0
DWIDTH 24 0
BBX 22 22 1 -5
BITMAP
FFFFFC
800004
800004
800004
800004
802004
806004
80C004
818004
830004
87FF84
820004
810004
808004
804004
802004
800004
800004
800004
800004
80000C
FFFFF8
ENDCHAR
STARTCHAR E15C
ENCODING 57692
SWIDTH 1440 0
DWIDTH 24 0
BBX 22 22 1 -5
BITMAP
FFFFFC
800004
800004
800004
800004
801004
801804
800C04
800604
800304
87FF84
800304
800604
800C04
801804
801004
800004
800004
800004
800004
80000C
FFFFF8
ENDCHAR
STARTCHAR E15D
ENCODING 57693
SWIDTH 1440 0
DWIDTH 24 0
BBX 22 22 1 -5
BITMAP
FFFFFC
800004
800004
800004
800004
800004
800004
800084
800104
800204
820404
860804
831004
81A004
80C004
804004
800004
800004
800004
800004
80000C
FFFFF8
ENDCHAR
STARTCHAR E15E
ENCODING 57694
SWIDTH 1440 0
DWIDTH 24 0
BBX 22 22 1 -5
BITMAP
FFFFFC
800004
800004
800004
800004
800004
810204
818604
80CC04
807804
803004
807804
80CC04
818604
810204
800004
800004
800004
800004
800004
80000C
FFFFF8
ENDCHAR
STARTCHAR F6C3
ENCODING 63171
SWIDTH 0 0
DWIDTH 0 0
BBX 2 3 1 -4
BITMAP
C0
C0
80
ENDCHAR
STARTCHAR FE20
ENCODING 65056
SWIDTH 0 0
DWIDTH 0 0
BBX 6 3 -6 10
BITMAP
0C
7C
C0
ENDCHAR
STARTCHAR FE21
ENCODING 65057
SWIDTH 0 0
DWIDTH 0 0
BBX 6 3 0 10
BITMAP
C0
F8
0C
ENDCHAR
STARTCHAR FE22
ENCODING 65058
SWIDTH 0 0
DWIDTH 0 0
BBX 9 3 -9 9
BITMAP
1C00
7F80
C000
ENDCHAR
STARTCHAR FE23
ENCODING 65059
SWIDTH 0 0
DWIDTH 0 0
BBX 9 2 0 10
BITMAP
0080
FF00
ENDCHAR
STARTCHAR FE24
ENCODING 65060
SWIDTH 0 0
DWIDTH 0 0
BBX 5 1 -5 11
BITMAP
F8
ENDCHAR
STARTCHAR FE25
ENCODING 65061
SWIDTH 0 0
DWIDTH 0 0
BBX 4 1 -9 11
BITMAP
F0
ENDCHAR
STARTCHAR FE26
ENCODING 65062
SWIDTH 0 0
DWIDTH 0 0
BBX 9 1 -9 11
BITMAP
FF80
ENDCHAR
STARTCHAR FE27
ENCODING 65063
SWIDTH 0 0
DWIDTH 0 0
BBX 6 2 -6 -3
BITMAP
C0
3C
ENDCHAR
STARTCHAR FE28
ENCODING 65064
SWIDTH 0 0
DWIDTH 0 0
BBX 6 2 0 -3
BITMAP
0C
F0
ENDCHAR
STARTCHAR FE29
ENCODING 65065
SWIDTH 0 0
DWIDTH 0 0
BBX 9 3 -9 -4
BITMAP
1C00
7F80
C000
ENDCHAR
STARTCHAR FE2A
ENCODING 65066
SWIDTH 0 0
DWIDTH 0 0
BBX 9 2 0 -3
BITMAP
0080
FF00
ENDCHAR
STARTCHAR FE2B
ENCODING 65067
SWIDTH 0 0
DWIDTH 0 0
BBX 5 1 -5 -2
BITMAP
F8
ENDCHAR
STARTCHAR FE2C
ENCODING 65068
SWIDTH 0 0
DWIDTH 0 0
BBX 4 1 -9 -2
BITMAP
F0
ENDCHAR
STARTCHAR FE2D
ENCODING 65069
SWIDTH 0 0
DWIDTH 0 0
BBX 9 1 -9 -2
BITMAP
FF80
ENDCHAR
STARTCHAR FEFF
ENCODING 65279
SWIDTH 0 0
DWIDTH 0 0
BBX 0 0 0 0
BITMAP
ENDCHAR
ENDFONT
